  zero           4/4 clips
  one            8/8 clips
  two            6/6 clips
  three          7/7 clips
  four           5/5 clips
  five           5/5 clips
  six            6/6 clips
  seven          6/6 clips
  eight          6/6 clips
  nine           5/5 clips
  ten            5/5 clips
  cool           16/16 clips
  thin           16/16 clips
  cousin         14/14 clips
  accident       13/13 clips
  bed            13/13 clips
  bowling        13/13 clips
  candy          13/13 clips
  short          13/13 clips
  tall           13/13 clips
  thanksgiving   13/13 clips
  trade          13/13 clips
  basketball     12/12 clips
  change         12/12 clips
  corn           12/12 clips
  dark           12/12 clips
  last           12/12 clips
  pizza          12/12 clips
  shirt          12/12 clips
  apple          11/11 clips
  bar            11/11 clips
  champion       11/11 clips
  check          11/11 clips
  delay          11/11 clips
  dog            11/11 clips
  environment    11/11 clips
  example        11/11 clips
  far            11/11 clips
  laugh          11/11 clips
  leave          11/11 clips
  letter         11/11 clips
  play           11/11 clips
  room           11/11 clips
  score          11/11 clips
  thursday       11/11 clips
  walk           11/11 clips
  appointment    10/10 clips
  argue          10/10 clips
  balance        10/10 clips
  because        10/10 clips
  bird           10/10 clips
  black          10/10 clips
  blanket        10/10 clips
  cheat          10/10 clips
  convince       10/10 clips
  cry            10/10 clips
  delicious      10/10 clips
  fat            10/10 clips
  fish           10/10 clips
  full           10/10 clips
  government     10/10 clips
  graduate       10/10 clips
  interest       10/10 clips
  many           10/10 clips
  move           10/10 clips
  orange         10/10 clips
  order          10/10 clips
  perspective    10/10 clips
  ready          10/10 clips
  sandwich       10/10 clips
  secretary      10/10 clips
  silly          10/10 clips
  snow           10/10 clips
  speech         10/10 clips
  sweet          10/10 clips
  tell           10/10 clips
  theory         10/10 clips
  toast          10/10 clips
  white          10/10 clips
  year           10/10 clips
  add            9/9 clips
  africa         9/9 clips
  ago            9/9 clips
  alone          9/9 clips
  animal         9/9 clips
  australia      9/9 clips
  ball           9/9 clips
  balloon        9/9 clips
  banana         9/9 clips
  barely         9/9 clips
  beard          9/9 clips
  big            9/9 clips
  buy            9/9 clips
  california     9/9 clips
  can            9/9 clips
    failed data/data_109/65307.mp4: ('Connection aborted.', RemoteDisconnected('Remote end closed connection without response'))
  careful        8/9 clips
    failed data/data_15/09305.mp4: HTTPSConnectionPool(host='huggingface.co', port=443): Max retries exceeded with url: /datasets/Voxel51/WLASL/resolve/main/data/data_15/09305.mp4 (Caused by NameResolutionError("HTTPSConnection(host='huggingface.co', port=443): Failed to resolve 'huggingface.co' ([Errno 11001] getaddrinfo failed)"))
    failed data/data_15/09306.mp4: HTTPSConnectionPool(host='huggingface.co', port=443): Max retries exceeded with url: /datasets/Voxel51/WLASL/resolve/main/data/data_15/09306.mp4 (Caused by NameResolutionError("HTTPSConnection(host='huggingface.co', port=443): Failed to resolve 'huggingface.co' ([Errno 11001] getaddrinfo failed)"))
    failed data/data_15/09307.mp4: HTTPSConnectionPool(host='huggingface.co', port=443): Max retries exceeded with url: /datasets/Voxel51/WLASL/resolve/main/data/data_15/09307.mp4 (Caused by NameResolutionError("HTTPSConnection(host='huggingface.co', port=443): Failed to resolve 'huggingface.co' ([Errno 11001] getaddrinfo failed)"))
    failed data/data_15/09308.mp4: HTTPSConnectionPool(host='huggingface.co', port=443): Max retries exceeded with url: /datasets/Voxel51/WLASL/resolve/main/data/data_15/09308.mp4 (Caused by NameResolutionError("HTTPSConnection(host='huggingface.co', port=443): Failed to resolve 'huggingface.co' ([Errno 11001] getaddrinfo failed)"))
    failed data/data_15/09309.mp4: HTTPSConnectionPool(host='huggingface.co', port=443): Max retries exceeded with url: /datasets/Voxel51/WLASL/resolve/main/data/data_15/09309.mp4 (Caused by NameResolutionError("HTTPSConnection(host='huggingface.co', port=443): Failed to resolve 'huggingface.co' ([Errno 11001] getaddrinfo failed)"))
    failed data/data_15/09310.mp4: HTTPSConnectionPool(host='huggingface.co', port=443): Max retries exceeded with url: /datasets/Voxel51/WLASL/resolve/main/data/data_15/09310.mp4 (Caused by NameResolutionError("HTTPSConnection(host='huggingface.co', port=443): Failed to resolve 'huggingface.co' ([Errno 11001] getaddrinfo failed)"))
    failed data/data_15/09311.mp4: HTTPSConnectionPool(host='huggingface.co', port=443): Max retries exceeded with url: /datasets/Voxel51/WLASL/resolve/main/data/data_15/09311.mp4 (Caused by NameResolutionError("HTTPSConnection(host='huggingface.co', port=443): Failed to resolve 'huggingface.co' ([Errno 11001] getaddrinfo failed)"))
    failed data/data_109/65308.mp4: HTTPSConnectionPool(host='huggingface.co', port=443): Max retries exceeded with url: /datasets/Voxel51/WLASL/resolve/main/data/data_109/65308.mp4 (Caused by NameResolutionError("HTTPSConnection(host='huggingface.co', port=443): Failed to resolve 'huggingface.co' ([Errno 11001] getaddrinfo failed)"))
    failed data/data_117/69259.mp4: HTTPSConnectionPool(host='huggingface.co', port=443): Max retries exceeded with url: /datasets/Voxel51/WLASL/resolve/main/data/data_117/69259.mp4 (Caused by NameResolutionError("HTTPSConnection(host='huggingface.co', port=443): Failed to resolve 'huggingface.co' ([Errno 11001] getaddrinfo failed)"))
  carrot         0/9 clips
    failed data/data_16/09457.mp4: HTTPSConnectionPool(host='huggingface.co', port=443): Max retries exceeded with url: /datasets/Voxel51/WLASL/resolve/main/data/data_16/09457.mp4 (Caused by NameResolutionError("HTTPSConnection(host='huggingface.co', port=443): Failed to resolve 'huggingface.co' ([Errno 11001] getaddrinfo failed)"))
    failed data/data_16/09458.mp4: HTTPSConnectionPool(host='huggingface.co', port=443): Max retries exceeded with url: /datasets/Voxel51/WLASL/resolve/main/data/data_16/09458.mp4 (Caused by NameResolutionError("HTTPSConnection(host='huggingface.co', port=443): Failed to resolve 'huggingface.co' ([Errno 11001] getaddrinfo failed)"))
    failed data/data_16/09459.mp4: HTTPSConnectionPool(host='huggingface.co', port=443): Max retries exceeded with url: /datasets/Voxel51/WLASL/resolve/main/data/data_16/09459.mp4 (Caused by NameResolutionError("HTTPSConnection(host='huggingface.co', port=443): Failed to resolve 'huggingface.co' ([Errno 11001] getaddrinfo failed)"))
    failed data/data_16/09461.mp4: HTTPSConnectionPool(host='huggingface.co', port=443): Max retries exceeded with url: /datasets/Voxel51/WLASL/resolve/main/data/data_16/09461.mp4 (Caused by NameResolutionError("HTTPSConnection(host='huggingface.co', port=443): Failed to resolve 'huggingface.co' ([Errno 11001] getaddrinfo failed)"))
    failed data/data_16/09467.mp4: HTTPSConnectionPool(host='huggingface.co', port=443): Max retries exceeded with url: /datasets/Voxel51/WLASL/resolve/main/data/data_16/09467.mp4 (Caused by NameResolutionError("HTTPSConnection(host='huggingface.co', port=443): Failed to resolve 'huggingface.co' ([Errno 11001] getaddrinfo failed)"))
    failed data/data_16/09468.mp4: HTTPSConnectionPool(host='huggingface.co', port=443): Max retries exceeded with url: /datasets/Voxel51/WLASL/resolve/main/data/data_16/09468.mp4 (Caused by NameResolutionError("HTTPSConnection(host='huggingface.co', port=443): Failed to resolve 'huggingface.co' ([Errno 11001] getaddrinfo failed)"))
    failed data/data_16/09473.mp4: HTTPSConnectionPool(host='huggingface.co', port=443): Max retries exceeded with url: /datasets/Voxel51/WLASL/resolve/main/data/data_16/09473.mp4 (Caused by NameResolutionError("HTTPSConnection(host='huggingface.co', port=443): Failed to resolve 'huggingface.co' ([Errno 11001] getaddrinfo failed)"))
    failed data/data_109/65314.mp4: HTTPSConnectionPool(host='huggingface.co', port=443): Max retries exceeded with url: /datasets/Voxel51/WLASL/resolve/main/data/data_109/65314.mp4 (Caused by NameResolutionError("HTTPSConnection(host='huggingface.co', port=443): Failed to resolve 'huggingface.co' ([Errno 11001] getaddrinfo failed)"))
    failed data/data_117/69262.mp4: HTTPSConnectionPool(host='huggingface.co', port=443): Max retries exceeded with url: /datasets/Voxel51/WLASL/resolve/main/data/data_117/69262.mp4 (Caused by NameResolutionError("HTTPSConnection(host='huggingface.co', port=443): Failed to resolve 'huggingface.co' ([Errno 11001] getaddrinfo failed)"))
  catch          0/9 clips
    failed data/data_16/09525.mp4: HTTPSConnectionPool(host='huggingface.co', port=443): Max retries exceeded with url: /datasets/Voxel51/WLASL/resolve/main/data/data_16/09525.mp4 (Caused by NameResolutionError("HTTPSConnection(host='huggingface.co', port=443): Failed to resolve 'huggingface.co' ([Errno 11001] getaddrinfo failed)"))
    failed data/data_16/09526.mp4: HTTPSConnectionPool(host='huggingface.co', port=443): Max retries exceeded with url: /datasets/Voxel51/WLASL/resolve/main/data/data_16/09526.mp4 (Caused by NameResolutionError("HTTPSConnection(host='huggingface.co', port=443): Failed to resolve 'huggingface.co' ([Errno 11001] getaddrinfo failed)"))
    failed data/data_16/09528.mp4: HTTPSConnectionPool(host='huggingface.co', port=443): Max retries exceeded with url: /datasets/Voxel51/WLASL/resolve/main/data/data_16/09528.mp4 (Caused by NameResolutionError("HTTPSConnection(host='huggingface.co', port=443): Failed to resolve 'huggingface.co' ([Errno 11001] getaddrinfo failed)"))
    failed data/data_16/09532.mp4: HTTPSConnectionPool(host='huggingface.co', port=443): Max retries exceeded with url: /datasets/Voxel51/WLASL/resolve/main/data/data_16/09532.mp4 (Caused by NameResolutionError("HTTPSConnection(host='huggingface.co', port=443): Failed to resolve 'huggingface.co' ([Errno 11001] getaddrinfo failed)"))
    failed data/data_16/09533.mp4: HTTPSConnectionPool(host='huggingface.co', port=443): Max retries exceeded with url: /datasets/Voxel51/WLASL/resolve/main/data/data_16/09533.mp4 (Caused by NameResolutionError("HTTPSConnection(host='huggingface.co', port=443): Failed to resolve 'huggingface.co' ([Errno 11001] getaddrinfo failed)"))
    failed data/data_16/09538.mp4: HTTPSConnectionPool(host='huggingface.co', port=443): Max retries exceeded with url: /datasets/Voxel51/WLASL/resolve/main/data/data_16/09538.mp4 (Caused by NameResolutionError("HTTPSConnection(host='huggingface.co', port=443): Failed to resolve 'huggingface.co' ([Errno 11001] getaddrinfo failed)"))
    failed data/data_109/65312.mp4: HTTPSConnectionPool(host='huggingface.co', port=443): Max retries exceeded with url: /datasets/Voxel51/WLASL/resolve/main/data/data_109/65312.mp4 (Caused by NameResolutionError("HTTPSConnection(host='huggingface.co', port=443): Failed to resolve 'huggingface.co' ([Errno 11001] getaddrinfo failed)"))
    failed data/data_109/65313.mp4: HTTPSConnectionPool(host='huggingface.co', port=443): Max retries exceeded with url: /datasets/Voxel51/WLASL/resolve/main/data/data_109/65313.mp4 (Caused by NameResolutionError("HTTPSConnection(host='huggingface.co', port=443): Failed to resolve 'huggingface.co' ([Errno 11001] getaddrinfo failed)"))
    failed data/data_117/69261.mp4: HTTPSConnectionPool(host='huggingface.co', port=443): Max retries exceeded with url: /datasets/Voxel51/WLASL/resolve/main/data/data_117/69261.mp4 (Caused by NameResolutionError("HTTPSConnection(host='huggingface.co', port=443): Failed to resolve 'huggingface.co' ([Errno 11001] getaddrinfo failed)"))
  cat            0/9 clips
    failed data/data_17/10102.mp4: HTTPSConnectionPool(host='huggingface.co', port=443): Max retries exceeded with url: /datasets/Voxel51/WLASL/resolve/main/data/data_17/10102.mp4 (Caused by NameResolutionError("HTTPSConnection(host='huggingface.co', port=443): Failed to resolve 'huggingface.co' ([Errno 11001] getaddrinfo failed)"))
    failed data/data_17/10104.mp4: HTTPSConnectionPool(host='huggingface.co', port=443): Max retries exceeded with url: /datasets/Voxel51/WLASL/resolve/main/data/data_17/10104.mp4 (Caused by NameResolutionError("HTTPSConnection(host='huggingface.co', port=443): Failed to resolve 'huggingface.co' ([Errno 11001] getaddrinfo failed)"))
    failed data/data_17/10105.mp4: HTTPSConnectionPool(host='huggingface.co', port=443): Max retries exceeded with url: /datasets/Voxel51/WLASL/resolve/main/data/data_17/10105.mp4 (Caused by NameResolutionError("HTTPSConnection(host='huggingface.co', port=443): Failed to resolve 'huggingface.co' ([Errno 11001] getaddrinfo failed)"))
    failed data/data_17/10106.mp4: HTTPSConnectionPool(host='huggingface.co', port=443): Max retries exceeded with url: /datasets/Voxel51/WLASL/resolve/main/data/data_17/10106.mp4 (Caused by NameResolutionError("HTTPSConnection(host='huggingface.co', port=443): Failed to resolve 'huggingface.co' ([Errno 11001] getaddrinfo failed)"))
    failed data/data_17/10107.mp4: HTTPSConnectionPool(host='huggingface.co', port=443): Max retries exceeded with url: /datasets/Voxel51/WLASL/resolve/main/data/data_17/10107.mp4 (Caused by NameResolutionError("HTTPSConnection(host='huggingface.co', port=443): Failed to resolve 'huggingface.co' ([Errno 11001] getaddrinfo failed)"))
    failed data/data_17/10109.mp4: HTTPSConnectionPool(host='huggingface.co', port=443): Max retries exceeded with url: /datasets/Voxel51/WLASL/resolve/main/data/data_17/10109.mp4 (Caused by NameResolutionError("HTTPSConnection(host='huggingface.co', port=443): Failed to resolve 'huggingface.co' ([Errno 11001] getaddrinfo failed)"))
    failed data/data_17/10111.mp4: HTTPSConnectionPool(host='huggingface.co', port=443): Max retries exceeded with url: /datasets/Voxel51/WLASL/resolve/main/data/data_17/10111.mp4 (Caused by NameResolutionError("HTTPSConnection(host='huggingface.co', port=443): Failed to resolve 'huggingface.co' ([Errno 11001] getaddrinfo failed)"))
    failed data/data_17/10112.mp4: HTTPSConnectionPool(host='huggingface.co', port=443): Max retries exceeded with url: /datasets/Voxel51/WLASL/resolve/main/data/data_17/10112.mp4 (Caused by NameResolutionError("HTTPSConnection(host='huggingface.co', port=443): Failed to resolve 'huggingface.co' ([Errno 11001] getaddrinfo failed)"))
    failed data/data_109/65338.mp4: HTTPSConnectionPool(host='huggingface.co', port=443): Max retries exceeded with url: /datasets/Voxel51/WLASL/resolve/main/data/data_109/65338.mp4 (Caused by NameResolutionError("HTTPSConnection(host='huggingface.co', port=443): Failed to resolve 'huggingface.co' ([Errno 11001] getaddrinfo failed)"))
  chat           0/9 clips
    failed data/data_18/10892.mp4: HTTPSConnectionPool(host='huggingface.co', port=443): Max retries exceeded with url: /datasets/Voxel51/WLASL/resolve/main/data/data_18/10892.mp4 (Caused by NameResolutionError("HTTPSConnection(host='huggingface.co', port=443): Failed to resolve 'huggingface.co' ([Errno 11001] getaddrinfo failed)"))
    failed data/data_18/10893.mp4: HTTPSConnectionPool(host='huggingface.co', port=443): Max retries exceeded with url: /datasets/Voxel51/WLASL/resolve/main/data/data_18/10893.mp4 (Caused by NameResolutionError("HTTPSConnection(host='huggingface.co', port=443): Failed to resolve 'huggingface.co' ([Errno 11001] getaddrinfo failed)"))
    failed data/data_18/10894.mp4: HTTPSConnectionPool(host='huggingface.co', port=443): Max retries exceeded with url: /datasets/Voxel51/WLASL/resolve/main/data/data_18/10894.mp4 (Caused by NameResolutionError("HTTPSConnection(host='huggingface.co', port=443): Failed to resolve 'huggingface.co' ([Errno 11001] getaddrinfo failed)"))
    failed data/data_18/10895.mp4: HTTPSConnectionPool(host='huggingface.co', port=443): Max retries exceeded with url: /datasets/Voxel51/WLASL/resolve/main/data/data_18/10895.mp4 (Caused by NameResolutionError("HTTPSConnection(host='huggingface.co', port=443): Failed to resolve 'huggingface.co' ([Errno 11001] getaddrinfo failed)"))
    failed data/data_18/10898.mp4: HTTPSConnectionPool(host='huggingface.co', port=443): Max retries exceeded with url: /datasets/Voxel51/WLASL/resolve/main/data/data_18/10898.mp4 (Caused by NameResolutionError("HTTPSConnection(host='huggingface.co', port=443): Failed to resolve 'huggingface.co' ([Errno 11001] getaddrinfo failed)"))
    failed data/data_18/10904.mp4: HTTPSConnectionPool(host='huggingface.co', port=443): Max retries exceeded with url: /datasets/Voxel51/WLASL/resolve/main/data/data_18/10904.mp4 (Caused by NameResolutionError("HTTPSConnection(host='huggingface.co', port=443): Failed to resolve 'huggingface.co' ([Errno 11001] getaddrinfo failed)"))
    failed data/data_109/65362.mp4: HTTPSConnectionPool(host='huggingface.co', port=443): Max retries exceeded with url: /datasets/Voxel51/WLASL/resolve/main/data/data_109/65362.mp4 (Caused by NameResolutionError("HTTPSConnection(host='huggingface.co', port=443): Failed to resolve 'huggingface.co' ([Errno 11001] getaddrinfo failed)"))
    failed data/data_109/65363.mp4: HTTPSConnectionPool(host='huggingface.co', port=443): Max retries exceeded with url: /datasets/Voxel51/WLASL/resolve/main/data/data_109/65363.mp4 (Caused by NameResolutionError("HTTPSConnection(host='huggingface.co', port=443): Failed to resolve 'huggingface.co' ([Errno 11001] getaddrinfo failed)"))
    failed data/data_118/69269.mp4: HTTPSConnectionPool(host='huggingface.co', port=443): Max retries exceeded with url: /datasets/Voxel51/WLASL/resolve/main/data/data_118/69269.mp4 (Caused by NameResolutionError("HTTPSConnection(host='huggingface.co', port=443): Failed to resolve 'huggingface.co' ([Errno 11001] getaddrinfo failed)"))
  city           0/9 clips
    failed data/data_18/10967.mp4: HTTPSConnectionPool(host='huggingface.co', port=443): Max retries exceeded with url: /datasets/Voxel51/WLASL/resolve/main/data/data_18/10967.mp4 (Caused by NameResolutionError("HTTPSConnection(host='huggingface.co', port=443): Failed to resolve 'huggingface.co' ([Errno 11001] getaddrinfo failed)"))
    failed data/data_18/10968.mp4: HTTPSConnectionPool(host='huggingface.co', port=443): Max retries exceeded with url: /datasets/Voxel51/WLASL/resolve/main/data/data_18/10968.mp4 (Caused by NameResolutionError("HTTPSConnection(host='huggingface.co', port=443): Failed to resolve 'huggingface.co' ([Errno 11001] getaddrinfo failed)"))
    failed data/data_18/10969.mp4: HTTPSConnectionPool(host='huggingface.co', port=443): Max retries exceeded with url: /datasets/Voxel51/WLASL/resolve/main/data/data_18/10969.mp4 (Caused by NameResolutionError("HTTPSConnection(host='huggingface.co', port=443): Failed to resolve 'huggingface.co' ([Errno 11001] getaddrinfo failed)"))
    failed data/data_18/10970.mp4: HTTPSConnectionPool(host='huggingface.co', port=443): Max retries exceeded with url: /datasets/Voxel51/WLASL/resolve/main/data/data_18/10970.mp4 (Caused by NameResolutionError("HTTPSConnection(host='huggingface.co', port=443): Failed to resolve 'huggingface.co' ([Errno 11001] getaddrinfo failed)"))
    failed data/data_18/10972.mp4: HTTPSConnectionPool(host='huggingface.co', port=443): Max retries exceeded with url: /datasets/Voxel51/WLASL/resolve/main/data/data_18/10972.mp4 (Caused by NameResolutionError("HTTPSConnection(host='huggingface.co', port=443): Failed to resolve 'huggingface.co' ([Errno 11001] getaddrinfo failed)"))
    failed data/data_18/10973.mp4: HTTPSConnectionPool(host='huggingface.co', port=443): Max retries exceeded with url: /datasets/Voxel51/WLASL/resolve/main/data/data_18/10973.mp4 (Caused by NameResolutionError("HTTPSConnection(host='huggingface.co', port=443): Failed to resolve 'huggingface.co' ([Errno 11001] getaddrinfo failed)"))
    failed data/data_18/10976.mp4: HTTPSConnectionPool(host='huggingface.co', port=443): Max retries exceeded with url: /datasets/Voxel51/WLASL/resolve/main/data/data_18/10976.mp4 (Caused by NameResolutionError("HTTPSConnection(host='huggingface.co', port=443): Failed to resolve 'huggingface.co' ([Errno 11001] getaddrinfo failed)"))
    failed data/data_109/65364.mp4: HTTPSConnectionPool(host='huggingface.co', port=443): Max retries exceeded with url: /datasets/Voxel51/WLASL/resolve/main/data/data_109/65364.mp4 (Caused by NameResolutionError("HTTPSConnection(host='huggingface.co', port=443): Failed to resolve 'huggingface.co' ([Errno 11001] getaddrinfo failed)"))
    failed data/data_118/69270.mp4: HTTPSConnectionPool(host='huggingface.co', port=443): Max retries exceeded with url: /datasets/Voxel51/WLASL/resolve/main/data/data_118/69270.mp4 (Caused by NameResolutionError("HTTPSConnection(host='huggingface.co', port=443): Failed to resolve 'huggingface.co' ([Errno 11001] getaddrinfo failed)"))
  class          0/9 clips
    failed data/data_23/13350.mp4: HTTPSConnectionPool(host='huggingface.co', port=443): Max retries exceeded with url: /datasets/Voxel51/WLASL/resolve/main/data/data_23/13350.mp4 (Caused by NameResolutionError("HTTPSConnection(host='huggingface.co', port=443): Failed to resolve 'huggingface.co' ([Errno 11001] getaddrinfo failed)"))
    failed data/data_23/13351.mp4: HTTPSConnectionPool(host='huggingface.co', port=443): Max retries exceeded with url: /datasets/Voxel51/WLASL/resolve/main/data/data_23/13351.mp4 (Caused by NameResolutionError("HTTPSConnection(host='huggingface.co', port=443): Failed to resolve 'huggingface.co' ([Errno 11001] getaddrinfo failed)"))
    failed data/data_23/13352.mp4: HTTPSConnectionPool(host='huggingface.co', port=443): Max retries exceeded with url: /datasets/Voxel51/WLASL/resolve/main/data/data_23/13352.mp4 (Caused by NameResolutionError("HTTPSConnection(host='huggingface.co', port=443): Failed to resolve 'huggingface.co' ([Errno 11001] getaddrinfo failed)"))
    failed data/data_23/13354.mp4: HTTPSConnectionPool(host='huggingface.co', port=443): Max retries exceeded with url: /datasets/Voxel51/WLASL/resolve/main/data/data_23/13354.mp4 (Caused by NameResolutionError("HTTPSConnection(host='huggingface.co', port=443): Failed to resolve 'huggingface.co' ([Errno 11001] getaddrinfo failed)"))
    failed data/data_23/13355.mp4: HTTPSConnectionPool(host='huggingface.co', port=443): Max retries exceeded with url: /datasets/Voxel51/WLASL/resolve/main/data/data_23/13355.mp4 (Caused by NameResolutionError("HTTPSConnection(host='huggingface.co', port=443): Failed to resolve 'huggingface.co' ([Errno 11001] getaddrinfo failed)"))
    failed data/data_23/13356.mp4: HTTPSConnectionPool(host='huggingface.co', port=443): Max retries exceeded with url: /datasets/Voxel51/WLASL/resolve/main/data/data_23/13356.mp4 (Caused by NameResolutionError("HTTPSConnection(host='huggingface.co', port=443): Failed to resolve 'huggingface.co' ([Errno 11001] getaddrinfo failed)"))
    failed data/data_23/13358.mp4: HTTPSConnectionPool(host='huggingface.co', port=443): Max retries exceeded with url: /datasets/Voxel51/WLASL/resolve/main/data/data_23/13358.mp4 (Caused by NameResolutionError("HTTPSConnection(host='huggingface.co', port=443): Failed to resolve 'huggingface.co' ([Errno 11001] getaddrinfo failed)"))
    failed data/data_23/13359.mp4: HTTPSConnectionPool(host='huggingface.co', port=443): Max retries exceeded with url: /datasets/Voxel51/WLASL/resolve/main/data/data_23/13359.mp4 (Caused by NameResolutionError("HTTPSConnection(host='huggingface.co', port=443): Failed to resolve 'huggingface.co' ([Errno 11001] getaddrinfo failed)"))
    failed data/data_109/65410.mp4: HTTPSConnectionPool(host='huggingface.co', port=443): Max retries exceeded with url: /datasets/Voxel51/WLASL/resolve/main/data/data_109/65410.mp4 (Caused by NameResolutionError("HTTPSConnection(host='huggingface.co', port=443): Failed to resolve 'huggingface.co' ([Errno 11001] getaddrinfo failed)"))
  correct        0/9 clips
    failed data/data_23/13543.mp4: HTTPSConnectionPool(host='huggingface.co', port=443): Max retries exceeded with url: /datasets/Voxel51/WLASL/resolve/main/data/data_23/13543.mp4 (Caused by NameResolutionError("HTTPSConnection(host='huggingface.co', port=443): Failed to resolve 'huggingface.co' ([Errno 11001] getaddrinfo failed)"))
    failed data/data_23/13544.mp4: HTTPSConnectionPool(host='huggingface.co', port=443): Max retries exceeded with url: /datasets/Voxel51/WLASL/resolve/main/data/data_23/13544.mp4 (Caused by NameResolutionError("HTTPSConnection(host='huggingface.co', port=443): Failed to resolve 'huggingface.co' ([Errno 11001] getaddrinfo failed)"))
    failed data/data_23/13545.mp4: HTTPSConnectionPool(host='huggingface.co', port=443): Max retries exceeded with url: /datasets/Voxel51/WLASL/resolve/main/data/data_23/13545.mp4 (Caused by NameResolutionError("HTTPSConnection(host='huggingface.co', port=443): Failed to resolve 'huggingface.co' ([Errno 11001] getaddrinfo failed)"))
    failed data/data_23/13546.mp4: HTTPSConnectionPool(host='huggingface.co', port=443): Max retries exceeded with url: /datasets/Voxel51/WLASL/resolve/main/data/data_23/13546.mp4 (Caused by NameResolutionError("HTTPSConnection(host='huggingface.co', port=443): Failed to resolve 'huggingface.co' ([Errno 11001] getaddrinfo failed)"))
    failed data/data_23/13549.mp4: HTTPSConnectionPool(host='huggingface.co', port=443): Max retries exceeded with url: /datasets/Voxel51/WLASL/resolve/main/data/data_23/13549.mp4 (Caused by NameResolutionError("HTTPSConnection(host='huggingface.co', port=443): Failed to resolve 'huggingface.co' ([Errno 11001] getaddrinfo failed)"))
    failed data/data_23/13550.mp4: HTTPSConnectionPool(host='huggingface.co', port=443): Max retries exceeded with url: /datasets/Voxel51/WLASL/resolve/main/data/data_23/13550.mp4 (Caused by NameResolutionError("HTTPSConnection(host='huggingface.co', port=443): Failed to resolve 'huggingface.co' ([Errno 11001] getaddrinfo failed)"))
    failed data/data_23/13554.mp4: HTTPSConnectionPool(host='huggingface.co', port=443): Max retries exceeded with url: /datasets/Voxel51/WLASL/resolve/main/data/data_23/13554.mp4 (Caused by NameResolutionError("HTTPSConnection(host='huggingface.co', port=443): Failed to resolve 'huggingface.co' ([Errno 11001] getaddrinfo failed)"))
    failed data/data_23/13555.mp4: HTTPSConnectionPool(host='huggingface.co', port=443): Max retries exceeded with url: /datasets/Voxel51/WLASL/resolve/main/data/data_23/13555.mp4 (Caused by NameResolutionError("HTTPSConnection(host='huggingface.co', port=443): Failed to resolve 'huggingface.co' ([Errno 11001] getaddrinfo failed)"))
    failed data/data_109/65414.mp4: HTTPSConnectionPool(host='huggingface.co', port=443): Max retries exceeded with url: /datasets/Voxel51/WLASL/resolve/main/data/data_109/65414.mp4 (Caused by NameResolutionError("HTTPSConnection(host='huggingface.co', port=443): Failed to resolve 'huggingface.co' ([Errno 11001] getaddrinfo failed)"))
  country        0/9 clips
    failed data/data_23/13695.mp4: HTTPSConnectionPool(host='huggingface.co', port=443): Max retries exceeded with url: /datasets/Voxel51/WLASL/resolve/main/data/data_23/13695.mp4 (Caused by NameResolutionError("HTTPSConnection(host='huggingface.co', port=443): Failed to resolve 'huggingface.co' ([Errno 11001] getaddrinfo failed)"))
    failed data/data_23/13696.mp4: HTTPSConnectionPool(host='huggingface.co', port=443): Max retries exceeded with url: /datasets/Voxel51/WLASL/resolve/main/data/data_23/13696.mp4 (Caused by NameResolutionError("HTTPSConnection(host='huggingface.co', port=443): Failed to resolve 'huggingface.co' ([Errno 11001] getaddrinfo failed)"))
    failed data/data_23/13697.mp4: HTTPSConnectionPool(host='huggingface.co', port=443): Max retries exceeded with url: /datasets/Voxel51/WLASL/resolve/main/data/data_23/13697.mp4 (Caused by NameResolutionError("HTTPSConnection(host='huggingface.co', port=443): Failed to resolve 'huggingface.co' ([Errno 11001] getaddrinfo failed)"))
    failed data/data_23/13698.mp4: HTTPSConnectionPool(host='huggingface.co', port=443): Max retries exceeded with url: /datasets/Voxel51/WLASL/resolve/main/data/data_23/13698.mp4 (Caused by NameResolutionError("HTTPSConnection(host='huggingface.co', port=443): Failed to resolve 'huggingface.co' ([Errno 11001] getaddrinfo failed)"))
    failed data/data_23/13699.mp4: HTTPSConnectionPool(host='huggingface.co', port=443): Max retries exceeded with url: /datasets/Voxel51/WLASL/resolve/main/data/data_23/13699.mp4 (Caused by NameResolutionError("HTTPSConnection(host='huggingface.co', port=443): Failed to resolve 'huggingface.co' ([Errno 11001] getaddrinfo failed)"))
    failed data/data_23/13702.mp4: HTTPSConnectionPool(host='huggingface.co', port=443): Max retries exceeded with url: /datasets/Voxel51/WLASL/resolve/main/data/data_23/13702.mp4 (Caused by NameResolutionError("HTTPSConnection(host='huggingface.co', port=443): Failed to resolve 'huggingface.co' ([Errno 11001] getaddrinfo failed)"))
    failed data/data_23/13703.mp4: HTTPSConnectionPool(host='huggingface.co', port=443): Max retries exceeded with url: /datasets/Voxel51/WLASL/resolve/main/data/data_23/13703.mp4 (Caused by NameResolutionError("HTTPSConnection(host='huggingface.co', port=443): Failed to resolve 'huggingface.co' ([Errno 11001] getaddrinfo failed)"))
    failed data/data_23/13710.mp4: HTTPSConnectionPool(host='huggingface.co', port=443): Max retries exceeded with url: /datasets/Voxel51/WLASL/resolve/main/data/data_23/13710.mp4 (Caused by NameResolutionError("HTTPSConnection(host='huggingface.co', port=443): Failed to resolve 'huggingface.co' ([Errno 11001] getaddrinfo failed)"))
    failed data/data_118/69283.mp4: HTTPSConnectionPool(host='huggingface.co', port=443): Max retries exceeded with url: /datasets/Voxel51/WLASL/resolve/main/data/data_118/69283.mp4 (Caused by NameResolutionError("HTTPSConnection(host='huggingface.co', port=443): Failed to resolve 'huggingface.co' ([Errno 11001] getaddrinfo failed)"))
  cow            0/9 clips
    failed data/data_23/13799.mp4: HTTPSConnectionPool(host='huggingface.co', port=443): Max retries exceeded with url: /datasets/Voxel51/WLASL/resolve/main/data/data_23/13799.mp4 (Caused by NameResolutionError("HTTPSConnection(host='huggingface.co', port=443): Failed to resolve 'huggingface.co' ([Errno 11001] getaddrinfo failed)"))
    failed data/data_23/13800.mp4: HTTPSConnectionPool(host='huggingface.co', port=443): Max retries exceeded with url: /datasets/Voxel51/WLASL/resolve/main/data/data_23/13800.mp4 (Caused by NameResolutionError("HTTPSConnection(host='huggingface.co', port=443): Failed to resolve 'huggingface.co' ([Errno 11001] getaddrinfo failed)"))
    failed data/data_23/13803.mp4: HTTPSConnectionPool(host='huggingface.co', port=443): Max retries exceeded with url: /datasets/Voxel51/WLASL/resolve/main/data/data_23/13803.mp4 (Caused by NameResolutionError("HTTPSConnection(host='huggingface.co', port=443): Failed to resolve 'huggingface.co' ([Errno 11001] getaddrinfo failed)"))
    failed data/data_23/13804.mp4: HTTPSConnectionPool(host='huggingface.co', port=443): Max retries exceeded with url: /datasets/Voxel51/WLASL/resolve/main/data/data_23/13804.mp4 (Caused by NameResolutionError("HTTPSConnection(host='huggingface.co', port=443): Failed to resolve 'huggingface.co' ([Errno 11001] getaddrinfo failed)"))
    failed data/data_23/13805.mp4: HTTPSConnectionPool(host='huggingface.co', port=443): Max retries exceeded with url: /datasets/Voxel51/WLASL/resolve/main/data/data_23/13805.mp4 (Caused by NameResolutionError("HTTPSConnection(host='huggingface.co', port=443): Failed to resolve 'huggingface.co' ([Errno 11001] getaddrinfo failed)"))
    failed data/data_23/13806.mp4: HTTPSConnectionPool(host='huggingface.co', port=443): Max retries exceeded with url: /datasets/Voxel51/WLASL/resolve/main/data/data_23/13806.mp4 (Caused by NameResolutionError("HTTPSConnection(host='huggingface.co', port=443): Failed to resolve 'huggingface.co' ([Errno 11001] getaddrinfo failed)"))
    failed data/data_23/13812.mp4: HTTPSConnectionPool(host='huggingface.co', port=443): Max retries exceeded with url: /datasets/Voxel51/WLASL/resolve/main/data/data_23/13812.mp4 (Caused by NameResolutionError("HTTPSConnection(host='huggingface.co', port=443): Failed to resolve 'huggingface.co' ([Errno 11001] getaddrinfo failed)"))
    failed data/data_24/13813.mp4: HTTPSConnectionPool(host='huggingface.co', port=443): Max retries exceeded with url: /datasets/Voxel51/WLASL/resolve/main/data/data_24/13813.mp4 (Caused by NameResolutionError("HTTPSConnection(host='huggingface.co', port=443): Failed to resolve 'huggingface.co' ([Errno 11001] getaddrinfo failed)"))
    failed data/data_118/69284.mp4: HTTPSConnectionPool(host='huggingface.co', port=443): Max retries exceeded with url: /datasets/Voxel51/WLASL/resolve/main/data/data_118/69284.mp4 (Caused by NameResolutionError("HTTPSConnection(host='huggingface.co', port=443): Failed to resolve 'huggingface.co' ([Errno 11001] getaddrinfo failed)"))
  crash          0/9 clips
    failed data/data_25/14792.mp4: HTTPSConnectionPool(host='huggingface.co', port=443): Max retries exceeded with url: /datasets/Voxel51/WLASL/resolve/main/data/data_25/14792.mp4 (Caused by NameResolutionError("HTTPSConnection(host='huggingface.co', port=443): Failed to resolve 'huggingface.co' ([Errno 11001] getaddrinfo failed)"))
    failed data/data_25/14793.mp4: HTTPSConnectionPool(host='huggingface.co', port=443): Max retries exceeded with url: /datasets/Voxel51/WLASL/resolve/main/data/data_25/14793.mp4 (Caused by NameResolutionError("HTTPSConnection(host='huggingface.co', port=443): Failed to resolve 'huggingface.co' ([Errno 11001] getaddrinfo failed)"))
    failed data/data_25/14794.mp4: HTTPSConnectionPool(host='huggingface.co', port=443): Max retries exceeded with url: /datasets/Voxel51/WLASL/resolve/main/data/data_25/14794.mp4 (Caused by NameResolutionError("HTTPSConnection(host='huggingface.co', port=443): Failed to resolve 'huggingface.co' ([Errno 11001] getaddrinfo failed)"))
    failed data/data_25/14795.mp4: HTTPSConnectionPool(host='huggingface.co', port=443): Max retries exceeded with url: /datasets/Voxel51/WLASL/resolve/main/data/data_25/14795.mp4 (Caused by NameResolutionError("HTTPSConnection(host='huggingface.co', port=443): Failed to resolve 'huggingface.co' ([Errno 11001] getaddrinfo failed)"))
    failed data/data_25/14796.mp4: HTTPSConnectionPool(host='huggingface.co', port=443): Max retries exceeded with url: /datasets/Voxel51/WLASL/resolve/main/data/data_25/14796.mp4 (Caused by NameResolutionError("HTTPSConnection(host='huggingface.co', port=443): Failed to resolve 'huggingface.co' ([Errno 11001] getaddrinfo failed)"))
    failed data/data_25/14799.mp4: HTTPSConnectionPool(host='huggingface.co', port=443): Max retries exceeded with url: /datasets/Voxel51/WLASL/resolve/main/data/data_25/14799.mp4 (Caused by NameResolutionError("HTTPSConnection(host='huggingface.co', port=443): Failed to resolve 'huggingface.co' ([Errno 11001] getaddrinfo failed)"))
    failed data/data_25/14803.mp4: HTTPSConnectionPool(host='huggingface.co', port=443): Max retries exceeded with url: /datasets/Voxel51/WLASL/resolve/main/data/data_25/14803.mp4 (Caused by NameResolutionError("HTTPSConnection(host='huggingface.co', port=443): Failed to resolve 'huggingface.co' ([Errno 11001] getaddrinfo failed)"))
    failed data/data_110/65444.mp4: HTTPSConnectionPool(host='huggingface.co', port=443): Max retries exceeded with url: /datasets/Voxel51/WLASL/resolve/main/data/data_110/65444.mp4 (Caused by NameResolutionError("HTTPSConnection(host='huggingface.co', port=443): Failed to resolve 'huggingface.co' ([Errno 11001] getaddrinfo failed)"))
    failed data/data_118/69291.mp4: HTTPSConnectionPool(host='huggingface.co', port=443): Max retries exceeded with url: /datasets/Voxel51/WLASL/resolve/main/data/data_118/69291.mp4 (Caused by NameResolutionError("HTTPSConnection(host='huggingface.co', port=443): Failed to resolve 'huggingface.co' ([Errno 11001] getaddrinfo failed)"))
  day            0/9 clips
    failed data/data_25/15032.mp4: HTTPSConnectionPool(host='huggingface.co', port=443): Max retries exceeded with url: /datasets/Voxel51/WLASL/resolve/main/data/data_25/15032.mp4 (Caused by NameResolutionError("HTTPSConnection(host='huggingface.co', port=443): Failed to resolve 'huggingface.co' ([Errno 11001] getaddrinfo failed)"))
    failed data/data_25/15033.mp4: HTTPSConnectionPool(host='huggingface.co', port=443): Max retries exceeded with url: /datasets/Voxel51/WLASL/resolve/main/data/data_25/15033.mp4 (Caused by NameResolutionError("HTTPSConnection(host='huggingface.co', port=443): Failed to resolve 'huggingface.co' ([Errno 11001] getaddrinfo failed)"))
    failed data/data_25/15034.mp4: HTTPSConnectionPool(host='huggingface.co', port=443): Max retries exceeded with url: /datasets/Voxel51/WLASL/resolve/main/data/data_25/15034.mp4 (Caused by NameResolutionError("HTTPSConnection(host='huggingface.co', port=443): Failed to resolve 'huggingface.co' ([Errno 11001] getaddrinfo failed)"))
    failed data/data_25/15035.mp4: HTTPSConnectionPool(host='huggingface.co', port=443): Max retries exceeded with url: /datasets/Voxel51/WLASL/resolve/main/data/data_25/15035.mp4 (Caused by NameResolutionError("HTTPSConnection(host='huggingface.co', port=443): Failed to resolve 'huggingface.co' ([Errno 11001] getaddrinfo failed)"))
    failed data/data_25/15037.mp4: HTTPSConnectionPool(host='huggingface.co', port=443): Max retries exceeded with url: /datasets/Voxel51/WLASL/resolve/main/data/data_25/15037.mp4 (Caused by NameResolutionError("HTTPSConnection(host='huggingface.co', port=443): Failed to resolve 'huggingface.co' ([Errno 11001] getaddrinfo failed)"))
    failed data/data_25/15038.mp4: HTTPSConnectionPool(host='huggingface.co', port=443): Max retries exceeded with url: /datasets/Voxel51/WLASL/resolve/main/data/data_25/15038.mp4 (Caused by NameResolutionError("HTTPSConnection(host='huggingface.co', port=443): Failed to resolve 'huggingface.co' ([Errno 11001] getaddrinfo failed)"))
    failed data/data_25/15043.mp4: HTTPSConnectionPool(host='huggingface.co', port=443): Max retries exceeded with url: /datasets/Voxel51/WLASL/resolve/main/data/data_25/15043.mp4 (Caused by NameResolutionError("HTTPSConnection(host='huggingface.co', port=443): Failed to resolve 'huggingface.co' ([Errno 11001] getaddrinfo failed)"))
    failed data/data_110/65449.mp4: HTTPSConnectionPool(host='huggingface.co', port=443): Max retries exceeded with url: /datasets/Voxel51/WLASL/resolve/main/data/data_110/65449.mp4 (Caused by NameResolutionError("HTTPSConnection(host='huggingface.co', port=443): Failed to resolve 'huggingface.co' ([Errno 11001] getaddrinfo failed)"))
    failed data/data_110/65450.mp4: HTTPSConnectionPool(host='huggingface.co', port=443): Max retries exceeded with url: /datasets/Voxel51/WLASL/resolve/main/data/data_110/65450.mp4 (Caused by NameResolutionError("HTTPSConnection(host='huggingface.co', port=443): Failed to resolve 'huggingface.co' ([Errno 11001] getaddrinfo failed)"))
  decide         0/9 clips
    failed data/data_25/15093.mp4: HTTPSConnectionPool(host='huggingface.co', port=443): Max retries exceeded with url: /datasets/Voxel51/WLASL/resolve/main/data/data_25/15093.mp4 (Caused by NameResolutionError("HTTPSConnection(host='huggingface.co', port=443): Failed to resolve 'huggingface.co' ([Errno 11001] getaddrinfo failed)"))
    failed data/data_25/15094.mp4: HTTPSConnectionPool(host='huggingface.co', port=443): Max retries exceeded with url: /datasets/Voxel51/WLASL/resolve/main/data/data_25/15094.mp4 (Caused by NameResolutionError("HTTPSConnection(host='huggingface.co', port=443): Failed to resolve 'huggingface.co' ([Errno 11001] getaddrinfo failed)"))
    failed data/data_25/15095.mp4: HTTPSConnectionPool(host='huggingface.co', port=443): Max retries exceeded with url: /datasets/Voxel51/WLASL/resolve/main/data/data_25/15095.mp4 (Caused by NameResolutionError("HTTPSConnection(host='huggingface.co', port=443): Failed to resolve 'huggingface.co' ([Errno 11001] getaddrinfo failed)"))
    failed data/data_25/15096.mp4: HTTPSConnectionPool(host='huggingface.co', port=443): Max retries exceeded with url: /datasets/Voxel51/WLASL/resolve/main/data/data_25/15096.mp4 (Caused by NameResolutionError("HTTPSConnection(host='huggingface.co', port=443): Failed to resolve 'huggingface.co' ([Errno 11001] getaddrinfo failed)"))
    failed data/data_26/15099.mp4: HTTPSConnectionPool(host='huggingface.co', port=443): Max retries exceeded with url: /datasets/Voxel51/WLASL/resolve/main/data/data_26/15099.mp4 (Caused by NameResolutionError("HTTPSConnection(host='huggingface.co', port=443): Failed to resolve 'huggingface.co' ([Errno 11001] getaddrinfo failed)"))
    failed data/data_26/15100.mp4: HTTPSConnectionPool(host='huggingface.co', port=443): Max retries exceeded with url: /datasets/Voxel51/WLASL/resolve/main/data/data_26/15100.mp4 (Caused by NameResolutionError("HTTPSConnection(host='huggingface.co', port=443): Failed to resolve 'huggingface.co' ([Errno 11001] getaddrinfo failed)"))
    failed data/data_26/15101.mp4: HTTPSConnectionPool(host='huggingface.co', port=443): Max retries exceeded with url: /datasets/Voxel51/WLASL/resolve/main/data/data_26/15101.mp4 (Caused by NameResolutionError("HTTPSConnection(host='huggingface.co', port=443): Failed to resolve 'huggingface.co' ([Errno 11001] getaddrinfo failed)"))
    failed data/data_26/15103.mp4: HTTPSConnectionPool(host='huggingface.co', port=443): Max retries exceeded with url: /datasets/Voxel51/WLASL/resolve/main/data/data_26/15103.mp4 (Caused by NameResolutionError("HTTPSConnection(host='huggingface.co', port=443): Failed to resolve 'huggingface.co' ([Errno 11001] getaddrinfo failed)"))
    failed data/data_110/65451.mp4: HTTPSConnectionPool(host='huggingface.co', port=443): Max retries exceeded with url: /datasets/Voxel51/WLASL/resolve/main/data/data_110/65451.mp4 (Caused by NameResolutionError("HTTPSConnection(host='huggingface.co', port=443): Failed to resolve 'huggingface.co' ([Errno 11001] getaddrinfo failed)"))
  decorate       0/9 clips
    failed data/data_28/16404.mp4: HTTPSConnectionPool(host='huggingface.co', port=443): Max retries exceeded with url: /datasets/Voxel51/WLASL/resolve/main/data/data_28/16404.mp4 (Caused by NameResolutionError("HTTPSConnection(host='huggingface.co', port=443): Failed to resolve 'huggingface.co' ([Errno 11001] getaddrinfo failed)"))
    failed data/data_28/16405.mp4: HTTPSConnectionPool(host='huggingface.co', port=443): Max retries exceeded with url: /datasets/Voxel51/WLASL/resolve/main/data/data_28/16405.mp4 (Caused by NameResolutionError("HTTPSConnection(host='huggingface.co', port=443): Failed to resolve 'huggingface.co' ([Errno 11001] getaddrinfo failed)"))
    failed data/data_28/16406.mp4: HTTPSConnectionPool(host='huggingface.co', port=443): Max retries exceeded with url: /datasets/Voxel51/WLASL/resolve/main/data/data_28/16406.mp4 (Caused by NameResolutionError("HTTPSConnection(host='huggingface.co', port=443): Failed to resolve 'huggingface.co' ([Errno 11001] getaddrinfo failed)"))
    failed data/data_28/16407.mp4: HTTPSConnectionPool(host='huggingface.co', port=443): Max retries exceeded with url: /datasets/Voxel51/WLASL/resolve/main/data/data_28/16407.mp4 (Caused by NameResolutionError("HTTPSConnection(host='huggingface.co', port=443): Failed to resolve 'huggingface.co' ([Errno 11001] getaddrinfo failed)"))
    failed data/data_28/16409.mp4: HTTPSConnectionPool(host='huggingface.co', port=443): Max retries exceeded with url: /datasets/Voxel51/WLASL/resolve/main/data/data_28/16409.mp4 (Caused by NameResolutionError("HTTPSConnection(host='huggingface.co', port=443): Failed to resolve 'huggingface.co' ([Errno 11001] getaddrinfo failed)"))
    failed data/data_28/16411.mp4: HTTPSConnectionPool(host='huggingface.co', port=443): Max retries exceeded with url: /datasets/Voxel51/WLASL/resolve/main/data/data_28/16411.mp4 (Caused by NameResolutionError("HTTPSConnection(host='huggingface.co', port=443): Failed to resolve 'huggingface.co' ([Errno 11001] getaddrinfo failed)"))
    failed data/data_28/16412.mp4: HTTPSConnectionPool(host='huggingface.co', port=443): Max retries exceeded with url: /datasets/Voxel51/WLASL/resolve/main/data/data_28/16412.mp4 (Caused by NameResolutionError("HTTPSConnection(host='huggingface.co', port=443): Failed to resolve 'huggingface.co' ([Errno 11001] getaddrinfo failed)"))
    failed data/data_110/65485.mp4: HTTPSConnectionPool(host='huggingface.co', port=443): Max retries exceeded with url: /datasets/Voxel51/WLASL/resolve/main/data/data_110/65485.mp4 (Caused by NameResolutionError("HTTPSConnection(host='huggingface.co', port=443): Failed to resolve 'huggingface.co' ([Errno 11001] getaddrinfo failed)"))
    failed data/data_118/69296.mp4: HTTPSConnectionPool(host='huggingface.co', port=443): Max retries exceeded with url: /datasets/Voxel51/WLASL/resolve/main/data/data_118/69296.mp4 (Caused by NameResolutionError("HTTPSConnection(host='huggingface.co', port=443): Failed to resolve 'huggingface.co' ([Errno 11001] getaddrinfo failed)"))
  dirty          0/9 clips
    failed data/data_29/16890.mp4: HTTPSConnectionPool(host='huggingface.co', port=443): Max retries exceeded with url: /datasets/Voxel51/WLASL/resolve/main/data/data_29/16890.mp4 (Caused by NameResolutionError("HTTPSConnection(host='huggingface.co', port=443): Failed to resolve 'huggingface.co' ([Errno 11001] getaddrinfo failed)"))
    failed data/data_29/16891.mp4: HTTPSConnectionPool(host='huggingface.co', port=443): Max retries exceeded with url: /datasets/Voxel51/WLASL/resolve/main/data/data_29/16891.mp4 (Caused by NameResolutionError("HTTPSConnection(host='huggingface.co', port=443): Failed to resolve 'huggingface.co' ([Errno 11001] getaddrinfo failed)"))
    failed data/data_29/16892.mp4: HTTPSConnectionPool(host='huggingface.co', port=443): Max retries exceeded with url: /datasets/Voxel51/WLASL/resolve/main/data/data_29/16892.mp4 (Caused by NameResolutionError("HTTPSConnection(host='huggingface.co', port=443): Failed to resolve 'huggingface.co' ([Errno 11001] getaddrinfo failed)"))
    failed data/data_29/16893.mp4: HTTPSConnectionPool(host='huggingface.co', port=443): Max retries exceeded with url: /datasets/Voxel51/WLASL/resolve/main/data/data_29/16893.mp4 (Caused by NameResolutionError("HTTPSConnection(host='huggingface.co', port=443): Failed to resolve 'huggingface.co' ([Errno 11001] getaddrinfo failed)"))
    failed data/data_29/16894.mp4: HTTPSConnectionPool(host='huggingface.co', port=443): Max retries exceeded with url: /datasets/Voxel51/WLASL/resolve/main/data/data_29/16894.mp4 (Caused by NameResolutionError("HTTPSConnection(host='huggingface.co', port=443): Failed to resolve 'huggingface.co' ([Errno 11001] getaddrinfo failed)"))
    failed data/data_29/16895.mp4: HTTPSConnectionPool(host='huggingface.co', port=443): Max retries exceeded with url: /datasets/Voxel51/WLASL/resolve/main/data/data_29/16895.mp4 (Caused by NameResolutionError("HTTPSConnection(host='huggingface.co', port=443): Failed to resolve 'huggingface.co' ([Errno 11001] getaddrinfo failed)"))
    failed data/data_29/16897.mp4: HTTPSConnectionPool(host='huggingface.co', port=443): Max retries exceeded with url: /datasets/Voxel51/WLASL/resolve/main/data/data_29/16897.mp4 (Caused by NameResolutionError("HTTPSConnection(host='huggingface.co', port=443): Failed to resolve 'huggingface.co' ([Errno 11001] getaddrinfo failed)"))
    failed data/data_29/16899.mp4: HTTPSConnectionPool(host='huggingface.co', port=443): Max retries exceeded with url: /datasets/Voxel51/WLASL/resolve/main/data/data_29/16899.mp4 (Caused by NameResolutionError("HTTPSConnection(host='huggingface.co', port=443): Failed to resolve 'huggingface.co' ([Errno 11001] getaddrinfo failed)"))
    failed data/data_110/65495.mp4: HTTPSConnectionPool(host='huggingface.co', port=443): Max retries exceeded with url: /datasets/Voxel51/WLASL/resolve/main/data/data_110/65495.mp4 (Caused by NameResolutionError("HTTPSConnection(host='huggingface.co', port=443): Failed to resolve 'huggingface.co' ([Errno 11001] getaddrinfo failed)"))
  dive           0/9 clips
    failed data/data_30/17820.mp4: HTTPSConnectionPool(host='huggingface.co', port=443): Max retries exceeded with url: /datasets/Voxel51/WLASL/resolve/main/data/data_30/17820.mp4 (Caused by NameResolutionError("HTTPSConnection(host='huggingface.co', port=443): Failed to resolve 'huggingface.co' ([Errno 11001] getaddrinfo failed)"))
    failed data/data_30/17821.mp4: HTTPSConnectionPool(host='huggingface.co', port=443): Max retries exceeded with url: /datasets/Voxel51/WLASL/resolve/main/data/data_30/17821.mp4 (Caused by NameResolutionError("HTTPSConnection(host='huggingface.co', port=443): Failed to resolve 'huggingface.co' ([Errno 11001] getaddrinfo failed)"))
    failed data/data_30/17822.mp4: HTTPSConnectionPool(host='huggingface.co', port=443): Max retries exceeded with url: /datasets/Voxel51/WLASL/resolve/main/data/data_30/17822.mp4 (Caused by NameResolutionError("HTTPSConnection(host='huggingface.co', port=443): Failed to resolve 'huggingface.co' ([Errno 11001] getaddrinfo failed)"))
    failed data/data_31/17823.mp4: HTTPSConnectionPool(host='huggingface.co', port=443): Max retries exceeded with url: /datasets/Voxel51/WLASL/resolve/main/data/data_31/17823.mp4 (Caused by NameResolutionError("HTTPSConnection(host='huggingface.co', port=443): Failed to resolve 'huggingface.co' ([Errno 11001] getaddrinfo failed)"))
    failed data/data_31/17824.mp4: HTTPSConnectionPool(host='huggingface.co', port=443): Max retries exceeded with url: /datasets/Voxel51/WLASL/resolve/main/data/data_31/17824.mp4 (Caused by NameResolutionError("HTTPSConnection(host='huggingface.co', port=443): Failed to resolve 'huggingface.co' ([Errno 11001] getaddrinfo failed)"))
    failed data/data_31/17827.mp4: HTTPSConnectionPool(host='huggingface.co', port=443): Max retries exceeded with url: /datasets/Voxel51/WLASL/resolve/main/data/data_31/17827.mp4 (Caused by NameResolutionError("HTTPSConnection(host='huggingface.co', port=443): Failed to resolve 'huggingface.co' ([Errno 11001] getaddrinfo failed)"))
    failed data/data_31/17828.mp4: HTTPSConnectionPool(host='huggingface.co', port=443): Max retries exceeded with url: /datasets/Voxel51/WLASL/resolve/main/data/data_31/17828.mp4 (Caused by NameResolutionError("HTTPSConnection(host='huggingface.co', port=443): Failed to resolve 'huggingface.co' ([Errno 11001] getaddrinfo failed)"))
    failed data/data_31/17832.mp4: HTTPSConnectionPool(host='huggingface.co', port=443): Max retries exceeded with url: /datasets/Voxel51/WLASL/resolve/main/data/data_31/17832.mp4 (Caused by NameResolutionError("HTTPSConnection(host='huggingface.co', port=443): Failed to resolve 'huggingface.co' ([Errno 11001] getaddrinfo failed)"))
    failed data/data_110/65544.mp4: HTTPSConnectionPool(host='huggingface.co', port=443): Max retries exceeded with url: /datasets/Voxel51/WLASL/resolve/main/data/data_110/65544.mp4 (Caused by NameResolutionError("HTTPSConnection(host='huggingface.co', port=443): Failed to resolve 'huggingface.co' ([Errno 11001] getaddrinfo failed)"))
  drop           0/9 clips
    failed data/data_31/17930.mp4: HTTPSConnectionPool(host='huggingface.co', port=443): Max retries exceeded with url: /datasets/Voxel51/WLASL/resolve/main/data/data_31/17930.mp4 (Caused by NameResolutionError("HTTPSConnection(host='huggingface.co', port=443): Failed to resolve 'huggingface.co' ([Errno 11001] getaddrinfo failed)"))
    failed data/data_31/17931.mp4: HTTPSConnectionPool(host='huggingface.co', port=443): Max retries exceeded with url: /datasets/Voxel51/WLASL/resolve/main/data/data_31/17931.mp4 (Caused by NameResolutionError("HTTPSConnection(host='huggingface.co', port=443): Failed to resolve 'huggingface.co' ([Errno 11001] getaddrinfo failed)"))
    failed data/data_31/17932.mp4: HTTPSConnectionPool(host='huggingface.co', port=443): Max retries exceeded with url: /datasets/Voxel51/WLASL/resolve/main/data/data_31/17932.mp4 (Caused by NameResolutionError("HTTPSConnection(host='huggingface.co', port=443): Failed to resolve 'huggingface.co' ([Errno 11001] getaddrinfo failed)"))
    failed data/data_31/17933.mp4: HTTPSConnectionPool(host='huggingface.co', port=443): Max retries exceeded with url: /datasets/Voxel51/WLASL/resolve/main/data/data_31/17933.mp4 (Caused by NameResolutionError("HTTPSConnection(host='huggingface.co', port=443): Failed to resolve 'huggingface.co' ([Errno 11001] getaddrinfo failed)"))
    failed data/data_31/17935.mp4: HTTPSConnectionPool(host='huggingface.co', port=443): Max retries exceeded with url: /datasets/Voxel51/WLASL/resolve/main/data/data_31/17935.mp4 (Caused by NameResolutionError("HTTPSConnection(host='huggingface.co', port=443): Failed to resolve 'huggingface.co' ([Errno 11001] getaddrinfo failed)"))
    failed data/data_31/17936.mp4: HTTPSConnectionPool(host='huggingface.co', port=443): Max retries exceeded with url: /datasets/Voxel51/WLASL/resolve/main/data/data_31/17936.mp4 (Caused by NameResolutionError("HTTPSConnection(host='huggingface.co', port=443): Failed to resolve 'huggingface.co' ([Errno 11001] getaddrinfo failed)"))
    failed data/data_31/17939.mp4: HTTPSConnectionPool(host='huggingface.co', port=443): Max retries exceeded with url: /datasets/Voxel51/WLASL/resolve/main/data/data_31/17939.mp4 (Caused by NameResolutionError("HTTPSConnection(host='huggingface.co', port=443): Failed to resolve 'huggingface.co' ([Errno 11001] getaddrinfo failed)"))
    failed data/data_110/65549.mp4: HTTPSConnectionPool(host='huggingface.co', port=443): Max retries exceeded with url: /datasets/Voxel51/WLASL/resolve/main/data/data_110/65549.mp4 (Caused by NameResolutionError("HTTPSConnection(host='huggingface.co', port=443): Failed to resolve 'huggingface.co' ([Errno 11001] getaddrinfo failed)"))
    failed data/data_118/69304.mp4: HTTPSConnectionPool(host='huggingface.co', port=443): Max retries exceeded with url: /datasets/Voxel51/WLASL/resolve/main/data/data_118/69304.mp4 (Caused by NameResolutionError("HTTPSConnection(host='huggingface.co', port=443): Failed to resolve 'huggingface.co' ([Errno 11001] getaddrinfo failed)"))
  dry            0/9 clips
    failed data/data_36/21168.mp4: HTTPSConnectionPool(host='huggingface.co', port=443): Max retries exceeded with url: /datasets/Voxel51/WLASL/resolve/main/data/data_36/21168.mp4 (Caused by NameResolutionError("HTTPSConnection(host='huggingface.co', port=443): Failed to resolve 'huggingface.co' ([Errno 11001] getaddrinfo failed)"))
    failed data/data_36/21169.mp4: HTTPSConnectionPool(host='huggingface.co', port=443): Max retries exceeded with url: /datasets/Voxel51/WLASL/resolve/main/data/data_36/21169.mp4 (Caused by NameResolutionError("HTTPSConnection(host='huggingface.co', port=443): Failed to resolve 'huggingface.co' ([Errno 11001] getaddrinfo failed)"))
    failed data/data_36/21172.mp4: HTTPSConnectionPool(host='huggingface.co', port=443): Max retries exceeded with url: /datasets/Voxel51/WLASL/resolve/main/data/data_36/21172.mp4 (Caused by NameResolutionError("HTTPSConnection(host='huggingface.co', port=443): Failed to resolve 'huggingface.co' ([Errno 11001] getaddrinfo failed)"))
    failed data/data_36/21175.mp4: HTTPSConnectionPool(host='huggingface.co', port=443): Max retries exceeded with url: /datasets/Voxel51/WLASL/resolve/main/data/data_36/21175.mp4 (Caused by NameResolutionError("HTTPSConnection(host='huggingface.co', port=443): Failed to resolve 'huggingface.co' ([Errno 11001] getaddrinfo failed)"))
    failed data/data_36/21182.mp4: HTTPSConnectionPool(host='huggingface.co', port=443): Max retries exceeded with url: /datasets/Voxel51/WLASL/resolve/main/data/data_36/21182.mp4 (Caused by NameResolutionError("HTTPSConnection(host='huggingface.co', port=443): Failed to resolve 'huggingface.co' ([Errno 11001] getaddrinfo failed)"))
    failed data/data_36/21187.mp4: HTTPSConnectionPool(host='huggingface.co', port=443): Max retries exceeded with url: /datasets/Voxel51/WLASL/resolve/main/data/data_36/21187.mp4 (Caused by NameResolutionError("HTTPSConnection(host='huggingface.co', port=443): Failed to resolve 'huggingface.co' ([Errno 11001] getaddrinfo failed)"))
    failed data/data_111/65689.mp4: HTTPSConnectionPool(host='huggingface.co', port=443): Max retries exceeded with url: /datasets/Voxel51/WLASL/resolve/main/data/data_111/65689.mp4 (Caused by NameResolutionError("HTTPSConnection(host='huggingface.co', port=443): Failed to resolve 'huggingface.co' ([Errno 11001] getaddrinfo failed)"))
    failed data/data_111/65690.mp4: HTTPSConnectionPool(host='huggingface.co', port=443): Max retries exceeded with url: /datasets/Voxel51/WLASL/resolve/main/data/data_111/65690.mp4 (Caused by NameResolutionError("HTTPSConnection(host='huggingface.co', port=443): Failed to resolve 'huggingface.co' ([Errno 11001] getaddrinfo failed)"))
    failed data/data_111/65691.mp4: HTTPSConnectionPool(host='huggingface.co', port=443): Max retries exceeded with url: /datasets/Voxel51/WLASL/resolve/main/data/data_111/65691.mp4 (Caused by NameResolutionError("HTTPSConnection(host='huggingface.co', port=443): Failed to resolve 'huggingface.co' ([Errno 11001] getaddrinfo failed)"))
  fast           0/9 clips
    failed data/data_36/21273.mp4: HTTPSConnectionPool(host='huggingface.co', port=443): Max retries exceeded with url: /datasets/Voxel51/WLASL/resolve/main/data/data_36/21273.mp4 (Caused by NameResolutionError("HTTPSConnection(host='huggingface.co', port=443): Failed to resolve 'huggingface.co' ([Errno 11001] getaddrinfo failed)"))
    failed data/data_36/21274.mp4: HTTPSConnectionPool(host='huggingface.co', port=443): Max retries exceeded with url: /datasets/Voxel51/WLASL/resolve/main/data/data_36/21274.mp4 (Caused by NameResolutionError("HTTPSConnection(host='huggingface.co', port=443): Failed to resolve 'huggingface.co' ([Errno 11001] getaddrinfo failed)"))
    failed data/data_36/21275.mp4: HTTPSConnectionPool(host='huggingface.co', port=443): Max retries exceeded with url: /datasets/Voxel51/WLASL/resolve/main/data/data_36/21275.mp4 (Caused by NameResolutionError("HTTPSConnection(host='huggingface.co', port=443): Failed to resolve 'huggingface.co' ([Errno 11001] getaddrinfo failed)"))
    failed data/data_36/21276.mp4: HTTPSConnectionPool(host='huggingface.co', port=443): Max retries exceeded with url: /datasets/Voxel51/WLASL/resolve/main/data/data_36/21276.mp4 (Caused by NameResolutionError("HTTPSConnection(host='huggingface.co', port=443): Failed to resolve 'huggingface.co' ([Errno 11001] getaddrinfo failed)"))
    failed data/data_36/21280.mp4: HTTPSConnectionPool(host='huggingface.co', port=443): Max retries exceeded with url: /datasets/Voxel51/WLASL/resolve/main/data/data_36/21280.mp4 (Caused by NameResolutionError("HTTPSConnection(host='huggingface.co', port=443): Failed to resolve 'huggingface.co' ([Errno 11001] getaddrinfo failed)"))
    failed data/data_36/21281.mp4: HTTPSConnectionPool(host='huggingface.co', port=443): Max retries exceeded with url: /datasets/Voxel51/WLASL/resolve/main/data/data_36/21281.mp4 (Caused by NameResolutionError("HTTPSConnection(host='huggingface.co', port=443): Failed to resolve 'huggingface.co' ([Errno 11001] getaddrinfo failed)"))
    failed data/data_36/21282.mp4: HTTPSConnectionPool(host='huggingface.co', port=443): Max retries exceeded with url: /datasets/Voxel51/WLASL/resolve/main/data/data_36/21282.mp4 (Caused by NameResolutionError("HTTPSConnection(host='huggingface.co', port=443): Failed to resolve 'huggingface.co' ([Errno 11001] getaddrinfo failed)"))
    failed data/data_36/21283.mp4: HTTPSConnectionPool(host='huggingface.co', port=443): Max retries exceeded with url: /datasets/Voxel51/WLASL/resolve/main/data/data_36/21283.mp4 (Caused by NameResolutionError("HTTPSConnection(host='huggingface.co', port=443): Failed to resolve 'huggingface.co' ([Errno 11001] getaddrinfo failed)"))
    failed data/data_36/21286.mp4: HTTPSConnectionPool(host='huggingface.co', port=443): Max retries exceeded with url: /datasets/Voxel51/WLASL/resolve/main/data/data_36/21286.mp4 (Caused by NameResolutionError("HTTPSConnection(host='huggingface.co', port=443): Failed to resolve 'huggingface.co' ([Errno 11001] getaddrinfo failed)"))
  fault          0/9 clips
    failed data/data_38/22085.mp4: HTTPSConnectionPool(host='huggingface.co', port=443): Max retries exceeded with url: /datasets/Voxel51/WLASL/resolve/main/data/data_38/22085.mp4 (Caused by NameResolutionError("HTTPSConnection(host='huggingface.co', port=443): Failed to resolve 'huggingface.co' ([Errno 11001] getaddrinfo failed)"))
    failed data/data_38/22086.mp4: HTTPSConnectionPool(host='huggingface.co', port=443): Max retries exceeded with url: /datasets/Voxel51/WLASL/resolve/main/data/data_38/22086.mp4 (Caused by NameResolutionError("HTTPSConnection(host='huggingface.co', port=443): Failed to resolve 'huggingface.co' ([Errno 11001] getaddrinfo failed)"))
    failed data/data_38/22087.mp4: HTTPSConnectionPool(host='huggingface.co', port=443): Max retries exceeded with url: /datasets/Voxel51/WLASL/resolve/main/data/data_38/22087.mp4 (Caused by NameResolutionError("HTTPSConnection(host='huggingface.co', port=443): Failed to resolve 'huggingface.co' ([Errno 11001] getaddrinfo failed)"))
    failed data/data_38/22094.mp4: HTTPSConnectionPool(host='huggingface.co', port=443): Max retries exceeded with url: /datasets/Voxel51/WLASL/resolve/main/data/data_38/22094.mp4 (Caused by NameResolutionError("HTTPSConnection(host='huggingface.co', port=443): Failed to resolve 'huggingface.co' ([Errno 11001] getaddrinfo failed)"))
    failed data/data_38/22095.mp4: HTTPSConnectionPool(host='huggingface.co', port=443): Max retries exceeded with url: /datasets/Voxel51/WLASL/resolve/main/data/data_38/22095.mp4 (Caused by NameResolutionError("HTTPSConnection(host='huggingface.co', port=443): Failed to resolve 'huggingface.co' ([Errno 11001] getaddrinfo failed)"))
    failed data/data_38/22098.mp4: HTTPSConnectionPool(host='huggingface.co', port=443): Max retries exceeded with url: /datasets/Voxel51/WLASL/resolve/main/data/data_38/22098.mp4 (Caused by NameResolutionError("HTTPSConnection(host='huggingface.co', port=443): Failed to resolve 'huggingface.co' ([Errno 11001] getaddrinfo failed)"))
    failed data/data_111/65728.mp4: HTTPSConnectionPool(host='huggingface.co', port=443): Max retries exceeded with url: /datasets/Voxel51/WLASL/resolve/main/data/data_111/65728.mp4 (Caused by NameResolutionError("HTTPSConnection(host='huggingface.co', port=443): Failed to resolve 'huggingface.co' ([Errno 11001] getaddrinfo failed)"))
    failed data/data_111/65729.mp4: HTTPSConnectionPool(host='huggingface.co', port=443): Max retries exceeded with url: /datasets/Voxel51/WLASL/resolve/main/data/data_111/65729.mp4 (Caused by NameResolutionError("HTTPSConnection(host='huggingface.co', port=443): Failed to resolve 'huggingface.co' ([Errno 11001] getaddrinfo failed)"))
    failed data/data_111/65730.mp4: HTTPSConnectionPool(host='huggingface.co', port=443): Max retries exceeded with url: /datasets/Voxel51/WLASL/resolve/main/data/data_111/65730.mp4 (Caused by NameResolutionError("HTTPSConnection(host='huggingface.co', port=443): Failed to resolve 'huggingface.co' ([Errno 11001] getaddrinfo failed)"))
  first          0/9 clips
    failed data/data_38/22715.mp4: HTTPSConnectionPool(host='huggingface.co', port=443): Max retries exceeded with url: /datasets/Voxel51/WLASL/resolve/main/data/data_38/22715.mp4 (Caused by NameResolutionError("HTTPSConnection(host='huggingface.co', port=443): Failed to resolve 'huggingface.co' ([Errno 11001] getaddrinfo failed)"))
    failed data/data_38/22716.mp4: HTTPSConnectionPool(host='huggingface.co', port=443): Max retries exceeded with url: /datasets/Voxel51/WLASL/resolve/main/data/data_38/22716.mp4 (Caused by NameResolutionError("HTTPSConnection(host='huggingface.co', port=443): Failed to resolve 'huggingface.co' ([Errno 11001] getaddrinfo failed)"))
    failed data/data_38/22717.mp4: HTTPSConnectionPool(host='huggingface.co', port=443): Max retries exceeded with url: /datasets/Voxel51/WLASL/resolve/main/data/data_38/22717.mp4 (Caused by NameResolutionError("HTTPSConnection(host='huggingface.co', port=443): Failed to resolve 'huggingface.co' ([Errno 11001] getaddrinfo failed)"))
    failed data/data_38/22718.mp4: HTTPSConnectionPool(host='huggingface.co', port=443): Max retries exceeded with url: /datasets/Voxel51/WLASL/resolve/main/data/data_38/22718.mp4 (Caused by NameResolutionError("HTTPSConnection(host='huggingface.co', port=443): Failed to resolve 'huggingface.co' ([Errno 11001] getaddrinfo failed)"))
    failed data/data_38/22720.mp4: HTTPSConnectionPool(host='huggingface.co', port=443): Max retries exceeded with url: /datasets/Voxel51/WLASL/resolve/main/data/data_38/22720.mp4 (Caused by NameResolutionError("HTTPSConnection(host='huggingface.co', port=443): Failed to resolve 'huggingface.co' ([Errno 11001] getaddrinfo failed)"))
    failed data/data_38/22721.mp4: HTTPSConnectionPool(host='huggingface.co', port=443): Max retries exceeded with url: /datasets/Voxel51/WLASL/resolve/main/data/data_38/22721.mp4 (Caused by NameResolutionError("HTTPSConnection(host='huggingface.co', port=443): Failed to resolve 'huggingface.co' ([Errno 11001] getaddrinfo failed)"))
    failed data/data_38/22723.mp4: HTTPSConnectionPool(host='huggingface.co', port=443): Max retries exceeded with url: /datasets/Voxel51/WLASL/resolve/main/data/data_38/22723.mp4 (Caused by NameResolutionError("HTTPSConnection(host='huggingface.co', port=443): Failed to resolve 'huggingface.co' ([Errno 11001] getaddrinfo failed)"))
    failed data/data_111/65751.mp4: HTTPSConnectionPool(host='huggingface.co', port=443): Max retries exceeded with url: /datasets/Voxel51/WLASL/resolve/main/data/data_111/65751.mp4 (Caused by NameResolutionError("HTTPSConnection(host='huggingface.co', port=443): Failed to resolve 'huggingface.co' ([Errno 11001] getaddrinfo failed)"))
    failed data/data_111/65752.mp4: HTTPSConnectionPool(host='huggingface.co', port=443): Max retries exceeded with url: /datasets/Voxel51/WLASL/resolve/main/data/data_111/65752.mp4 (Caused by NameResolutionError("HTTPSConnection(host='huggingface.co', port=443): Failed to resolve 'huggingface.co' ([Errno 11001] getaddrinfo failed)"))
  follow         0/9 clips
    failed data/data_39/22802.mp4: HTTPSConnectionPool(host='huggingface.co', port=443): Max retries exceeded with url: /datasets/Voxel51/WLASL/resolve/main/data/data_39/22802.mp4 (Caused by NameResolutionError("HTTPSConnection(host='huggingface.co', port=443): Failed to resolve 'huggingface.co' ([Errno 11001] getaddrinfo failed)"))
    failed data/data_39/22803.mp4: HTTPSConnectionPool(host='huggingface.co', port=443): Max retries exceeded with url: /datasets/Voxel51/WLASL/resolve/main/data/data_39/22803.mp4 (Caused by NameResolutionError("HTTPSConnection(host='huggingface.co', port=443): Failed to resolve 'huggingface.co' ([Errno 11001] getaddrinfo failed)"))
    failed data/data_39/22804.mp4: HTTPSConnectionPool(host='huggingface.co', port=443): Max retries exceeded with url: /datasets/Voxel51/WLASL/resolve/main/data/data_39/22804.mp4 (Caused by NameResolutionError("HTTPSConnection(host='huggingface.co', port=443): Failed to resolve 'huggingface.co' ([Errno 11001] getaddrinfo failed)"))
    failed data/data_39/22805.mp4: HTTPSConnectionPool(host='huggingface.co', port=443): Max retries exceeded with url: /datasets/Voxel51/WLASL/resolve/main/data/data_39/22805.mp4 (Caused by NameResolutionError("HTTPSConnection(host='huggingface.co', port=443): Failed to resolve 'huggingface.co' ([Errno 11001] getaddrinfo failed)"))
    failed data/data_39/22806.mp4: HTTPSConnectionPool(host='huggingface.co', port=443): Max retries exceeded with url: /datasets/Voxel51/WLASL/resolve/main/data/data_39/22806.mp4 (Caused by NameResolutionError("HTTPSConnection(host='huggingface.co', port=443): Failed to resolve 'huggingface.co' ([Errno 11001] getaddrinfo failed)"))
    failed data/data_39/22810.mp4: HTTPSConnectionPool(host='huggingface.co', port=443): Max retries exceeded with url: /datasets/Voxel51/WLASL/resolve/main/data/data_39/22810.mp4 (Caused by NameResolutionError("HTTPSConnection(host='huggingface.co', port=443): Failed to resolve 'huggingface.co' ([Errno 11001] getaddrinfo failed)"))
    failed data/data_39/22818.mp4: HTTPSConnectionPool(host='huggingface.co', port=443): Max retries exceeded with url: /datasets/Voxel51/WLASL/resolve/main/data/data_39/22818.mp4 (Caused by NameResolutionError("HTTPSConnection(host='huggingface.co', port=443): Failed to resolve 'huggingface.co' ([Errno 11001] getaddrinfo failed)"))
    failed data/data_111/65755.mp4: HTTPSConnectionPool(host='huggingface.co', port=443): Max retries exceeded with url: /datasets/Voxel51/WLASL/resolve/main/data/data_111/65755.mp4 (Caused by NameResolutionError("HTTPSConnection(host='huggingface.co', port=443): Failed to resolve 'huggingface.co' ([Errno 11001] getaddrinfo failed)"))
    failed data/data_118/69331.mp4: HTTPSConnectionPool(host='huggingface.co', port=443): Max retries exceeded with url: /datasets/Voxel51/WLASL/resolve/main/data/data_118/69331.mp4 (Caused by NameResolutionError("HTTPSConnection(host='huggingface.co', port=443): Failed to resolve 'huggingface.co' ([Errno 11001] getaddrinfo failed)"))
  football       0/9 clips
    failed data/data_39/23042.mp4: HTTPSConnectionPool(host='huggingface.co', port=443): Max retries exceeded with url: /datasets/Voxel51/WLASL/resolve/main/data/data_39/23042.mp4 (Caused by NameResolutionError("HTTPSConnection(host='huggingface.co', port=443): Failed to resolve 'huggingface.co' ([Errno 11001] getaddrinfo failed)"))
    failed data/data_39/23043.mp4: HTTPSConnectionPool(host='huggingface.co', port=443): Max retries exceeded with url: /datasets/Voxel51/WLASL/resolve/main/data/data_39/23043.mp4 (Caused by NameResolutionError("HTTPSConnection(host='huggingface.co', port=443): Failed to resolve 'huggingface.co' ([Errno 11001] getaddrinfo failed)"))
    failed data/data_39/23045.mp4: HTTPSConnectionPool(host='huggingface.co', port=443): Max retries exceeded with url: /datasets/Voxel51/WLASL/resolve/main/data/data_39/23045.mp4 (Caused by NameResolutionError("HTTPSConnection(host='huggingface.co', port=443): Failed to resolve 'huggingface.co' ([Errno 11001] getaddrinfo failed)"))
    failed data/data_39/23046.mp4: HTTPSConnectionPool(host='huggingface.co', port=443): Max retries exceeded with url: /datasets/Voxel51/WLASL/resolve/main/data/data_39/23046.mp4 (Caused by NameResolutionError("HTTPSConnection(host='huggingface.co', port=443): Failed to resolve 'huggingface.co' ([Errno 11001] getaddrinfo failed)"))
    failed data/data_39/23049.mp4: HTTPSConnectionPool(host='huggingface.co', port=443): Max retries exceeded with url: /datasets/Voxel51/WLASL/resolve/main/data/data_39/23049.mp4 (Caused by NameResolutionError("HTTPSConnection(host='huggingface.co', port=443): Failed to resolve 'huggingface.co' ([Errno 11001] getaddrinfo failed)"))
    failed data/data_39/23050.mp4: HTTPSConnectionPool(host='huggingface.co', port=443): Max retries exceeded with url: /datasets/Voxel51/WLASL/resolve/main/data/data_39/23050.mp4 (Caused by NameResolutionError("HTTPSConnection(host='huggingface.co', port=443): Failed to resolve 'huggingface.co' ([Errno 11001] getaddrinfo failed)"))
    failed data/data_39/23051.mp4: HTTPSConnectionPool(host='huggingface.co', port=443): Max retries exceeded with url: /datasets/Voxel51/WLASL/resolve/main/data/data_39/23051.mp4 (Caused by NameResolutionError("HTTPSConnection(host='huggingface.co', port=443): Failed to resolve 'huggingface.co' ([Errno 11001] getaddrinfo failed)"))
    failed data/data_39/23055.mp4: HTTPSConnectionPool(host='huggingface.co', port=443): Max retries exceeded with url: /datasets/Voxel51/WLASL/resolve/main/data/data_39/23055.mp4 (Caused by NameResolutionError("HTTPSConnection(host='huggingface.co', port=443): Failed to resolve 'huggingface.co' ([Errno 11001] getaddrinfo failed)"))
    failed data/data_39/23056.mp4: HTTPSConnectionPool(host='huggingface.co', port=443): Max retries exceeded with url: /datasets/Voxel51/WLASL/resolve/main/data/data_39/23056.mp4 (Caused by NameResolutionError("HTTPSConnection(host='huggingface.co', port=443): Failed to resolve 'huggingface.co' ([Errno 11001] getaddrinfo failed)"))
  form           0/9 clips
    failed data/data_40/23946.mp4: HTTPSConnectionPool(host='huggingface.co', port=443): Max retries exceeded with url: /datasets/Voxel51/WLASL/resolve/main/data/data_40/23946.mp4 (Caused by NameResolutionError("HTTPSConnection(host='huggingface.co', port=443): Failed to resolve 'huggingface.co' ([Errno 11001] getaddrinfo failed)"))
    failed data/data_40/23947.mp4: HTTPSConnectionPool(host='huggingface.co', port=443): Max retries exceeded with url: /datasets/Voxel51/WLASL/resolve/main/data/data_40/23947.mp4 (Caused by NameResolutionError("HTTPSConnection(host='huggingface.co', port=443): Failed to resolve 'huggingface.co' ([Errno 11001] getaddrinfo failed)"))
    failed data/data_40/23948.mp4: HTTPSConnectionPool(host='huggingface.co', port=443): Max retries exceeded with url: /datasets/Voxel51/WLASL/resolve/main/data/data_40/23948.mp4 (Caused by NameResolutionError("HTTPSConnection(host='huggingface.co', port=443): Failed to resolve 'huggingface.co' ([Errno 11001] getaddrinfo failed)"))
    failed data/data_40/23951.mp4: HTTPSConnectionPool(host='huggingface.co', port=443): Max retries exceeded with url: /datasets/Voxel51/WLASL/resolve/main/data/data_40/23951.mp4 (Caused by NameResolutionError("HTTPSConnection(host='huggingface.co', port=443): Failed to resolve 'huggingface.co' ([Errno 11001] getaddrinfo failed)"))
    failed data/data_40/23952.mp4: HTTPSConnectionPool(host='huggingface.co', port=443): Max retries exceeded with url: /datasets/Voxel51/WLASL/resolve/main/data/data_40/23952.mp4 (Caused by NameResolutionError("HTTPSConnection(host='huggingface.co', port=443): Failed to resolve 'huggingface.co' ([Errno 11001] getaddrinfo failed)"))
    failed data/data_40/23953.mp4: HTTPSConnectionPool(host='huggingface.co', port=443): Max retries exceeded with url: /datasets/Voxel51/WLASL/resolve/main/data/data_40/23953.mp4 (Caused by NameResolutionError("HTTPSConnection(host='huggingface.co', port=443): Failed to resolve 'huggingface.co' ([Errno 11001] getaddrinfo failed)"))
    failed data/data_40/23956.mp4: HTTPSConnectionPool(host='huggingface.co', port=443): Max retries exceeded with url: /datasets/Voxel51/WLASL/resolve/main/data/data_40/23956.mp4 (Caused by NameResolutionError("HTTPSConnection(host='huggingface.co', port=443): Failed to resolve 'huggingface.co' ([Errno 11001] getaddrinfo failed)"))
    failed data/data_111/65797.mp4: HTTPSConnectionPool(host='huggingface.co', port=443): Max retries exceeded with url: /datasets/Voxel51/WLASL/resolve/main/data/data_111/65797.mp4 (Caused by NameResolutionError("HTTPSConnection(host='huggingface.co', port=443): Failed to resolve 'huggingface.co' ([Errno 11001] getaddrinfo failed)"))
    failed data/data_111/65798.mp4: HTTPSConnectionPool(host='huggingface.co', port=443): Max retries exceeded with url: /datasets/Voxel51/WLASL/resolve/main/data/data_111/65798.mp4 (Caused by NameResolutionError("HTTPSConnection(host='huggingface.co', port=443): Failed to resolve 'huggingface.co' ([Errno 11001] getaddrinfo failed)"))
  future         0/9 clips
    failed data/data_42/24720.mp4: HTTPSConnectionPool(host='huggingface.co', port=443): Max retries exceeded with url: /datasets/Voxel51/WLASL/resolve/main/data/data_42/24720.mp4 (Caused by NameResolutionError("HTTPSConnection(host='huggingface.co', port=443): Failed to resolve 'huggingface.co' ([Errno 11001] getaddrinfo failed)"))
    failed data/data_42/24721.mp4: HTTPSConnectionPool(host='huggingface.co', port=443): Max retries exceeded with url: /datasets/Voxel51/WLASL/resolve/main/data/data_42/24721.mp4 (Caused by NameResolutionError("HTTPSConnection(host='huggingface.co', port=443): Failed to resolve 'huggingface.co' ([Errno 11001] getaddrinfo failed)"))
    failed data/data_42/24722.mp4: HTTPSConnectionPool(host='huggingface.co', port=443): Max retries exceeded with url: /datasets/Voxel51/WLASL/resolve/main/data/data_42/24722.mp4 (Caused by NameResolutionError("HTTPSConnection(host='huggingface.co', port=443): Failed to resolve 'huggingface.co' ([Errno 11001] getaddrinfo failed)"))
    failed data/data_42/24724.mp4: HTTPSConnectionPool(host='huggingface.co', port=443): Max retries exceeded with url: /datasets/Voxel51/WLASL/resolve/main/data/data_42/24724.mp4 (Caused by NameResolutionError("HTTPSConnection(host='huggingface.co', port=443): Failed to resolve 'huggingface.co' ([Errno 11001] getaddrinfo failed)"))
    failed data/data_42/24725.mp4: HTTPSConnectionPool(host='huggingface.co', port=443): Max retries exceeded with url: /datasets/Voxel51/WLASL/resolve/main/data/data_42/24725.mp4 (Caused by NameResolutionError("HTTPSConnection(host='huggingface.co', port=443): Failed to resolve 'huggingface.co' ([Errno 11001] getaddrinfo failed)"))
    failed data/data_42/24726.mp4: HTTPSConnectionPool(host='huggingface.co', port=443): Max retries exceeded with url: /datasets/Voxel51/WLASL/resolve/main/data/data_42/24726.mp4 (Caused by NameResolutionError("HTTPSConnection(host='huggingface.co', port=443): Failed to resolve 'huggingface.co' ([Errno 11001] getaddrinfo failed)"))
    failed data/data_42/24728.mp4: HTTPSConnectionPool(host='huggingface.co', port=443): Max retries exceeded with url: /datasets/Voxel51/WLASL/resolve/main/data/data_42/24728.mp4 (Caused by NameResolutionError("HTTPSConnection(host='huggingface.co', port=443): Failed to resolve 'huggingface.co' ([Errno 11001] getaddrinfo failed)"))
    failed data/data_42/24732.mp4: HTTPSConnectionPool(host='huggingface.co', port=443): Max retries exceeded with url: /datasets/Voxel51/WLASL/resolve/main/data/data_42/24732.mp4 (Caused by NameResolutionError("HTTPSConnection(host='huggingface.co', port=443): Failed to resolve 'huggingface.co' ([Errno 11001] getaddrinfo failed)"))
    failed data/data_111/65822.mp4: HTTPSConnectionPool(host='huggingface.co', port=443): Max retries exceeded with url: /datasets/Voxel51/WLASL/resolve/main/data/data_111/65822.mp4 (Caused by NameResolutionError("HTTPSConnection(host='huggingface.co', port=443): Failed to resolve 'huggingface.co' ([Errno 11001] getaddrinfo failed)"))
  glasses        0/9 clips
    failed data/data_43/25371.mp4: HTTPSConnectionPool(host='huggingface.co', port=443): Max retries exceeded with url: /datasets/Voxel51/WLASL/resolve/main/data/data_43/25371.mp4 (Caused by NameResolutionError("HTTPSConnection(host='huggingface.co', port=443): Failed to resolve 'huggingface.co' ([Errno 11001] getaddrinfo failed)"))
    failed data/data_43/25372.mp4: HTTPSConnectionPool(host='huggingface.co', port=443): Max retries exceeded with url: /datasets/Voxel51/WLASL/resolve/main/data/data_43/25372.mp4 (Caused by NameResolutionError("HTTPSConnection(host='huggingface.co', port=443): Failed to resolve 'huggingface.co' ([Errno 11001] getaddrinfo failed)"))
    failed data/data_43/25373.mp4: HTTPSConnectionPool(host='huggingface.co', port=443): Max retries exceeded with url: /datasets/Voxel51/WLASL/resolve/main/data/data_43/25373.mp4 (Caused by NameResolutionError("HTTPSConnection(host='huggingface.co', port=443): Failed to resolve 'huggingface.co' ([Errno 11001] getaddrinfo failed)"))
    failed data/data_43/25374.mp4: HTTPSConnectionPool(host='huggingface.co', port=443): Max retries exceeded with url: /datasets/Voxel51/WLASL/resolve/main/data/data_43/25374.mp4 (Caused by NameResolutionError("HTTPSConnection(host='huggingface.co', port=443): Failed to resolve 'huggingface.co' ([Errno 11001] getaddrinfo failed)"))
    failed data/data_43/25375.mp4: HTTPSConnectionPool(host='huggingface.co', port=443): Max retries exceeded with url: /datasets/Voxel51/WLASL/resolve/main/data/data_43/25375.mp4 (Caused by NameResolutionError("HTTPSConnection(host='huggingface.co', port=443): Failed to resolve 'huggingface.co' ([Errno 11001] getaddrinfo failed)"))
    failed data/data_43/25377.mp4: HTTPSConnectionPool(host='huggingface.co', port=443): Max retries exceeded with url: /datasets/Voxel51/WLASL/resolve/main/data/data_43/25377.mp4 (Caused by NameResolutionError("HTTPSConnection(host='huggingface.co', port=443): Failed to resolve 'huggingface.co' ([Errno 11001] getaddrinfo failed)"))
    failed data/data_43/25378.mp4: HTTPSConnectionPool(host='huggingface.co', port=443): Max retries exceeded with url: /datasets/Voxel51/WLASL/resolve/main/data/data_43/25378.mp4 (Caused by NameResolutionError("HTTPSConnection(host='huggingface.co', port=443): Failed to resolve 'huggingface.co' ([Errno 11001] getaddrinfo failed)"))
    failed data/data_43/25380.mp4: HTTPSConnectionPool(host='huggingface.co', port=443): Max retries exceeded with url: /datasets/Voxel51/WLASL/resolve/main/data/data_43/25380.mp4 (Caused by NameResolutionError("HTTPSConnection(host='huggingface.co', port=443): Failed to resolve 'huggingface.co' ([Errno 11001] getaddrinfo failed)"))
    failed data/data_112/65845.mp4: HTTPSConnectionPool(host='huggingface.co', port=443): Max retries exceeded with url: /datasets/Voxel51/WLASL/resolve/main/data/data_112/65845.mp4 (Caused by NameResolutionError("HTTPSConnection(host='huggingface.co', port=443): Failed to resolve 'huggingface.co' ([Errno 11001] getaddrinfo failed)"))
  grammar        0/9 clips
    failed data/data_43/25621.mp4: HTTPSConnectionPool(host='huggingface.co', port=443): Max retries exceeded with url: /datasets/Voxel51/WLASL/resolve/main/data/data_43/25621.mp4 (Caused by NameResolutionError("HTTPSConnection(host='huggingface.co', port=443): Failed to resolve 'huggingface.co' ([Errno 11001] getaddrinfo failed)"))
    failed data/data_43/25622.mp4: HTTPSConnectionPool(host='huggingface.co', port=443): Max retries exceeded with url: /datasets/Voxel51/WLASL/resolve/main/data/data_43/25622.mp4 (Caused by NameResolutionError("HTTPSConnection(host='huggingface.co', port=443): Failed to resolve 'huggingface.co' ([Errno 11001] getaddrinfo failed)"))
    failed data/data_43/25623.mp4: HTTPSConnectionPool(host='huggingface.co', port=443): Max retries exceeded with url: /datasets/Voxel51/WLASL/resolve/main/data/data_43/25623.mp4 (Caused by NameResolutionError("HTTPSConnection(host='huggingface.co', port=443): Failed to resolve 'huggingface.co' ([Errno 11001] getaddrinfo failed)"))
    failed data/data_43/25624.mp4: HTTPSConnectionPool(host='huggingface.co', port=443): Max retries exceeded with url: /datasets/Voxel51/WLASL/resolve/main/data/data_43/25624.mp4 (Caused by NameResolutionError("HTTPSConnection(host='huggingface.co', port=443): Failed to resolve 'huggingface.co' ([Errno 11001] getaddrinfo failed)"))
    failed data/data_43/25625.mp4: HTTPSConnectionPool(host='huggingface.co', port=443): Max retries exceeded with url: /datasets/Voxel51/WLASL/resolve/main/data/data_43/25625.mp4 (Caused by NameResolutionError("HTTPSConnection(host='huggingface.co', port=443): Failed to resolve 'huggingface.co' ([Errno 11001] getaddrinfo failed)"))
    failed data/data_43/25627.mp4: HTTPSConnectionPool(host='huggingface.co', port=443): Max retries exceeded with url: /datasets/Voxel51/WLASL/resolve/main/data/data_43/25627.mp4 (Caused by NameResolutionError("HTTPSConnection(host='huggingface.co', port=443): Failed to resolve 'huggingface.co' ([Errno 11001] getaddrinfo failed)"))
    failed data/data_43/25631.mp4: HTTPSConnectionPool(host='huggingface.co', port=443): Max retries exceeded with url: /datasets/Voxel51/WLASL/resolve/main/data/data_43/25631.mp4 (Caused by NameResolutionError("HTTPSConnection(host='huggingface.co', port=443): Failed to resolve 'huggingface.co' ([Errno 11001] getaddrinfo failed)"))
    failed data/data_43/25637.mp4: HTTPSConnectionPool(host='huggingface.co', port=443): Max retries exceeded with url: /datasets/Voxel51/WLASL/resolve/main/data/data_43/25637.mp4 (Caused by NameResolutionError("HTTPSConnection(host='huggingface.co', port=443): Failed to resolve 'huggingface.co' ([Errno 11001] getaddrinfo failed)"))
    failed data/data_118/69352.mp4: HTTPSConnectionPool(host='huggingface.co', port=443): Max retries exceeded with url: /datasets/Voxel51/WLASL/resolve/main/data/data_118/69352.mp4 (Caused by NameResolutionError("HTTPSConnection(host='huggingface.co', port=443): Failed to resolve 'huggingface.co' ([Errno 11001] getaddrinfo failed)"))
  great          0/9 clips
    failed data/data_44/26157.mp4: HTTPSConnectionPool(host='huggingface.co', port=443): Max retries exceeded with url: /datasets/Voxel51/WLASL/resolve/main/data/data_44/26157.mp4 (Caused by NameResolutionError("HTTPSConnection(host='huggingface.co', port=443): Failed to resolve 'huggingface.co' ([Errno 11001] getaddrinfo failed)"))
    failed data/data_44/26158.mp4: HTTPSConnectionPool(host='huggingface.co', port=443): Max retries exceeded with url: /datasets/Voxel51/WLASL/resolve/main/data/data_44/26158.mp4 (Caused by NameResolutionError("HTTPSConnection(host='huggingface.co', port=443): Failed to resolve 'huggingface.co' ([Errno 11001] getaddrinfo failed)"))
    failed data/data_44/26159.mp4: HTTPSConnectionPool(host='huggingface.co', port=443): Max retries exceeded with url: /datasets/Voxel51/WLASL/resolve/main/data/data_44/26159.mp4 (Caused by NameResolutionError("HTTPSConnection(host='huggingface.co', port=443): Failed to resolve 'huggingface.co' ([Errno 11001] getaddrinfo failed)"))
    failed data/data_44/26162.mp4: HTTPSConnectionPool(host='huggingface.co', port=443): Max retries exceeded with url: /datasets/Voxel51/WLASL/resolve/main/data/data_44/26162.mp4 (Caused by NameResolutionError("HTTPSConnection(host='huggingface.co', port=443): Failed to resolve 'huggingface.co' ([Errno 11001] getaddrinfo failed)"))
    failed data/data_44/26163.mp4: HTTPSConnectionPool(host='huggingface.co', port=443): Max retries exceeded with url: /datasets/Voxel51/WLASL/resolve/main/data/data_44/26163.mp4 (Caused by NameResolutionError("HTTPSConnection(host='huggingface.co', port=443): Failed to resolve 'huggingface.co' ([Errno 11001] getaddrinfo failed)"))
    failed data/data_44/26166.mp4: HTTPSConnectionPool(host='huggingface.co', port=443): Max retries exceeded with url: /datasets/Voxel51/WLASL/resolve/main/data/data_44/26166.mp4 (Caused by NameResolutionError("HTTPSConnection(host='huggingface.co', port=443): Failed to resolve 'huggingface.co' ([Errno 11001] getaddrinfo failed)"))
    failed data/data_44/26173.mp4: HTTPSConnectionPool(host='huggingface.co', port=443): Max retries exceeded with url: /datasets/Voxel51/WLASL/resolve/main/data/data_44/26173.mp4 (Caused by NameResolutionError("HTTPSConnection(host='huggingface.co', port=443): Failed to resolve 'huggingface.co' ([Errno 11001] getaddrinfo failed)"))
    failed data/data_44/26174.mp4: HTTPSConnectionPool(host='huggingface.co', port=443): Max retries exceeded with url: /datasets/Voxel51/WLASL/resolve/main/data/data_44/26174.mp4 (Caused by NameResolutionError("HTTPSConnection(host='huggingface.co', port=443): Failed to resolve 'huggingface.co' ([Errno 11001] getaddrinfo failed)"))
    failed data/data_112/65870.mp4: HTTPSConnectionPool(host='huggingface.co', port=443): Max retries exceeded with url: /datasets/Voxel51/WLASL/resolve/main/data/data_112/65870.mp4 (Caused by NameResolutionError("HTTPSConnection(host='huggingface.co', port=443): Failed to resolve 'huggingface.co' ([Errno 11001] getaddrinfo failed)"))
  hair           0/9 clips
    failed data/data_44/26251.mp4: HTTPSConnectionPool(host='huggingface.co', port=443): Max retries exceeded with url: /datasets/Voxel51/WLASL/resolve/main/data/data_44/26251.mp4 (Caused by NameResolutionError("HTTPSConnection(host='huggingface.co', port=443): Failed to resolve 'huggingface.co' ([Errno 11001] getaddrinfo failed)"))
    failed data/data_44/26252.mp4: HTTPSConnectionPool(host='huggingface.co', port=443): Max retries exceeded with url: /datasets/Voxel51/WLASL/resolve/main/data/data_44/26252.mp4 (Caused by NameResolutionError("HTTPSConnection(host='huggingface.co', port=443): Failed to resolve 'huggingface.co' ([Errno 11001] getaddrinfo failed)"))
    failed data/data_44/26253.mp4: HTTPSConnectionPool(host='huggingface.co', port=443): Max retries exceeded with url: /datasets/Voxel51/WLASL/resolve/main/data/data_44/26253.mp4 (Caused by NameResolutionError("HTTPSConnection(host='huggingface.co', port=443): Failed to resolve 'huggingface.co' ([Errno 11001] getaddrinfo failed)"))
    failed data/data_44/26254.mp4: HTTPSConnectionPool(host='huggingface.co', port=443): Max retries exceeded with url: /datasets/Voxel51/WLASL/resolve/main/data/data_44/26254.mp4 (Caused by NameResolutionError("HTTPSConnection(host='huggingface.co', port=443): Failed to resolve 'huggingface.co' ([Errno 11001] getaddrinfo failed)"))
    failed data/data_44/26255.mp4: HTTPSConnectionPool(host='huggingface.co', port=443): Max retries exceeded with url: /datasets/Voxel51/WLASL/resolve/main/data/data_44/26255.mp4 (Caused by NameResolutionError("HTTPSConnection(host='huggingface.co', port=443): Failed to resolve 'huggingface.co' ([Errno 11001] getaddrinfo failed)"))
    failed data/data_44/26259.mp4: HTTPSConnectionPool(host='huggingface.co', port=443): Max retries exceeded with url: /datasets/Voxel51/WLASL/resolve/main/data/data_44/26259.mp4 (Caused by NameResolutionError("HTTPSConnection(host='huggingface.co', port=443): Failed to resolve 'huggingface.co' ([Errno 11001] getaddrinfo failed)"))
    failed data/data_44/26262.mp4: HTTPSConnectionPool(host='huggingface.co', port=443): Max retries exceeded with url: /datasets/Voxel51/WLASL/resolve/main/data/data_44/26262.mp4 (Caused by NameResolutionError("HTTPSConnection(host='huggingface.co', port=443): Failed to resolve 'huggingface.co' ([Errno 11001] getaddrinfo failed)"))
    failed data/data_112/65873.mp4: HTTPSConnectionPool(host='huggingface.co', port=443): Max retries exceeded with url: /datasets/Voxel51/WLASL/resolve/main/data/data_112/65873.mp4 (Caused by NameResolutionError("HTTPSConnection(host='huggingface.co', port=443): Failed to resolve 'huggingface.co' ([Errno 11001] getaddrinfo failed)"))
    failed data/data_112/65874.mp4: HTTPSConnectionPool(host='huggingface.co', port=443): Max retries exceeded with url: /datasets/Voxel51/WLASL/resolve/main/data/data_112/65874.mp4 (Caused by NameResolutionError("HTTPSConnection(host='huggingface.co', port=443): Failed to resolve 'huggingface.co' ([Errno 11001] getaddrinfo failed)"))
  halloween      0/9 clips
    failed data/data_45/26712.mp4: HTTPSConnectionPool(host='huggingface.co', port=443): Max retries exceeded with url: /datasets/Voxel51/WLASL/resolve/main/data/data_45/26712.mp4 (Caused by NameResolutionError("HTTPSConnection(host='huggingface.co', port=443): Failed to resolve 'huggingface.co' ([Errno 11001] getaddrinfo failed)"))
    failed data/data_45/26713.mp4: HTTPSConnectionPool(host='huggingface.co', port=443): Max retries exceeded with url: /datasets/Voxel51/WLASL/resolve/main/data/data_45/26713.mp4 (Caused by NameResolutionError("HTTPSConnection(host='huggingface.co', port=443): Failed to resolve 'huggingface.co' ([Errno 11001] getaddrinfo failed)"))
    failed data/data_45/26714.mp4: HTTPSConnectionPool(host='huggingface.co', port=443): Max retries exceeded with url: /datasets/Voxel51/WLASL/resolve/main/data/data_45/26714.mp4 (Caused by NameResolutionError("HTTPSConnection(host='huggingface.co', port=443): Failed to resolve 'huggingface.co' ([Errno 11001] getaddrinfo failed)"))
    failed data/data_45/26715.mp4: HTTPSConnectionPool(host='huggingface.co', port=443): Max retries exceeded with url: /datasets/Voxel51/WLASL/resolve/main/data/data_45/26715.mp4 (Caused by NameResolutionError("HTTPSConnection(host='huggingface.co', port=443): Failed to resolve 'huggingface.co' ([Errno 11001] getaddrinfo failed)"))
    failed data/data_45/26717.mp4: HTTPSConnectionPool(host='huggingface.co', port=443): Max retries exceeded with url: /datasets/Voxel51/WLASL/resolve/main/data/data_45/26717.mp4 (Caused by NameResolutionError("HTTPSConnection(host='huggingface.co', port=443): Failed to resolve 'huggingface.co' ([Errno 11001] getaddrinfo failed)"))
    failed data/data_45/26719.mp4: HTTPSConnectionPool(host='huggingface.co', port=443): Max retries exceeded with url: /datasets/Voxel51/WLASL/resolve/main/data/data_45/26719.mp4 (Caused by NameResolutionError("HTTPSConnection(host='huggingface.co', port=443): Failed to resolve 'huggingface.co' ([Errno 11001] getaddrinfo failed)"))
    failed data/data_45/26739.mp4: HTTPSConnectionPool(host='huggingface.co', port=443): Max retries exceeded with url: /datasets/Voxel51/WLASL/resolve/main/data/data_45/26739.mp4 (Caused by NameResolutionError("HTTPSConnection(host='huggingface.co', port=443): Failed to resolve 'huggingface.co' ([Errno 11001] getaddrinfo failed)"))
    failed data/data_45/26741.mp4: HTTPSConnectionPool(host='huggingface.co', port=443): Max retries exceeded with url: /datasets/Voxel51/WLASL/resolve/main/data/data_45/26741.mp4 (Caused by NameResolutionError("HTTPSConnection(host='huggingface.co', port=443): Failed to resolve 'huggingface.co' ([Errno 11001] getaddrinfo failed)"))
    failed data/data_118/69359.mp4: HTTPSConnectionPool(host='huggingface.co', port=443): Max retries exceeded with url: /datasets/Voxel51/WLASL/resolve/main/data/data_118/69359.mp4 (Caused by NameResolutionError("HTTPSConnection(host='huggingface.co', port=443): Failed to resolve 'huggingface.co' ([Errno 11001] getaddrinfo failed)"))
  hat            0/9 clips
    failed data/data_45/26833.mp4: HTTPSConnectionPool(host='huggingface.co', port=443): Max retries exceeded with url: /datasets/Voxel51/WLASL/resolve/main/data/data_45/26833.mp4 (Caused by NameResolutionError("HTTPSConnection(host='huggingface.co', port=443): Failed to resolve 'huggingface.co' ([Errno 11001] getaddrinfo failed)"))
    failed data/data_45/26834.mp4: HTTPSConnectionPool(host='huggingface.co', port=443): Max retries exceeded with url: /datasets/Voxel51/WLASL/resolve/main/data/data_45/26834.mp4 (Caused by NameResolutionError("HTTPSConnection(host='huggingface.co', port=443): Failed to resolve 'huggingface.co' ([Errno 11001] getaddrinfo failed)"))
    failed data/data_45/26835.mp4: HTTPSConnectionPool(host='huggingface.co', port=443): Max retries exceeded with url: /datasets/Voxel51/WLASL/resolve/main/data/data_45/26835.mp4 (Caused by NameResolutionError("HTTPSConnection(host='huggingface.co', port=443): Failed to resolve 'huggingface.co' ([Errno 11001] getaddrinfo failed)"))
    failed data/data_45/26836.mp4: HTTPSConnectionPool(host='huggingface.co', port=443): Max retries exceeded with url: /datasets/Voxel51/WLASL/resolve/main/data/data_45/26836.mp4 (Caused by NameResolutionError("HTTPSConnection(host='huggingface.co', port=443): Failed to resolve 'huggingface.co' ([Errno 11001] getaddrinfo failed)"))
    failed data/data_45/26837.mp4: HTTPSConnectionPool(host='huggingface.co', port=443): Max retries exceeded with url: /datasets/Voxel51/WLASL/resolve/main/data/data_45/26837.mp4 (Caused by NameResolutionError("HTTPSConnection(host='huggingface.co', port=443): Failed to resolve 'huggingface.co' ([Errno 11001] getaddrinfo failed)"))
    failed data/data_45/26839.mp4: HTTPSConnectionPool(host='huggingface.co', port=443): Max retries exceeded with url: /datasets/Voxel51/WLASL/resolve/main/data/data_45/26839.mp4 (Caused by NameResolutionError("HTTPSConnection(host='huggingface.co', port=443): Failed to resolve 'huggingface.co' ([Errno 11001] getaddrinfo failed)"))
    failed data/data_45/26840.mp4: HTTPSConnectionPool(host='huggingface.co', port=443): Max retries exceeded with url: /datasets/Voxel51/WLASL/resolve/main/data/data_45/26840.mp4 (Caused by NameResolutionError("HTTPSConnection(host='huggingface.co', port=443): Failed to resolve 'huggingface.co' ([Errno 11001] getaddrinfo failed)"))
    failed data/data_45/26846.mp4: HTTPSConnectionPool(host='huggingface.co', port=443): Max retries exceeded with url: /datasets/Voxel51/WLASL/resolve/main/data/data_45/26846.mp4 (Caused by NameResolutionError("HTTPSConnection(host='huggingface.co', port=443): Failed to resolve 'huggingface.co' ([Errno 11001] getaddrinfo failed)"))
    failed data/data_112/65881.mp4: HTTPSConnectionPool(host='huggingface.co', port=443): Max retries exceeded with url: /datasets/Voxel51/WLASL/resolve/main/data/data_112/65881.mp4 (Caused by NameResolutionError("HTTPSConnection(host='huggingface.co', port=443): Failed to resolve 'huggingface.co' ([Errno 11001] getaddrinfo failed)"))
  headache       0/9 clips
    failed data/data_45/26942.mp4: HTTPSConnectionPool(host='huggingface.co', port=443): Max retries exceeded with url: /datasets/Voxel51/WLASL/resolve/main/data/data_45/26942.mp4 (Caused by NameResolutionError("HTTPSConnection(host='huggingface.co', port=443): Failed to resolve 'huggingface.co' ([Errno 11001] getaddrinfo failed)"))
    failed data/data_45/26943.mp4: HTTPSConnectionPool(host='huggingface.co', port=443): Max retries exceeded with url: /datasets/Voxel51/WLASL/resolve/main/data/data_45/26943.mp4 (Caused by NameResolutionError("HTTPSConnection(host='huggingface.co', port=443): Failed to resolve 'huggingface.co' ([Errno 11001] getaddrinfo failed)"))
    failed data/data_45/26944.mp4: HTTPSConnectionPool(host='huggingface.co', port=443): Max retries exceeded with url: /datasets/Voxel51/WLASL/resolve/main/data/data_45/26944.mp4 (Caused by NameResolutionError("HTTPSConnection(host='huggingface.co', port=443): Failed to resolve 'huggingface.co' ([Errno 11001] getaddrinfo failed)"))
    failed data/data_45/26945.mp4: HTTPSConnectionPool(host='huggingface.co', port=443): Max retries exceeded with url: /datasets/Voxel51/WLASL/resolve/main/data/data_45/26945.mp4 (Caused by NameResolutionError("HTTPSConnection(host='huggingface.co', port=443): Failed to resolve 'huggingface.co' ([Errno 11001] getaddrinfo failed)"))
    failed data/data_45/26946.mp4: HTTPSConnectionPool(host='huggingface.co', port=443): Max retries exceeded with url: /datasets/Voxel51/WLASL/resolve/main/data/data_45/26946.mp4 (Caused by NameResolutionError("HTTPSConnection(host='huggingface.co', port=443): Failed to resolve 'huggingface.co' ([Errno 11001] getaddrinfo failed)"))
    failed data/data_45/26950.mp4: HTTPSConnectionPool(host='huggingface.co', port=443): Max retries exceeded with url: /datasets/Voxel51/WLASL/resolve/main/data/data_45/26950.mp4 (Caused by NameResolutionError("HTTPSConnection(host='huggingface.co', port=443): Failed to resolve 'huggingface.co' ([Errno 11001] getaddrinfo failed)"))
    failed data/data_45/26951.mp4: HTTPSConnectionPool(host='huggingface.co', port=443): Max retries exceeded with url: /datasets/Voxel51/WLASL/resolve/main/data/data_45/26951.mp4 (Caused by NameResolutionError("HTTPSConnection(host='huggingface.co', port=443): Failed to resolve 'huggingface.co' ([Errno 11001] getaddrinfo failed)"))
    failed data/data_45/26952.mp4: HTTPSConnectionPool(host='huggingface.co', port=443): Max retries exceeded with url: /datasets/Voxel51/WLASL/resolve/main/data/data_45/26952.mp4 (Caused by NameResolutionError("HTTPSConnection(host='huggingface.co', port=443): Failed to resolve 'huggingface.co' ([Errno 11001] getaddrinfo failed)"))
    failed data/data_45/26956.mp4: HTTPSConnectionPool(host='huggingface.co', port=443): Max retries exceeded with url: /datasets/Voxel51/WLASL/resolve/main/data/data_45/26956.mp4 (Caused by NameResolutionError("HTTPSConnection(host='huggingface.co', port=443): Failed to resolve 'huggingface.co' ([Errno 11001] getaddrinfo failed)"))
  hear           0/9 clips
    failed data/data_47/27920.mp4: HTTPSConnectionPool(host='huggingface.co', port=443): Max retries exceeded with url: /datasets/Voxel51/WLASL/resolve/main/data/data_47/27920.mp4 (Caused by NameResolutionError("HTTPSConnection(host='huggingface.co', port=443): Failed to resolve 'huggingface.co' ([Errno 11001] getaddrinfo failed)"))
    failed data/data_47/27921.mp4: HTTPSConnectionPool(host='huggingface.co', port=443): Max retries exceeded with url: /datasets/Voxel51/WLASL/resolve/main/data/data_47/27921.mp4 (Caused by NameResolutionError("HTTPSConnection(host='huggingface.co', port=443): Failed to resolve 'huggingface.co' ([Errno 11001] getaddrinfo failed)"))
    failed data/data_47/27922.mp4: HTTPSConnectionPool(host='huggingface.co', port=443): Max retries exceeded with url: /datasets/Voxel51/WLASL/resolve/main/data/data_47/27922.mp4 (Caused by NameResolutionError("HTTPSConnection(host='huggingface.co', port=443): Failed to resolve 'huggingface.co' ([Errno 11001] getaddrinfo failed)"))
    failed data/data_47/27923.mp4: HTTPSConnectionPool(host='huggingface.co', port=443): Max retries exceeded with url: /datasets/Voxel51/WLASL/resolve/main/data/data_47/27923.mp4 (Caused by NameResolutionError("HTTPSConnection(host='huggingface.co', port=443): Failed to resolve 'huggingface.co' ([Errno 11001] getaddrinfo failed)"))
    failed data/data_47/27925.mp4: HTTPSConnectionPool(host='huggingface.co', port=443): Max retries exceeded with url: /datasets/Voxel51/WLASL/resolve/main/data/data_47/27925.mp4 (Caused by NameResolutionError("HTTPSConnection(host='huggingface.co', port=443): Failed to resolve 'huggingface.co' ([Errno 11001] getaddrinfo failed)"))
    failed data/data_47/27926.mp4: HTTPSConnectionPool(host='huggingface.co', port=443): Max retries exceeded with url: /datasets/Voxel51/WLASL/resolve/main/data/data_47/27926.mp4 (Caused by NameResolutionError("HTTPSConnection(host='huggingface.co', port=443): Failed to resolve 'huggingface.co' ([Errno 11001] getaddrinfo failed)"))
    failed data/data_47/27929.mp4: HTTPSConnectionPool(host='huggingface.co', port=443): Max retries exceeded with url: /datasets/Voxel51/WLASL/resolve/main/data/data_47/27929.mp4 (Caused by NameResolutionError("HTTPSConnection(host='huggingface.co', port=443): Failed to resolve 'huggingface.co' ([Errno 11001] getaddrinfo failed)"))
    failed data/data_47/27934.mp4: HTTPSConnectionPool(host='huggingface.co', port=443): Max retries exceeded with url: /datasets/Voxel51/WLASL/resolve/main/data/data_47/27934.mp4 (Caused by NameResolutionError("HTTPSConnection(host='huggingface.co', port=443): Failed to resolve 'huggingface.co' ([Errno 11001] getaddrinfo failed)"))
    failed data/data_112/65905.mp4: HTTPSConnectionPool(host='huggingface.co', port=443): Max retries exceeded with url: /datasets/Voxel51/WLASL/resolve/main/data/data_112/65905.mp4 (Caused by NameResolutionError("HTTPSConnection(host='huggingface.co', port=443): Failed to resolve 'huggingface.co' ([Errno 11001] getaddrinfo failed)"))
  hope           0/9 clips
    failed data/data_48/29136.mp4: HTTPSConnectionPool(host='huggingface.co', port=443): Max retries exceeded with url: /datasets/Voxel51/WLASL/resolve/main/data/data_48/29136.mp4 (Caused by NameResolutionError("HTTPSConnection(host='huggingface.co', port=443): Failed to resolve 'huggingface.co' ([Errno 11001] getaddrinfo failed)"))
    failed data/data_48/29137.mp4: HTTPSConnectionPool(host='huggingface.co', port=443): Max retries exceeded with url: /datasets/Voxel51/WLASL/resolve/main/data/data_48/29137.mp4 (Caused by NameResolutionError("HTTPSConnection(host='huggingface.co', port=443): Failed to resolve 'huggingface.co' ([Errno 11001] getaddrinfo failed)"))
    failed data/data_48/29138.mp4: HTTPSConnectionPool(host='huggingface.co', port=443): Max retries exceeded with url: /datasets/Voxel51/WLASL/resolve/main/data/data_48/29138.mp4 (Caused by NameResolutionError("HTTPSConnection(host='huggingface.co', port=443): Failed to resolve 'huggingface.co' ([Errno 11001] getaddrinfo failed)"))
    failed data/data_48/29139.mp4: HTTPSConnectionPool(host='huggingface.co', port=443): Max retries exceeded with url: /datasets/Voxel51/WLASL/resolve/main/data/data_48/29139.mp4 (Caused by NameResolutionError("HTTPSConnection(host='huggingface.co', port=443): Failed to resolve 'huggingface.co' ([Errno 11001] getaddrinfo failed)"))
    failed data/data_48/29143.mp4: HTTPSConnectionPool(host='huggingface.co', port=443): Max retries exceeded with url: /datasets/Voxel51/WLASL/resolve/main/data/data_48/29143.mp4 (Caused by NameResolutionError("HTTPSConnection(host='huggingface.co', port=443): Failed to resolve 'huggingface.co' ([Errno 11001] getaddrinfo failed)"))
    failed data/data_48/29144.mp4: HTTPSConnectionPool(host='huggingface.co', port=443): Max retries exceeded with url: /datasets/Voxel51/WLASL/resolve/main/data/data_48/29144.mp4 (Caused by NameResolutionError("HTTPSConnection(host='huggingface.co', port=443): Failed to resolve 'huggingface.co' ([Errno 11001] getaddrinfo failed)"))
    failed data/data_48/29145.mp4: HTTPSConnectionPool(host='huggingface.co', port=443): Max retries exceeded with url: /datasets/Voxel51/WLASL/resolve/main/data/data_48/29145.mp4 (Caused by NameResolutionError("HTTPSConnection(host='huggingface.co', port=443): Failed to resolve 'huggingface.co' ([Errno 11001] getaddrinfo failed)"))
    failed data/data_48/29147.mp4: HTTPSConnectionPool(host='huggingface.co', port=443): Max retries exceeded with url: /datasets/Voxel51/WLASL/resolve/main/data/data_48/29147.mp4 (Caused by NameResolutionError("HTTPSConnection(host='huggingface.co', port=443): Failed to resolve 'huggingface.co' ([Errno 11001] getaddrinfo failed)"))
    failed data/data_112/65929.mp4: HTTPSConnectionPool(host='huggingface.co', port=443): Max retries exceeded with url: /datasets/Voxel51/WLASL/resolve/main/data/data_112/65929.mp4 (Caused by NameResolutionError("HTTPSConnection(host='huggingface.co', port=443): Failed to resolve 'huggingface.co' ([Errno 11001] getaddrinfo failed)"))
  improve        0/9 clips
    failed data/data_49/29646.mp4: HTTPSConnectionPool(host='huggingface.co', port=443): Max retries exceeded with url: /datasets/Voxel51/WLASL/resolve/main/data/data_49/29646.mp4 (Caused by NameResolutionError("HTTPSConnection(host='huggingface.co', port=443): Failed to resolve 'huggingface.co' ([Errno 11001] getaddrinfo failed)"))
    failed data/data_49/29647.mp4: HTTPSConnectionPool(host='huggingface.co', port=443): Max retries exceeded with url: /datasets/Voxel51/WLASL/resolve/main/data/data_49/29647.mp4 (Caused by NameResolutionError("HTTPSConnection(host='huggingface.co', port=443): Failed to resolve 'huggingface.co' ([Errno 11001] getaddrinfo failed)"))
    failed data/data_49/29648.mp4: HTTPSConnectionPool(host='huggingface.co', port=443): Max retries exceeded with url: /datasets/Voxel51/WLASL/resolve/main/data/data_49/29648.mp4 (Caused by NameResolutionError("HTTPSConnection(host='huggingface.co', port=443): Failed to resolve 'huggingface.co' ([Errno 11001] getaddrinfo failed)"))
    failed data/data_49/29649.mp4: HTTPSConnectionPool(host='huggingface.co', port=443): Max retries exceeded with url: /datasets/Voxel51/WLASL/resolve/main/data/data_49/29649.mp4 (Caused by NameResolutionError("HTTPSConnection(host='huggingface.co', port=443): Failed to resolve 'huggingface.co' ([Errno 11001] getaddrinfo failed)"))
    failed data/data_49/29655.mp4: HTTPSConnectionPool(host='huggingface.co', port=443): Max retries exceeded with url: /datasets/Voxel51/WLASL/resolve/main/data/data_49/29655.mp4 (Caused by NameResolutionError("HTTPSConnection(host='huggingface.co', port=443): Failed to resolve 'huggingface.co' ([Errno 11001] getaddrinfo failed)"))
    failed data/data_49/29656.mp4: HTTPSConnectionPool(host='huggingface.co', port=443): Max retries exceeded with url: /datasets/Voxel51/WLASL/resolve/main/data/data_49/29656.mp4 (Caused by NameResolutionError("HTTPSConnection(host='huggingface.co', port=443): Failed to resolve 'huggingface.co' ([Errno 11001] getaddrinfo failed)"))
    failed data/data_49/29657.mp4: HTTPSConnectionPool(host='huggingface.co', port=443): Max retries exceeded with url: /datasets/Voxel51/WLASL/resolve/main/data/data_49/29657.mp4 (Caused by NameResolutionError("HTTPSConnection(host='huggingface.co', port=443): Failed to resolve 'huggingface.co' ([Errno 11001] getaddrinfo failed)"))
    failed data/data_49/29661.mp4: HTTPSConnectionPool(host='huggingface.co', port=443): Max retries exceeded with url: /datasets/Voxel51/WLASL/resolve/main/data/data_49/29661.mp4 (Caused by NameResolutionError("HTTPSConnection(host='huggingface.co', port=443): Failed to resolve 'huggingface.co' ([Errno 11001] getaddrinfo failed)"))
    failed data/data_112/65940.mp4: HTTPSConnectionPool(host='huggingface.co', port=443): Max retries exceeded with url: /datasets/Voxel51/WLASL/resolve/main/data/data_112/65940.mp4 (Caused by NameResolutionError("HTTPSConnection(host='huggingface.co', port=443): Failed to resolve 'huggingface.co' ([Errno 11001] getaddrinfo failed)"))
  inform         0/9 clips
    failed data/data_52/31749.mp4: HTTPSConnectionPool(host='huggingface.co', port=443): Max retries exceeded with url: /datasets/Voxel51/WLASL/resolve/main/data/data_52/31749.mp4 (Caused by NameResolutionError("HTTPSConnection(host='huggingface.co', port=443): Failed to resolve 'huggingface.co' ([Errno 11001] getaddrinfo failed)"))
    failed data/data_52/31750.mp4: HTTPSConnectionPool(host='huggingface.co', port=443): Max retries exceeded with url: /datasets/Voxel51/WLASL/resolve/main/data/data_52/31750.mp4 (Caused by NameResolutionError("HTTPSConnection(host='huggingface.co', port=443): Failed to resolve 'huggingface.co' ([Errno 11001] getaddrinfo failed)"))
    failed data/data_52/31751.mp4: HTTPSConnectionPool(host='huggingface.co', port=443): Max retries exceeded with url: /datasets/Voxel51/WLASL/resolve/main/data/data_52/31751.mp4 (Caused by NameResolutionError("HTTPSConnection(host='huggingface.co', port=443): Failed to resolve 'huggingface.co' ([Errno 11001] getaddrinfo failed)"))
    failed data/data_52/31752.mp4: HTTPSConnectionPool(host='huggingface.co', port=443): Max retries exceeded with url: /datasets/Voxel51/WLASL/resolve/main/data/data_52/31752.mp4 (Caused by NameResolutionError("HTTPSConnection(host='huggingface.co', port=443): Failed to resolve 'huggingface.co' ([Errno 11001] getaddrinfo failed)"))
    failed data/data_52/31753.mp4: HTTPSConnectionPool(host='huggingface.co', port=443): Max retries exceeded with url: /datasets/Voxel51/WLASL/resolve/main/data/data_52/31753.mp4 (Caused by NameResolutionError("HTTPSConnection(host='huggingface.co', port=443): Failed to resolve 'huggingface.co' ([Errno 11001] getaddrinfo failed)"))
    failed data/data_52/31755.mp4: HTTPSConnectionPool(host='huggingface.co', port=443): Max retries exceeded with url: /datasets/Voxel51/WLASL/resolve/main/data/data_52/31755.mp4 (Caused by NameResolutionError("HTTPSConnection(host='huggingface.co', port=443): Failed to resolve 'huggingface.co' ([Errno 11001] getaddrinfo failed)"))
    failed data/data_52/31756.mp4: HTTPSConnectionPool(host='huggingface.co', port=443): Max retries exceeded with url: /datasets/Voxel51/WLASL/resolve/main/data/data_52/31756.mp4 (Caused by NameResolutionError("HTTPSConnection(host='huggingface.co', port=443): Failed to resolve 'huggingface.co' ([Errno 11001] getaddrinfo failed)"))
    failed data/data_52/31767.mp4: HTTPSConnectionPool(host='huggingface.co', port=443): Max retries exceeded with url: /datasets/Voxel51/WLASL/resolve/main/data/data_52/31767.mp4 (Caused by NameResolutionError("HTTPSConnection(host='huggingface.co', port=443): Failed to resolve 'huggingface.co' ([Errno 11001] getaddrinfo failed)"))
    failed data/data_112/65996.mp4: HTTPSConnectionPool(host='huggingface.co', port=443): Max retries exceeded with url: /datasets/Voxel51/WLASL/resolve/main/data/data_112/65996.mp4 (Caused by NameResolutionError("HTTPSConnection(host='huggingface.co', port=443): Failed to resolve 'huggingface.co' ([Errno 11001] getaddrinfo failed)"))
  kiss           0/9 clips
    failed data/data_55/33472.mp4: HTTPSConnectionPool(host='huggingface.co', port=443): Max retries exceeded with url: /datasets/Voxel51/WLASL/resolve/main/data/data_55/33472.mp4 (Caused by NameResolutionError("HTTPSConnection(host='huggingface.co', port=443): Failed to resolve 'huggingface.co' ([Errno 11001] getaddrinfo failed)"))
    failed data/data_55/33473.mp4: HTTPSConnectionPool(host='huggingface.co', port=443): Max retries exceeded with url: /datasets/Voxel51/WLASL/resolve/main/data/data_55/33473.mp4 (Caused by NameResolutionError("HTTPSConnection(host='huggingface.co', port=443): Failed to resolve 'huggingface.co' ([Errno 11001] getaddrinfo failed)"))
    failed data/data_55/33474.mp4: HTTPSConnectionPool(host='huggingface.co', port=443): Max retries exceeded with url: /datasets/Voxel51/WLASL/resolve/main/data/data_55/33474.mp4 (Caused by NameResolutionError("HTTPSConnection(host='huggingface.co', port=443): Failed to resolve 'huggingface.co' ([Errno 11001] getaddrinfo failed)"))
    failed data/data_55/33475.mp4: HTTPSConnectionPool(host='huggingface.co', port=443): Max retries exceeded with url: /datasets/Voxel51/WLASL/resolve/main/data/data_55/33475.mp4 (Caused by NameResolutionError("HTTPSConnection(host='huggingface.co', port=443): Failed to resolve 'huggingface.co' ([Errno 11001] getaddrinfo failed)"))
    failed data/data_55/33477.mp4: HTTPSConnectionPool(host='huggingface.co', port=443): Max retries exceeded with url: /datasets/Voxel51/WLASL/resolve/main/data/data_55/33477.mp4 (Caused by NameResolutionError("HTTPSConnection(host='huggingface.co', port=443): Failed to resolve 'huggingface.co' ([Errno 11001] getaddrinfo failed)"))
    failed data/data_55/33479.mp4: HTTPSConnectionPool(host='huggingface.co', port=443): Max retries exceeded with url: /datasets/Voxel51/WLASL/resolve/main/data/data_55/33479.mp4 (Caused by NameResolutionError("HTTPSConnection(host='huggingface.co', port=443): Failed to resolve 'huggingface.co' ([Errno 11001] getaddrinfo failed)"))
    failed data/data_55/33480.mp4: HTTPSConnectionPool(host='huggingface.co', port=443): Max retries exceeded with url: /datasets/Voxel51/WLASL/resolve/main/data/data_55/33480.mp4 (Caused by NameResolutionError("HTTPSConnection(host='huggingface.co', port=443): Failed to resolve 'huggingface.co' ([Errno 11001] getaddrinfo failed)"))
    failed data/data_55/33486.mp4: HTTPSConnectionPool(host='huggingface.co', port=443): Max retries exceeded with url: /datasets/Voxel51/WLASL/resolve/main/data/data_55/33486.mp4 (Caused by NameResolutionError("HTTPSConnection(host='huggingface.co', port=443): Failed to resolve 'huggingface.co' ([Errno 11001] getaddrinfo failed)"))
    failed data/data_113/66075.mp4: HTTPSConnectionPool(host='huggingface.co', port=443): Max retries exceeded with url: /datasets/Voxel51/WLASL/resolve/main/data/data_113/66075.mp4 (Caused by NameResolutionError("HTTPSConnection(host='huggingface.co', port=443): Failed to resolve 'huggingface.co' ([Errno 11001] getaddrinfo failed)"))
  list           0/9 clips
    failed data/data_55/34002.mp4: HTTPSConnectionPool(host='huggingface.co', port=443): Max retries exceeded with url: /datasets/Voxel51/WLASL/resolve/main/data/data_55/34002.mp4 (Caused by NameResolutionError("HTTPSConnection(host='huggingface.co', port=443): Failed to resolve 'huggingface.co' ([Errno 11001] getaddrinfo failed)"))
    failed data/data_56/34004.mp4: HTTPSConnectionPool(host='huggingface.co', port=443): Max retries exceeded with url: /datasets/Voxel51/WLASL/resolve/main/data/data_56/34004.mp4 (Caused by NameResolutionError("HTTPSConnection(host='huggingface.co', port=443): Failed to resolve 'huggingface.co' ([Errno 11001] getaddrinfo failed)"))
    failed data/data_56/34005.mp4: HTTPSConnectionPool(host='huggingface.co', port=443): Max retries exceeded with url: /datasets/Voxel51/WLASL/resolve/main/data/data_56/34005.mp4 (Caused by NameResolutionError("HTTPSConnection(host='huggingface.co', port=443): Failed to resolve 'huggingface.co' ([Errno 11001] getaddrinfo failed)"))
    failed data/data_56/34006.mp4: HTTPSConnectionPool(host='huggingface.co', port=443): Max retries exceeded with url: /datasets/Voxel51/WLASL/resolve/main/data/data_56/34006.mp4 (Caused by NameResolutionError("HTTPSConnection(host='huggingface.co', port=443): Failed to resolve 'huggingface.co' ([Errno 11001] getaddrinfo failed)"))
    failed data/data_56/34007.mp4: HTTPSConnectionPool(host='huggingface.co', port=443): Max retries exceeded with url: /datasets/Voxel51/WLASL/resolve/main/data/data_56/34007.mp4 (Caused by NameResolutionError("HTTPSConnection(host='huggingface.co', port=443): Failed to resolve 'huggingface.co' ([Errno 11001] getaddrinfo failed)"))
    failed data/data_56/34008.mp4: HTTPSConnectionPool(host='huggingface.co', port=443): Max retries exceeded with url: /datasets/Voxel51/WLASL/resolve/main/data/data_56/34008.mp4 (Caused by NameResolutionError("HTTPSConnection(host='huggingface.co', port=443): Failed to resolve 'huggingface.co' ([Errno 11001] getaddrinfo failed)"))
    failed data/data_56/34012.mp4: HTTPSConnectionPool(host='huggingface.co', port=443): Max retries exceeded with url: /datasets/Voxel51/WLASL/resolve/main/data/data_56/34012.mp4 (Caused by NameResolutionError("HTTPSConnection(host='huggingface.co', port=443): Failed to resolve 'huggingface.co' ([Errno 11001] getaddrinfo failed)"))
    failed data/data_56/34017.mp4: HTTPSConnectionPool(host='huggingface.co', port=443): Max retries exceeded with url: /datasets/Voxel51/WLASL/resolve/main/data/data_56/34017.mp4 (Caused by NameResolutionError("HTTPSConnection(host='huggingface.co', port=443): Failed to resolve 'huggingface.co' ([Errno 11001] getaddrinfo failed)"))
    failed data/data_56/34018.mp4: HTTPSConnectionPool(host='huggingface.co', port=443): Max retries exceeded with url: /datasets/Voxel51/WLASL/resolve/main/data/data_56/34018.mp4 (Caused by NameResolutionError("HTTPSConnection(host='huggingface.co', port=443): Failed to resolve 'huggingface.co' ([Errno 11001] getaddrinfo failed)"))
  lose           0/9 clips
    failed data/data_56/34575.mp4: HTTPSConnectionPool(host='huggingface.co', port=443): Max retries exceeded with url: /datasets/Voxel51/WLASL/resolve/main/data/data_56/34575.mp4 (Caused by NameResolutionError("HTTPSConnection(host='huggingface.co', port=443): Failed to resolve 'huggingface.co' ([Errno 11001] getaddrinfo failed)"))
    failed data/data_56/34577.mp4: HTTPSConnectionPool(host='huggingface.co', port=443): Max retries exceeded with url: /datasets/Voxel51/WLASL/resolve/main/data/data_56/34577.mp4 (Caused by NameResolutionError("HTTPSConnection(host='huggingface.co', port=443): Failed to resolve 'huggingface.co' ([Errno 11001] getaddrinfo failed)"))
    failed data/data_56/34578.mp4: HTTPSConnectionPool(host='huggingface.co', port=443): Max retries exceeded with url: /datasets/Voxel51/WLASL/resolve/main/data/data_56/34578.mp4 (Caused by NameResolutionError("HTTPSConnection(host='huggingface.co', port=443): Failed to resolve 'huggingface.co' ([Errno 11001] getaddrinfo failed)"))
    failed data/data_56/34579.mp4: HTTPSConnectionPool(host='huggingface.co', port=443): Max retries exceeded with url: /datasets/Voxel51/WLASL/resolve/main/data/data_56/34579.mp4 (Caused by NameResolutionError("HTTPSConnection(host='huggingface.co', port=443): Failed to resolve 'huggingface.co' ([Errno 11001] getaddrinfo failed)"))
    failed data/data_56/34580.mp4: HTTPSConnectionPool(host='huggingface.co', port=443): Max retries exceeded with url: /datasets/Voxel51/WLASL/resolve/main/data/data_56/34580.mp4 (Caused by NameResolutionError("HTTPSConnection(host='huggingface.co', port=443): Failed to resolve 'huggingface.co' ([Errno 11001] getaddrinfo failed)"))
    failed data/data_56/34581.mp4: HTTPSConnectionPool(host='huggingface.co', port=443): Max retries exceeded with url: /datasets/Voxel51/WLASL/resolve/main/data/data_56/34581.mp4 (Caused by NameResolutionError("HTTPSConnection(host='huggingface.co', port=443): Failed to resolve 'huggingface.co' ([Errno 11001] getaddrinfo failed)"))
    failed data/data_56/34583.mp4: HTTPSConnectionPool(host='huggingface.co', port=443): Max retries exceeded with url: /datasets/Voxel51/WLASL/resolve/main/data/data_56/34583.mp4 (Caused by NameResolutionError("HTTPSConnection(host='huggingface.co', port=443): Failed to resolve 'huggingface.co' ([Errno 11001] getaddrinfo failed)"))
    failed data/data_56/34584.mp4: HTTPSConnectionPool(host='huggingface.co', port=443): Max retries exceeded with url: /datasets/Voxel51/WLASL/resolve/main/data/data_56/34584.mp4 (Caused by NameResolutionError("HTTPSConnection(host='huggingface.co', port=443): Failed to resolve 'huggingface.co' ([Errno 11001] getaddrinfo failed)"))
    failed data/data_56/34586.mp4: HTTPSConnectionPool(host='huggingface.co', port=443): Max retries exceeded with url: /datasets/Voxel51/WLASL/resolve/main/data/data_56/34586.mp4 (Caused by NameResolutionError("HTTPSConnection(host='huggingface.co', port=443): Failed to resolve 'huggingface.co' ([Errno 11001] getaddrinfo failed)"))
  make           0/9 clips
    failed data/data_58/36242.mp4: HTTPSConnectionPool(host='huggingface.co', port=443): Max retries exceeded with url: /datasets/Voxel51/WLASL/resolve/main/data/data_58/36242.mp4 (Caused by NameResolutionError("HTTPSConnection(host='huggingface.co', port=443): Failed to resolve 'huggingface.co' ([Errno 11001] getaddrinfo failed)"))
    failed data/data_58/36243.mp4: HTTPSConnectionPool(host='huggingface.co', port=443): Max retries exceeded with url: /datasets/Voxel51/WLASL/resolve/main/data/data_58/36243.mp4 (Caused by NameResolutionError("HTTPSConnection(host='huggingface.co', port=443): Failed to resolve 'huggingface.co' ([Errno 11001] getaddrinfo failed)"))
    failed data/data_58/36244.mp4: HTTPSConnectionPool(host='huggingface.co', port=443): Max retries exceeded with url: /datasets/Voxel51/WLASL/resolve/main/data/data_58/36244.mp4 (Caused by NameResolutionError("HTTPSConnection(host='huggingface.co', port=443): Failed to resolve 'huggingface.co' ([Errno 11001] getaddrinfo failed)"))
    failed data/data_58/36245.mp4: HTTPSConnectionPool(host='huggingface.co', port=443): Max retries exceeded with url: /datasets/Voxel51/WLASL/resolve/main/data/data_58/36245.mp4 (Caused by NameResolutionError("HTTPSConnection(host='huggingface.co', port=443): Failed to resolve 'huggingface.co' ([Errno 11001] getaddrinfo failed)"))
    failed data/data_58/36248.mp4: HTTPSConnectionPool(host='huggingface.co', port=443): Max retries exceeded with url: /datasets/Voxel51/WLASL/resolve/main/data/data_58/36248.mp4 (Caused by NameResolutionError("HTTPSConnection(host='huggingface.co', port=443): Failed to resolve 'huggingface.co' ([Errno 11001] getaddrinfo failed)"))
    failed data/data_58/36249.mp4: HTTPSConnectionPool(host='huggingface.co', port=443): Max retries exceeded with url: /datasets/Voxel51/WLASL/resolve/main/data/data_58/36249.mp4 (Caused by NameResolutionError("HTTPSConnection(host='huggingface.co', port=443): Failed to resolve 'huggingface.co' ([Errno 11001] getaddrinfo failed)"))
    failed data/data_58/36251.mp4: HTTPSConnectionPool(host='huggingface.co', port=443): Max retries exceeded with url: /datasets/Voxel51/WLASL/resolve/main/data/data_58/36251.mp4 (Caused by NameResolutionError("HTTPSConnection(host='huggingface.co', port=443): Failed to resolve 'huggingface.co' ([Errno 11001] getaddrinfo failed)"))
    failed data/data_113/66127.mp4: HTTPSConnectionPool(host='huggingface.co', port=443): Max retries exceeded with url: /datasets/Voxel51/WLASL/resolve/main/data/data_113/66127.mp4 (Caused by NameResolutionError("HTTPSConnection(host='huggingface.co', port=443): Failed to resolve 'huggingface.co' ([Errno 11001] getaddrinfo failed)"))
    failed data/data_113/66128.mp4: HTTPSConnectionPool(host='huggingface.co', port=443): Max retries exceeded with url: /datasets/Voxel51/WLASL/resolve/main/data/data_113/66128.mp4 (Caused by NameResolutionError("HTTPSConnection(host='huggingface.co', port=443): Failed to resolve 'huggingface.co' ([Errno 11001] getaddrinfo failed)"))
  minute         0/9 clips
    failed data/data_61/37784.mp4: HTTPSConnectionPool(host='huggingface.co', port=443): Max retries exceeded with url: /datasets/Voxel51/WLASL/resolve/main/data/data_61/37784.mp4 (Caused by NameResolutionError("HTTPSConnection(host='huggingface.co', port=443): Failed to resolve 'huggingface.co' ([Errno 11001] getaddrinfo failed)"))
    failed data/data_61/37785.mp4: HTTPSConnectionPool(host='huggingface.co', port=443): Max retries exceeded with url: /datasets/Voxel51/WLASL/resolve/main/data/data_61/37785.mp4 (Caused by NameResolutionError("HTTPSConnection(host='huggingface.co', port=443): Failed to resolve 'huggingface.co' ([Errno 11001] getaddrinfo failed)"))
    failed data/data_61/37786.mp4: HTTPSConnectionPool(host='huggingface.co', port=443): Max retries exceeded with url: /datasets/Voxel51/WLASL/resolve/main/data/data_61/37786.mp4 (Caused by NameResolutionError("HTTPSConnection(host='huggingface.co', port=443): Failed to resolve 'huggingface.co' ([Errno 11001] getaddrinfo failed)"))
    failed data/data_61/37787.mp4: HTTPSConnectionPool(host='huggingface.co', port=443): Max retries exceeded with url: /datasets/Voxel51/WLASL/resolve/main/data/data_61/37787.mp4 (Caused by NameResolutionError("HTTPSConnection(host='huggingface.co', port=443): Failed to resolve 'huggingface.co' ([Errno 11001] getaddrinfo failed)"))
    failed data/data_61/37788.mp4: HTTPSConnectionPool(host='huggingface.co', port=443): Max retries exceeded with url: /datasets/Voxel51/WLASL/resolve/main/data/data_61/37788.mp4 (Caused by NameResolutionError("HTTPSConnection(host='huggingface.co', port=443): Failed to resolve 'huggingface.co' ([Errno 11001] getaddrinfo failed)"))
    failed data/data_61/37789.mp4: HTTPSConnectionPool(host='huggingface.co', port=443): Max retries exceeded with url: /datasets/Voxel51/WLASL/resolve/main/data/data_61/37789.mp4 (Caused by NameResolutionError("HTTPSConnection(host='huggingface.co', port=443): Failed to resolve 'huggingface.co' ([Errno 11001] getaddrinfo failed)"))
    failed data/data_61/37790.mp4: HTTPSConnectionPool(host='huggingface.co', port=443): Max retries exceeded with url: /datasets/Voxel51/WLASL/resolve/main/data/data_61/37790.mp4 (Caused by NameResolutionError("HTTPSConnection(host='huggingface.co', port=443): Failed to resolve 'huggingface.co' ([Errno 11001] getaddrinfo failed)"))
    failed data/data_61/37794.mp4: HTTPSConnectionPool(host='huggingface.co', port=443): Max retries exceeded with url: /datasets/Voxel51/WLASL/resolve/main/data/data_61/37794.mp4 (Caused by NameResolutionError("HTTPSConnection(host='huggingface.co', port=443): Failed to resolve 'huggingface.co' ([Errno 11001] getaddrinfo failed)"))
    failed data/data_61/37796.mp4: HTTPSConnectionPool(host='huggingface.co', port=443): Max retries exceeded with url: /datasets/Voxel51/WLASL/resolve/main/data/data_61/37796.mp4 (Caused by NameResolutionError("HTTPSConnection(host='huggingface.co', port=443): Failed to resolve 'huggingface.co' ([Errno 11001] getaddrinfo failed)"))
  near           0/9 clips
    failed data/data_61/37850.mp4: HTTPSConnectionPool(host='huggingface.co', port=443): Max retries exceeded with url: /datasets/Voxel51/WLASL/resolve/main/data/data_61/37850.mp4 (Caused by NameResolutionError("HTTPSConnection(host='huggingface.co', port=443): Failed to resolve 'huggingface.co' ([Errno 11001] getaddrinfo failed)"))
    failed data/data_61/37851.mp4: HTTPSConnectionPool(host='huggingface.co', port=443): Max retries exceeded with url: /datasets/Voxel51/WLASL/resolve/main/data/data_61/37851.mp4 (Caused by NameResolutionError("HTTPSConnection(host='huggingface.co', port=443): Failed to resolve 'huggingface.co' ([Errno 11001] getaddrinfo failed)"))
    failed data/data_61/37852.mp4: HTTPSConnectionPool(host='huggingface.co', port=443): Max retries exceeded with url: /datasets/Voxel51/WLASL/resolve/main/data/data_61/37852.mp4 (Caused by NameResolutionError("HTTPSConnection(host='huggingface.co', port=443): Failed to resolve 'huggingface.co' ([Errno 11001] getaddrinfo failed)"))
    failed data/data_61/37853.mp4: HTTPSConnectionPool(host='huggingface.co', port=443): Max retries exceeded with url: /datasets/Voxel51/WLASL/resolve/main/data/data_61/37853.mp4 (Caused by NameResolutionError("HTTPSConnection(host='huggingface.co', port=443): Failed to resolve 'huggingface.co' ([Errno 11001] getaddrinfo failed)"))
    failed data/data_61/37854.mp4: HTTPSConnectionPool(host='huggingface.co', port=443): Max retries exceeded with url: /datasets/Voxel51/WLASL/resolve/main/data/data_61/37854.mp4 (Caused by NameResolutionError("HTTPSConnection(host='huggingface.co', port=443): Failed to resolve 'huggingface.co' ([Errno 11001] getaddrinfo failed)"))
    failed data/data_61/37855.mp4: HTTPSConnectionPool(host='huggingface.co', port=443): Max retries exceeded with url: /datasets/Voxel51/WLASL/resolve/main/data/data_61/37855.mp4 (Caused by NameResolutionError("HTTPSConnection(host='huggingface.co', port=443): Failed to resolve 'huggingface.co' ([Errno 11001] getaddrinfo failed)"))
    failed data/data_61/37859.mp4: HTTPSConnectionPool(host='huggingface.co', port=443): Max retries exceeded with url: /datasets/Voxel51/WLASL/resolve/main/data/data_61/37859.mp4 (Caused by NameResolutionError("HTTPSConnection(host='huggingface.co', port=443): Failed to resolve 'huggingface.co' ([Errno 11001] getaddrinfo failed)"))
    failed data/data_61/37864.mp4: HTTPSConnectionPool(host='huggingface.co', port=443): Max retries exceeded with url: /datasets/Voxel51/WLASL/resolve/main/data/data_61/37864.mp4 (Caused by NameResolutionError("HTTPSConnection(host='huggingface.co', port=443): Failed to resolve 'huggingface.co' ([Errno 11001] getaddrinfo failed)"))
    failed data/data_113/66162.mp4: HTTPSConnectionPool(host='huggingface.co', port=443): Max retries exceeded with url: /datasets/Voxel51/WLASL/resolve/main/data/data_113/66162.mp4 (Caused by NameResolutionError("HTTPSConnection(host='huggingface.co', port=443): Failed to resolve 'huggingface.co' ([Errno 11001] getaddrinfo failed)"))
  necklace       0/9 clips
    failed data/data_61/38122.mp4: HTTPSConnectionPool(host='huggingface.co', port=443): Max retries exceeded with url: /datasets/Voxel51/WLASL/resolve/main/data/data_61/38122.mp4 (Caused by NameResolutionError("HTTPSConnection(host='huggingface.co', port=443): Failed to resolve 'huggingface.co' ([Errno 11001] getaddrinfo failed)"))
    failed data/data_61/38123.mp4: HTTPSConnectionPool(host='huggingface.co', port=443): Max retries exceeded with url: /datasets/Voxel51/WLASL/resolve/main/data/data_61/38123.mp4 (Caused by NameResolutionError("HTTPSConnection(host='huggingface.co', port=443): Failed to resolve 'huggingface.co' ([Errno 11001] getaddrinfo failed)"))
    failed data/data_61/38124.mp4: HTTPSConnectionPool(host='huggingface.co', port=443): Max retries exceeded with url: /datasets/Voxel51/WLASL/resolve/main/data/data_61/38124.mp4 (Caused by NameResolutionError("HTTPSConnection(host='huggingface.co', port=443): Failed to resolve 'huggingface.co' ([Errno 11001] getaddrinfo failed)"))
    failed data/data_61/38125.mp4: HTTPSConnectionPool(host='huggingface.co', port=443): Max retries exceeded with url: /datasets/Voxel51/WLASL/resolve/main/data/data_61/38125.mp4 (Caused by NameResolutionError("HTTPSConnection(host='huggingface.co', port=443): Failed to resolve 'huggingface.co' ([Errno 11001] getaddrinfo failed)"))
    failed data/data_61/38126.mp4: HTTPSConnectionPool(host='huggingface.co', port=443): Max retries exceeded with url: /datasets/Voxel51/WLASL/resolve/main/data/data_61/38126.mp4 (Caused by NameResolutionError("HTTPSConnection(host='huggingface.co', port=443): Failed to resolve 'huggingface.co' ([Errno 11001] getaddrinfo failed)"))
    failed data/data_61/38127.mp4: HTTPSConnectionPool(host='huggingface.co', port=443): Max retries exceeded with url: /datasets/Voxel51/WLASL/resolve/main/data/data_61/38127.mp4 (Caused by NameResolutionError("HTTPSConnection(host='huggingface.co', port=443): Failed to resolve 'huggingface.co' ([Errno 11001] getaddrinfo failed)"))
    failed data/data_61/38130.mp4: HTTPSConnectionPool(host='huggingface.co', port=443): Max retries exceeded with url: /datasets/Voxel51/WLASL/resolve/main/data/data_61/38130.mp4 (Caused by NameResolutionError("HTTPSConnection(host='huggingface.co', port=443): Failed to resolve 'huggingface.co' ([Errno 11001] getaddrinfo failed)"))
    failed data/data_62/38133.mp4: HTTPSConnectionPool(host='huggingface.co', port=443): Max retries exceeded with url: /datasets/Voxel51/WLASL/resolve/main/data/data_62/38133.mp4 (Caused by NameResolutionError("HTTPSConnection(host='huggingface.co', port=443): Failed to resolve 'huggingface.co' ([Errno 11001] getaddrinfo failed)"))
    failed data/data_118/69407.mp4: HTTPSConnectionPool(host='huggingface.co', port=443): Max retries exceeded with url: /datasets/Voxel51/WLASL/resolve/main/data/data_118/69407.mp4 (Caused by NameResolutionError("HTTPSConnection(host='huggingface.co', port=443): Failed to resolve 'huggingface.co' ([Errno 11001] getaddrinfo failed)"))
  new            0/9 clips
    failed data/data_63/39456.mp4: HTTPSConnectionPool(host='huggingface.co', port=443): Max retries exceeded with url: /datasets/Voxel51/WLASL/resolve/main/data/data_63/39456.mp4 (Caused by NameResolutionError("HTTPSConnection(host='huggingface.co', port=443): Failed to resolve 'huggingface.co' ([Errno 11001] getaddrinfo failed)"))
    failed data/data_63/39457.mp4: HTTPSConnectionPool(host='huggingface.co', port=443): Max retries exceeded with url: /datasets/Voxel51/WLASL/resolve/main/data/data_63/39457.mp4 (Caused by NameResolutionError("HTTPSConnection(host='huggingface.co', port=443): Failed to resolve 'huggingface.co' ([Errno 11001] getaddrinfo failed)"))
    failed data/data_63/39458.mp4: HTTPSConnectionPool(host='huggingface.co', port=443): Max retries exceeded with url: /datasets/Voxel51/WLASL/resolve/main/data/data_63/39458.mp4 (Caused by NameResolutionError("HTTPSConnection(host='huggingface.co', port=443): Failed to resolve 'huggingface.co' ([Errno 11001] getaddrinfo failed)"))
    failed data/data_63/39459.mp4: HTTPSConnectionPool(host='huggingface.co', port=443): Max retries exceeded with url: /datasets/Voxel51/WLASL/resolve/main/data/data_63/39459.mp4 (Caused by NameResolutionError("HTTPSConnection(host='huggingface.co', port=443): Failed to resolve 'huggingface.co' ([Errno 11001] getaddrinfo failed)"))
    failed data/data_64/39460.mp4: HTTPSConnectionPool(host='huggingface.co', port=443): Max retries exceeded with url: /datasets/Voxel51/WLASL/resolve/main/data/data_64/39460.mp4 (Caused by NameResolutionError("HTTPSConnection(host='huggingface.co', port=443): Failed to resolve 'huggingface.co' ([Errno 11001] getaddrinfo failed)"))
    failed data/data_64/39462.mp4: HTTPSConnectionPool(host='huggingface.co', port=443): Max retries exceeded with url: /datasets/Voxel51/WLASL/resolve/main/data/data_64/39462.mp4 (Caused by NameResolutionError("HTTPSConnection(host='huggingface.co', port=443): Failed to resolve 'huggingface.co' ([Errno 11001] getaddrinfo failed)"))
    failed data/data_64/39463.mp4: HTTPSConnectionPool(host='huggingface.co', port=443): Max retries exceeded with url: /datasets/Voxel51/WLASL/resolve/main/data/data_64/39463.mp4 (Caused by NameResolutionError("HTTPSConnection(host='huggingface.co', port=443): Failed to resolve 'huggingface.co' ([Errno 11001] getaddrinfo failed)"))
    failed data/data_64/39468.mp4: HTTPSConnectionPool(host='huggingface.co', port=443): Max retries exceeded with url: /datasets/Voxel51/WLASL/resolve/main/data/data_64/39468.mp4 (Caused by NameResolutionError("HTTPSConnection(host='huggingface.co', port=443): Failed to resolve 'huggingface.co' ([Errno 11001] getaddrinfo failed)"))
    failed data/data_114/66224.mp4: HTTPSConnectionPool(host='huggingface.co', port=443): Max retries exceeded with url: /datasets/Voxel51/WLASL/resolve/main/data/data_114/66224.mp4 (Caused by NameResolutionError("HTTPSConnection(host='huggingface.co', port=443): Failed to resolve 'huggingface.co' ([Errno 11001] getaddrinfo failed)"))
  office         0/9 clips
    failed data/data_65/40464.mp4: HTTPSConnectionPool(host='huggingface.co', port=443): Max retries exceeded with url: /datasets/Voxel51/WLASL/resolve/main/data/data_65/40464.mp4 (Caused by NameResolutionError("HTTPSConnection(host='huggingface.co', port=443): Failed to resolve 'huggingface.co' ([Errno 11001] getaddrinfo failed)"))
    failed data/data_65/40465.mp4: HTTPSConnectionPool(host='huggingface.co', port=443): Max retries exceeded with url: /datasets/Voxel51/WLASL/resolve/main/data/data_65/40465.mp4 (Caused by NameResolutionError("HTTPSConnection(host='huggingface.co', port=443): Failed to resolve 'huggingface.co' ([Errno 11001] getaddrinfo failed)"))
    failed data/data_65/40467.mp4: HTTPSConnectionPool(host='huggingface.co', port=443): Max retries exceeded with url: /datasets/Voxel51/WLASL/resolve/main/data/data_65/40467.mp4 (Caused by NameResolutionError("HTTPSConnection(host='huggingface.co', port=443): Failed to resolve 'huggingface.co' ([Errno 11001] getaddrinfo failed)"))
    failed data/data_65/40468.mp4: HTTPSConnectionPool(host='huggingface.co', port=443): Max retries exceeded with url: /datasets/Voxel51/WLASL/resolve/main/data/data_65/40468.mp4 (Caused by NameResolutionError("HTTPSConnection(host='huggingface.co', port=443): Failed to resolve 'huggingface.co' ([Errno 11001] getaddrinfo failed)"))
    failed data/data_65/40469.mp4: HTTPSConnectionPool(host='huggingface.co', port=443): Max retries exceeded with url: /datasets/Voxel51/WLASL/resolve/main/data/data_65/40469.mp4 (Caused by NameResolutionError("HTTPSConnection(host='huggingface.co', port=443): Failed to resolve 'huggingface.co' ([Errno 11001] getaddrinfo failed)"))
    failed data/data_65/40470.mp4: HTTPSConnectionPool(host='huggingface.co', port=443): Max retries exceeded with url: /datasets/Voxel51/WLASL/resolve/main/data/data_65/40470.mp4 (Caused by NameResolutionError("HTTPSConnection(host='huggingface.co', port=443): Failed to resolve 'huggingface.co' ([Errno 11001] getaddrinfo failed)"))
    failed data/data_65/40474.mp4: HTTPSConnectionPool(host='huggingface.co', port=443): Max retries exceeded with url: /datasets/Voxel51/WLASL/resolve/main/data/data_65/40474.mp4 (Caused by NameResolutionError("HTTPSConnection(host='huggingface.co', port=443): Failed to resolve 'huggingface.co' ([Errno 11001] getaddrinfo failed)"))
    failed data/data_65/40476.mp4: HTTPSConnectionPool(host='huggingface.co', port=443): Max retries exceeded with url: /datasets/Voxel51/WLASL/resolve/main/data/data_65/40476.mp4 (Caused by NameResolutionError("HTTPSConnection(host='huggingface.co', port=443): Failed to resolve 'huggingface.co' ([Errno 11001] getaddrinfo failed)"))
    failed data/data_65/40477.mp4: HTTPSConnectionPool(host='huggingface.co', port=443): Max retries exceeded with url: /datasets/Voxel51/WLASL/resolve/main/data/data_65/40477.mp4 (Caused by NameResolutionError("HTTPSConnection(host='huggingface.co', port=443): Failed to resolve 'huggingface.co' ([Errno 11001] getaddrinfo failed)"))
  outside        0/9 clips
    failed data/data_66/41311.mp4: HTTPSConnectionPool(host='huggingface.co', port=443): Max retries exceeded with url: /datasets/Voxel51/WLASL/resolve/main/data/data_66/41311.mp4 (Caused by NameResolutionError("HTTPSConnection(host='huggingface.co', port=443): Failed to resolve 'huggingface.co' ([Errno 11001] getaddrinfo failed)"))
    failed data/data_66/41312.mp4: HTTPSConnectionPool(host='huggingface.co', port=443): Max retries exceeded with url: /datasets/Voxel51/WLASL/resolve/main/data/data_66/41312.mp4 (Caused by NameResolutionError("HTTPSConnection(host='huggingface.co', port=443): Failed to resolve 'huggingface.co' ([Errno 11001] getaddrinfo failed)"))
    failed data/data_66/41315.mp4: HTTPSConnectionPool(host='huggingface.co', port=443): Max retries exceeded with url: /datasets/Voxel51/WLASL/resolve/main/data/data_66/41315.mp4 (Caused by NameResolutionError("HTTPSConnection(host='huggingface.co', port=443): Failed to resolve 'huggingface.co' ([Errno 11001] getaddrinfo failed)"))
    failed data/data_66/41316.mp4: HTTPSConnectionPool(host='huggingface.co', port=443): Max retries exceeded with url: /datasets/Voxel51/WLASL/resolve/main/data/data_66/41316.mp4 (Caused by NameResolutionError("HTTPSConnection(host='huggingface.co', port=443): Failed to resolve 'huggingface.co' ([Errno 11001] getaddrinfo failed)"))
    failed data/data_66/41317.mp4: HTTPSConnectionPool(host='huggingface.co', port=443): Max retries exceeded with url: /datasets/Voxel51/WLASL/resolve/main/data/data_66/41317.mp4 (Caused by NameResolutionError("HTTPSConnection(host='huggingface.co', port=443): Failed to resolve 'huggingface.co' ([Errno 11001] getaddrinfo failed)"))
    failed data/data_66/41321.mp4: HTTPSConnectionPool(host='huggingface.co', port=443): Max retries exceeded with url: /datasets/Voxel51/WLASL/resolve/main/data/data_66/41321.mp4 (Caused by NameResolutionError("HTTPSConnection(host='huggingface.co', port=443): Failed to resolve 'huggingface.co' ([Errno 11001] getaddrinfo failed)"))
    failed data/data_66/41322.mp4: HTTPSConnectionPool(host='huggingface.co', port=443): Max retries exceeded with url: /datasets/Voxel51/WLASL/resolve/main/data/data_66/41322.mp4 (Caused by NameResolutionError("HTTPSConnection(host='huggingface.co', port=443): Failed to resolve 'huggingface.co' ([Errno 11001] getaddrinfo failed)"))
    failed data/data_66/41325.mp4: HTTPSConnectionPool(host='huggingface.co', port=443): Max retries exceeded with url: /datasets/Voxel51/WLASL/resolve/main/data/data_66/41325.mp4 (Caused by NameResolutionError("HTTPSConnection(host='huggingface.co', port=443): Failed to resolve 'huggingface.co' ([Errno 11001] getaddrinfo failed)"))
    failed data/data_114/66265.mp4: HTTPSConnectionPool(host='huggingface.co', port=443): Max retries exceeded with url: /datasets/Voxel51/WLASL/resolve/main/data/data_114/66265.mp4 (Caused by NameResolutionError("HTTPSConnection(host='huggingface.co', port=443): Failed to resolve 'huggingface.co' ([Errno 11001] getaddrinfo failed)"))
  party          0/9 clips
    failed data/data_66/41446.mp4: HTTPSConnectionPool(host='huggingface.co', port=443): Max retries exceeded with url: /datasets/Voxel51/WLASL/resolve/main/data/data_66/41446.mp4 (Caused by NameResolutionError("HTTPSConnection(host='huggingface.co', port=443): Failed to resolve 'huggingface.co' ([Errno 11001] getaddrinfo failed)"))
    failed data/data_66/41447.mp4: HTTPSConnectionPool(host='huggingface.co', port=443): Max retries exceeded with url: /datasets/Voxel51/WLASL/resolve/main/data/data_66/41447.mp4 (Caused by NameResolutionError("HTTPSConnection(host='huggingface.co', port=443): Failed to resolve 'huggingface.co' ([Errno 11001] getaddrinfo failed)"))
    failed data/data_66/41448.mp4: HTTPSConnectionPool(host='huggingface.co', port=443): Max retries exceeded with url: /datasets/Voxel51/WLASL/resolve/main/data/data_66/41448.mp4 (Caused by NameResolutionError("HTTPSConnection(host='huggingface.co', port=443): Failed to resolve 'huggingface.co' ([Errno 11001] getaddrinfo failed)"))
    failed data/data_66/41449.mp4: HTTPSConnectionPool(host='huggingface.co', port=443): Max retries exceeded with url: /datasets/Voxel51/WLASL/resolve/main/data/data_66/41449.mp4 (Caused by NameResolutionError("HTTPSConnection(host='huggingface.co', port=443): Failed to resolve 'huggingface.co' ([Errno 11001] getaddrinfo failed)"))
    failed data/data_66/41450.mp4: HTTPSConnectionPool(host='huggingface.co', port=443): Max retries exceeded with url: /datasets/Voxel51/WLASL/resolve/main/data/data_66/41450.mp4 (Caused by NameResolutionError("HTTPSConnection(host='huggingface.co', port=443): Failed to resolve 'huggingface.co' ([Errno 11001] getaddrinfo failed)"))
    failed data/data_66/41452.mp4: HTTPSConnectionPool(host='huggingface.co', port=443): Max retries exceeded with url: /datasets/Voxel51/WLASL/resolve/main/data/data_66/41452.mp4 (Caused by NameResolutionError("HTTPSConnection(host='huggingface.co', port=443): Failed to resolve 'huggingface.co' ([Errno 11001] getaddrinfo failed)"))
    failed data/data_66/41453.mp4: HTTPSConnectionPool(host='huggingface.co', port=443): Max retries exceeded with url: /datasets/Voxel51/WLASL/resolve/main/data/data_66/41453.mp4 (Caused by NameResolutionError("HTTPSConnection(host='huggingface.co', port=443): Failed to resolve 'huggingface.co' ([Errno 11001] getaddrinfo failed)"))
    failed data/data_66/41454.mp4: HTTPSConnectionPool(host='huggingface.co', port=443): Max retries exceeded with url: /datasets/Voxel51/WLASL/resolve/main/data/data_66/41454.mp4 (Caused by NameResolutionError("HTTPSConnection(host='huggingface.co', port=443): Failed to resolve 'huggingface.co' ([Errno 11001] getaddrinfo failed)"))
    failed data/data_66/41457.mp4: HTTPSConnectionPool(host='huggingface.co', port=443): Max retries exceeded with url: /datasets/Voxel51/WLASL/resolve/main/data/data_66/41457.mp4 (Caused by NameResolutionError("HTTPSConnection(host='huggingface.co', port=443): Failed to resolve 'huggingface.co' ([Errno 11001] getaddrinfo failed)"))
  past           0/9 clips
    failed data/data_68/42829.mp4: HTTPSConnectionPool(host='huggingface.co', port=443): Max retries exceeded with url: /datasets/Voxel51/WLASL/resolve/main/data/data_68/42829.mp4 (Caused by NameResolutionError("HTTPSConnection(host='huggingface.co', port=443): Failed to resolve 'huggingface.co' ([Errno 11001] getaddrinfo failed)"))
    failed data/data_68/42830.mp4: HTTPSConnectionPool(host='huggingface.co', port=443): Max retries exceeded with url: /datasets/Voxel51/WLASL/resolve/main/data/data_68/42830.mp4 (Caused by NameResolutionError("HTTPSConnection(host='huggingface.co', port=443): Failed to resolve 'huggingface.co' ([Errno 11001] getaddrinfo failed)"))
    failed data/data_68/42831.mp4: HTTPSConnectionPool(host='huggingface.co', port=443): Max retries exceeded with url: /datasets/Voxel51/WLASL/resolve/main/data/data_68/42831.mp4 (Caused by NameResolutionError("HTTPSConnection(host='huggingface.co', port=443): Failed to resolve 'huggingface.co' ([Errno 11001] getaddrinfo failed)"))
    failed data/data_68/42832.mp4: HTTPSConnectionPool(host='huggingface.co', port=443): Max retries exceeded with url: /datasets/Voxel51/WLASL/resolve/main/data/data_68/42832.mp4 (Caused by NameResolutionError("HTTPSConnection(host='huggingface.co', port=443): Failed to resolve 'huggingface.co' ([Errno 11001] getaddrinfo failed)"))
    failed data/data_68/42833.mp4: HTTPSConnectionPool(host='huggingface.co', port=443): Max retries exceeded with url: /datasets/Voxel51/WLASL/resolve/main/data/data_68/42833.mp4 (Caused by NameResolutionError("HTTPSConnection(host='huggingface.co', port=443): Failed to resolve 'huggingface.co' ([Errno 11001] getaddrinfo failed)"))
    failed data/data_68/42836.mp4: HTTPSConnectionPool(host='huggingface.co', port=443): Max retries exceeded with url: /datasets/Voxel51/WLASL/resolve/main/data/data_68/42836.mp4 (Caused by NameResolutionError("HTTPSConnection(host='huggingface.co', port=443): Failed to resolve 'huggingface.co' ([Errno 11001] getaddrinfo failed)"))
    failed data/data_68/42843.mp4: HTTPSConnectionPool(host='huggingface.co', port=443): Max retries exceeded with url: /datasets/Voxel51/WLASL/resolve/main/data/data_68/42843.mp4 (Caused by NameResolutionError("HTTPSConnection(host='huggingface.co', port=443): Failed to resolve 'huggingface.co' ([Errno 11001] getaddrinfo failed)"))
    failed data/data_114/66296.mp4: HTTPSConnectionPool(host='huggingface.co', port=443): Max retries exceeded with url: /datasets/Voxel51/WLASL/resolve/main/data/data_114/66296.mp4 (Caused by NameResolutionError("HTTPSConnection(host='huggingface.co', port=443): Failed to resolve 'huggingface.co' ([Errno 11001] getaddrinfo failed)"))
    failed data/data_119/69430.mp4: HTTPSConnectionPool(host='huggingface.co', port=443): Max retries exceeded with url: /datasets/Voxel51/WLASL/resolve/main/data/data_119/69430.mp4 (Caused by NameResolutionError("HTTPSConnection(host='huggingface.co', port=443): Failed to resolve 'huggingface.co' ([Errno 11001] getaddrinfo failed)"))
  pink           0/9 clips
    failed data/data_69/43443.mp4: HTTPSConnectionPool(host='huggingface.co', port=443): Max retries exceeded with url: /datasets/Voxel51/WLASL/resolve/main/data/data_69/43443.mp4 (Caused by NameResolutionError("HTTPSConnection(host='huggingface.co', port=443): Failed to resolve 'huggingface.co' ([Errno 11001] getaddrinfo failed)"))
    failed data/data_69/43444.mp4: HTTPSConnectionPool(host='huggingface.co', port=443): Max retries exceeded with url: /datasets/Voxel51/WLASL/resolve/main/data/data_69/43444.mp4 (Caused by NameResolutionError("HTTPSConnection(host='huggingface.co', port=443): Failed to resolve 'huggingface.co' ([Errno 11001] getaddrinfo failed)"))
    failed data/data_69/43445.mp4: HTTPSConnectionPool(host='huggingface.co', port=443): Max retries exceeded with url: /datasets/Voxel51/WLASL/resolve/main/data/data_69/43445.mp4 (Caused by NameResolutionError("HTTPSConnection(host='huggingface.co', port=443): Failed to resolve 'huggingface.co' ([Errno 11001] getaddrinfo failed)"))
    failed data/data_69/43446.mp4: HTTPSConnectionPool(host='huggingface.co', port=443): Max retries exceeded with url: /datasets/Voxel51/WLASL/resolve/main/data/data_69/43446.mp4 (Caused by NameResolutionError("HTTPSConnection(host='huggingface.co', port=443): Failed to resolve 'huggingface.co' ([Errno 11001] getaddrinfo failed)"))
    failed data/data_69/43447.mp4: HTTPSConnectionPool(host='huggingface.co', port=443): Max retries exceeded with url: /datasets/Voxel51/WLASL/resolve/main/data/data_69/43447.mp4 (Caused by NameResolutionError("HTTPSConnection(host='huggingface.co', port=443): Failed to resolve 'huggingface.co' ([Errno 11001] getaddrinfo failed)"))
    failed data/data_69/43452.mp4: HTTPSConnectionPool(host='huggingface.co', port=443): Max retries exceeded with url: /datasets/Voxel51/WLASL/resolve/main/data/data_69/43452.mp4 (Caused by NameResolutionError("HTTPSConnection(host='huggingface.co', port=443): Failed to resolve 'huggingface.co' ([Errno 11001] getaddrinfo failed)"))
    failed data/data_69/43461.mp4: HTTPSConnectionPool(host='huggingface.co', port=443): Max retries exceeded with url: /datasets/Voxel51/WLASL/resolve/main/data/data_69/43461.mp4 (Caused by NameResolutionError("HTTPSConnection(host='huggingface.co', port=443): Failed to resolve 'huggingface.co' ([Errno 11001] getaddrinfo failed)"))
    failed data/data_69/43462.mp4: HTTPSConnectionPool(host='huggingface.co', port=443): Max retries exceeded with url: /datasets/Voxel51/WLASL/resolve/main/data/data_69/43462.mp4 (Caused by NameResolutionError("HTTPSConnection(host='huggingface.co', port=443): Failed to resolve 'huggingface.co' ([Errno 11001] getaddrinfo failed)"))
    failed data/data_114/66304.mp4: HTTPSConnectionPool(host='huggingface.co', port=443): Max retries exceeded with url: /datasets/Voxel51/WLASL/resolve/main/data/data_114/66304.mp4 (Caused by NameResolutionError("HTTPSConnection(host='huggingface.co', port=443): Failed to resolve 'huggingface.co' ([Errno 11001] getaddrinfo failed)"))
  point          0/9 clips
    failed data/data_70/44081.mp4: HTTPSConnectionPool(host='huggingface.co', port=443): Max retries exceeded with url: /datasets/Voxel51/WLASL/resolve/main/data/data_70/44081.mp4 (Caused by NameResolutionError("HTTPSConnection(host='huggingface.co', port=443): Failed to resolve 'huggingface.co' ([Errno 11001] getaddrinfo failed)"))
    failed data/data_70/44082.mp4: HTTPSConnectionPool(host='huggingface.co', port=443): Max retries exceeded with url: /datasets/Voxel51/WLASL/resolve/main/data/data_70/44082.mp4 (Caused by NameResolutionError("HTTPSConnection(host='huggingface.co', port=443): Failed to resolve 'huggingface.co' ([Errno 11001] getaddrinfo failed)"))
    failed data/data_70/44083.mp4: HTTPSConnectionPool(host='huggingface.co', port=443): Max retries exceeded with url: /datasets/Voxel51/WLASL/resolve/main/data/data_70/44083.mp4 (Caused by NameResolutionError("HTTPSConnection(host='huggingface.co', port=443): Failed to resolve 'huggingface.co' ([Errno 11001] getaddrinfo failed)"))
    failed data/data_70/44085.mp4: HTTPSConnectionPool(host='huggingface.co', port=443): Max retries exceeded with url: /datasets/Voxel51/WLASL/resolve/main/data/data_70/44085.mp4 (Caused by NameResolutionError("HTTPSConnection(host='huggingface.co', port=443): Failed to resolve 'huggingface.co' ([Errno 11001] getaddrinfo failed)"))
    failed data/data_70/44086.mp4: HTTPSConnectionPool(host='huggingface.co', port=443): Max retries exceeded with url: /datasets/Voxel51/WLASL/resolve/main/data/data_70/44086.mp4 (Caused by NameResolutionError("HTTPSConnection(host='huggingface.co', port=443): Failed to resolve 'huggingface.co' ([Errno 11001] getaddrinfo failed)"))
    failed data/data_70/44087.mp4: HTTPSConnectionPool(host='huggingface.co', port=443): Max retries exceeded with url: /datasets/Voxel51/WLASL/resolve/main/data/data_70/44087.mp4 (Caused by NameResolutionError("HTTPSConnection(host='huggingface.co', port=443): Failed to resolve 'huggingface.co' ([Errno 11001] getaddrinfo failed)"))
    failed data/data_70/44088.mp4: HTTPSConnectionPool(host='huggingface.co', port=443): Max retries exceeded with url: /datasets/Voxel51/WLASL/resolve/main/data/data_70/44088.mp4 (Caused by NameResolutionError("HTTPSConnection(host='huggingface.co', port=443): Failed to resolve 'huggingface.co' ([Errno 11001] getaddrinfo failed)"))
    failed data/data_70/44091.mp4: HTTPSConnectionPool(host='huggingface.co', port=443): Max retries exceeded with url: /datasets/Voxel51/WLASL/resolve/main/data/data_70/44091.mp4 (Caused by NameResolutionError("HTTPSConnection(host='huggingface.co', port=443): Failed to resolve 'huggingface.co' ([Errno 11001] getaddrinfo failed)"))
    failed data/data_114/66320.mp4: HTTPSConnectionPool(host='huggingface.co', port=443): Max retries exceeded with url: /datasets/Voxel51/WLASL/resolve/main/data/data_114/66320.mp4 (Caused by NameResolutionError("HTTPSConnection(host='huggingface.co', port=443): Failed to resolve 'huggingface.co' ([Errno 11001] getaddrinfo failed)"))
  practice       0/9 clips
    failed data/data_71/44367.mp4: HTTPSConnectionPool(host='huggingface.co', port=443): Max retries exceeded with url: /datasets/Voxel51/WLASL/resolve/main/data/data_71/44367.mp4 (Caused by NameResolutionError("HTTPSConnection(host='huggingface.co', port=443): Failed to resolve 'huggingface.co' ([Errno 11001] getaddrinfo failed)"))
    failed data/data_71/44368.mp4: HTTPSConnectionPool(host='huggingface.co', port=443): Max retries exceeded with url: /datasets/Voxel51/WLASL/resolve/main/data/data_71/44368.mp4 (Caused by NameResolutionError("HTTPSConnection(host='huggingface.co', port=443): Failed to resolve 'huggingface.co' ([Errno 11001] getaddrinfo failed)"))
    failed data/data_71/44369.mp4: HTTPSConnectionPool(host='huggingface.co', port=443): Max retries exceeded with url: /datasets/Voxel51/WLASL/resolve/main/data/data_71/44369.mp4 (Caused by NameResolutionError("HTTPSConnection(host='huggingface.co', port=443): Failed to resolve 'huggingface.co' ([Errno 11001] getaddrinfo failed)"))
    failed data/data_71/44370.mp4: HTTPSConnectionPool(host='huggingface.co', port=443): Max retries exceeded with url: /datasets/Voxel51/WLASL/resolve/main/data/data_71/44370.mp4 (Caused by NameResolutionError("HTTPSConnection(host='huggingface.co', port=443): Failed to resolve 'huggingface.co' ([Errno 11001] getaddrinfo failed)"))
    failed data/data_71/44371.mp4: HTTPSConnectionPool(host='huggingface.co', port=443): Max retries exceeded with url: /datasets/Voxel51/WLASL/resolve/main/data/data_71/44371.mp4 (Caused by NameResolutionError("HTTPSConnection(host='huggingface.co', port=443): Failed to resolve 'huggingface.co' ([Errno 11001] getaddrinfo failed)"))
    failed data/data_71/44373.mp4: HTTPSConnectionPool(host='huggingface.co', port=443): Max retries exceeded with url: /datasets/Voxel51/WLASL/resolve/main/data/data_71/44373.mp4 (Caused by NameResolutionError("HTTPSConnection(host='huggingface.co', port=443): Failed to resolve 'huggingface.co' ([Errno 11001] getaddrinfo failed)"))
    failed data/data_71/44374.mp4: HTTPSConnectionPool(host='huggingface.co', port=443): Max retries exceeded with url: /datasets/Voxel51/WLASL/resolve/main/data/data_71/44374.mp4 (Caused by NameResolutionError("HTTPSConnection(host='huggingface.co', port=443): Failed to resolve 'huggingface.co' ([Errno 11001] getaddrinfo failed)"))
    failed data/data_71/44378.mp4: HTTPSConnectionPool(host='huggingface.co', port=443): Max retries exceeded with url: /datasets/Voxel51/WLASL/resolve/main/data/data_71/44378.mp4 (Caused by NameResolutionError("HTTPSConnection(host='huggingface.co', port=443): Failed to resolve 'huggingface.co' ([Errno 11001] getaddrinfo failed)"))
    failed data/data_114/66326.mp4: HTTPSConnectionPool(host='huggingface.co', port=443): Max retries exceeded with url: /datasets/Voxel51/WLASL/resolve/main/data/data_114/66326.mp4 (Caused by NameResolutionError("HTTPSConnection(host='huggingface.co', port=443): Failed to resolve 'huggingface.co' ([Errno 11001] getaddrinfo failed)"))
  president      0/9 clips
    failed data/data_72/44680.mp4: HTTPSConnectionPool(host='huggingface.co', port=443): Max retries exceeded with url: /datasets/Voxel51/WLASL/resolve/main/data/data_72/44680.mp4 (Caused by NameResolutionError("HTTPSConnection(host='huggingface.co', port=443): Failed to resolve 'huggingface.co' ([Errno 11001] getaddrinfo failed)"))
    failed data/data_72/44681.mp4: HTTPSConnectionPool(host='huggingface.co', port=443): Max retries exceeded with url: /datasets/Voxel51/WLASL/resolve/main/data/data_72/44681.mp4 (Caused by NameResolutionError("HTTPSConnection(host='huggingface.co', port=443): Failed to resolve 'huggingface.co' ([Errno 11001] getaddrinfo failed)"))
    failed data/data_72/44682.mp4: HTTPSConnectionPool(host='huggingface.co', port=443): Max retries exceeded with url: /datasets/Voxel51/WLASL/resolve/main/data/data_72/44682.mp4 (Caused by NameResolutionError("HTTPSConnection(host='huggingface.co', port=443): Failed to resolve 'huggingface.co' ([Errno 11001] getaddrinfo failed)"))
    failed data/data_72/44683.mp4: HTTPSConnectionPool(host='huggingface.co', port=443): Max retries exceeded with url: /datasets/Voxel51/WLASL/resolve/main/data/data_72/44683.mp4 (Caused by NameResolutionError("HTTPSConnection(host='huggingface.co', port=443): Failed to resolve 'huggingface.co' ([Errno 11001] getaddrinfo failed)"))
    failed data/data_72/44684.mp4: HTTPSConnectionPool(host='huggingface.co', port=443): Max retries exceeded with url: /datasets/Voxel51/WLASL/resolve/main/data/data_72/44684.mp4 (Caused by NameResolutionError("HTTPSConnection(host='huggingface.co', port=443): Failed to resolve 'huggingface.co' ([Errno 11001] getaddrinfo failed)"))
    failed data/data_72/44686.mp4: HTTPSConnectionPool(host='huggingface.co', port=443): Max retries exceeded with url: /datasets/Voxel51/WLASL/resolve/main/data/data_72/44686.mp4 (Caused by NameResolutionError("HTTPSConnection(host='huggingface.co', port=443): Failed to resolve 'huggingface.co' ([Errno 11001] getaddrinfo failed)"))
    failed data/data_72/44687.mp4: HTTPSConnectionPool(host='huggingface.co', port=443): Max retries exceeded with url: /datasets/Voxel51/WLASL/resolve/main/data/data_72/44687.mp4 (Caused by NameResolutionError("HTTPSConnection(host='huggingface.co', port=443): Failed to resolve 'huggingface.co' ([Errno 11001] getaddrinfo failed)"))
    failed data/data_72/44691.mp4: HTTPSConnectionPool(host='huggingface.co', port=443): Max retries exceeded with url: /datasets/Voxel51/WLASL/resolve/main/data/data_72/44691.mp4 (Caused by NameResolutionError("HTTPSConnection(host='huggingface.co', port=443): Failed to resolve 'huggingface.co' ([Errno 11001] getaddrinfo failed)"))
    failed data/data_114/66335.mp4: HTTPSConnectionPool(host='huggingface.co', port=443): Max retries exceeded with url: /datasets/Voxel51/WLASL/resolve/main/data/data_114/66335.mp4 (Caused by NameResolutionError("HTTPSConnection(host='huggingface.co', port=443): Failed to resolve 'huggingface.co' ([Errno 11001] getaddrinfo failed)"))
  problem        0/9 clips
    failed data/data_73/45261.mp4: HTTPSConnectionPool(host='huggingface.co', port=443): Max retries exceeded with url: /datasets/Voxel51/WLASL/resolve/main/data/data_73/45261.mp4 (Caused by NameResolutionError("HTTPSConnection(host='huggingface.co', port=443): Failed to resolve 'huggingface.co' ([Errno 11001] getaddrinfo failed)"))
    failed data/data_73/45262.mp4: HTTPSConnectionPool(host='huggingface.co', port=443): Max retries exceeded with url: /datasets/Voxel51/WLASL/resolve/main/data/data_73/45262.mp4 (Caused by NameResolutionError("HTTPSConnection(host='huggingface.co', port=443): Failed to resolve 'huggingface.co' ([Errno 11001] getaddrinfo failed)"))
    failed data/data_73/45263.mp4: HTTPSConnectionPool(host='huggingface.co', port=443): Max retries exceeded with url: /datasets/Voxel51/WLASL/resolve/main/data/data_73/45263.mp4 (Caused by NameResolutionError("HTTPSConnection(host='huggingface.co', port=443): Failed to resolve 'huggingface.co' ([Errno 11001] getaddrinfo failed)"))
    failed data/data_73/45264.mp4: HTTPSConnectionPool(host='huggingface.co', port=443): Max retries exceeded with url: /datasets/Voxel51/WLASL/resolve/main/data/data_73/45264.mp4 (Caused by NameResolutionError("HTTPSConnection(host='huggingface.co', port=443): Failed to resolve 'huggingface.co' ([Errno 11001] getaddrinfo failed)"))
    failed data/data_73/45265.mp4: HTTPSConnectionPool(host='huggingface.co', port=443): Max retries exceeded with url: /datasets/Voxel51/WLASL/resolve/main/data/data_73/45265.mp4 (Caused by NameResolutionError("HTTPSConnection(host='huggingface.co', port=443): Failed to resolve 'huggingface.co' ([Errno 11001] getaddrinfo failed)"))
    failed data/data_73/45267.mp4: HTTPSConnectionPool(host='huggingface.co', port=443): Max retries exceeded with url: /datasets/Voxel51/WLASL/resolve/main/data/data_73/45267.mp4 (Caused by NameResolutionError("HTTPSConnection(host='huggingface.co', port=443): Failed to resolve 'huggingface.co' ([Errno 11001] getaddrinfo failed)"))
    failed data/data_73/45273.mp4: HTTPSConnectionPool(host='huggingface.co', port=443): Max retries exceeded with url: /datasets/Voxel51/WLASL/resolve/main/data/data_73/45273.mp4 (Caused by NameResolutionError("HTTPSConnection(host='huggingface.co', port=443): Failed to resolve 'huggingface.co' ([Errno 11001] getaddrinfo failed)"))
    failed data/data_114/66351.mp4: HTTPSConnectionPool(host='huggingface.co', port=443): Max retries exceeded with url: /datasets/Voxel51/WLASL/resolve/main/data/data_114/66351.mp4 (Caused by NameResolutionError("HTTPSConnection(host='huggingface.co', port=443): Failed to resolve 'huggingface.co' ([Errno 11001] getaddrinfo failed)"))
    failed data/data_119/69439.mp4: HTTPSConnectionPool(host='huggingface.co', port=443): Max retries exceeded with url: /datasets/Voxel51/WLASL/resolve/main/data/data_119/69439.mp4 (Caused by NameResolutionError("HTTPSConnection(host='huggingface.co', port=443): Failed to resolve 'huggingface.co' ([Errno 11001] getaddrinfo failed)"))
  pull           0/9 clips
    failed data/data_77/48105.mp4: HTTPSConnectionPool(host='huggingface.co', port=443): Max retries exceeded with url: /datasets/Voxel51/WLASL/resolve/main/data/data_77/48105.mp4 (Caused by NameResolutionError("HTTPSConnection(host='huggingface.co', port=443): Failed to resolve 'huggingface.co' ([Errno 11001] getaddrinfo failed)"))
    failed data/data_77/48106.mp4: HTTPSConnectionPool(host='huggingface.co', port=443): Max retries exceeded with url: /datasets/Voxel51/WLASL/resolve/main/data/data_77/48106.mp4 (Caused by NameResolutionError("HTTPSConnection(host='huggingface.co', port=443): Failed to resolve 'huggingface.co' ([Errno 11001] getaddrinfo failed)"))
    failed data/data_77/48107.mp4: HTTPSConnectionPool(host='huggingface.co', port=443): Max retries exceeded with url: /datasets/Voxel51/WLASL/resolve/main/data/data_77/48107.mp4 (Caused by NameResolutionError("HTTPSConnection(host='huggingface.co', port=443): Failed to resolve 'huggingface.co' ([Errno 11001] getaddrinfo failed)"))
    failed data/data_77/48108.mp4: HTTPSConnectionPool(host='huggingface.co', port=443): Max retries exceeded with url: /datasets/Voxel51/WLASL/resolve/main/data/data_77/48108.mp4 (Caused by NameResolutionError("HTTPSConnection(host='huggingface.co', port=443): Failed to resolve 'huggingface.co' ([Errno 11001] getaddrinfo failed)"))
    failed data/data_77/48109.mp4: HTTPSConnectionPool(host='huggingface.co', port=443): Max retries exceeded with url: /datasets/Voxel51/WLASL/resolve/main/data/data_77/48109.mp4 (Caused by NameResolutionError("HTTPSConnection(host='huggingface.co', port=443): Failed to resolve 'huggingface.co' ([Errno 11001] getaddrinfo failed)"))
    failed data/data_77/48114.mp4: HTTPSConnectionPool(host='huggingface.co', port=443): Max retries exceeded with url: /datasets/Voxel51/WLASL/resolve/main/data/data_77/48114.mp4 (Caused by NameResolutionError("HTTPSConnection(host='huggingface.co', port=443): Failed to resolve 'huggingface.co' ([Errno 11001] getaddrinfo failed)"))
    failed data/data_77/48115.mp4: HTTPSConnectionPool(host='huggingface.co', port=443): Max retries exceeded with url: /datasets/Voxel51/WLASL/resolve/main/data/data_77/48115.mp4 (Caused by NameResolutionError("HTTPSConnection(host='huggingface.co', port=443): Failed to resolve 'huggingface.co' ([Errno 11001] getaddrinfo failed)"))
    failed data/data_77/48124.mp4: HTTPSConnectionPool(host='huggingface.co', port=443): Max retries exceeded with url: /datasets/Voxel51/WLASL/resolve/main/data/data_77/48124.mp4 (Caused by NameResolutionError("HTTPSConnection(host='huggingface.co', port=443): Failed to resolve 'huggingface.co' ([Errno 11001] getaddrinfo failed)"))
    failed data/data_77/48126.mp4: HTTPSConnectionPool(host='huggingface.co', port=443): Max retries exceeded with url: /datasets/Voxel51/WLASL/resolve/main/data/data_77/48126.mp4 (Caused by NameResolutionError("HTTPSConnection(host='huggingface.co', port=443): Failed to resolve 'huggingface.co' ([Errno 11001] getaddrinfo failed)"))
  right          0/9 clips
    failed data/data_79/49173.mp4: HTTPSConnectionPool(host='huggingface.co', port=443): Max retries exceeded with url: /datasets/Voxel51/WLASL/resolve/main/data/data_79/49173.mp4 (Caused by NameResolutionError("HTTPSConnection(host='huggingface.co', port=443): Failed to resolve 'huggingface.co' ([Errno 11001] getaddrinfo failed)"))
    failed data/data_79/49174.mp4: HTTPSConnectionPool(host='huggingface.co', port=443): Max retries exceeded with url: /datasets/Voxel51/WLASL/resolve/main/data/data_79/49174.mp4 (Caused by NameResolutionError("HTTPSConnection(host='huggingface.co', port=443): Failed to resolve 'huggingface.co' ([Errno 11001] getaddrinfo failed)"))
    failed data/data_79/49175.mp4: HTTPSConnectionPool(host='huggingface.co', port=443): Max retries exceeded with url: /datasets/Voxel51/WLASL/resolve/main/data/data_79/49175.mp4 (Caused by NameResolutionError("HTTPSConnection(host='huggingface.co', port=443): Failed to resolve 'huggingface.co' ([Errno 11001] getaddrinfo failed)"))
    failed data/data_79/49176.mp4: HTTPSConnectionPool(host='huggingface.co', port=443): Max retries exceeded with url: /datasets/Voxel51/WLASL/resolve/main/data/data_79/49176.mp4 (Caused by NameResolutionError("HTTPSConnection(host='huggingface.co', port=443): Failed to resolve 'huggingface.co' ([Errno 11001] getaddrinfo failed)"))
    failed data/data_79/49178.mp4: HTTPSConnectionPool(host='huggingface.co', port=443): Max retries exceeded with url: /datasets/Voxel51/WLASL/resolve/main/data/data_79/49178.mp4 (Caused by NameResolutionError("HTTPSConnection(host='huggingface.co', port=443): Failed to resolve 'huggingface.co' ([Errno 11001] getaddrinfo failed)"))
    failed data/data_79/49181.mp4: HTTPSConnectionPool(host='huggingface.co', port=443): Max retries exceeded with url: /datasets/Voxel51/WLASL/resolve/main/data/data_79/49181.mp4 (Caused by NameResolutionError("HTTPSConnection(host='huggingface.co', port=443): Failed to resolve 'huggingface.co' ([Errno 11001] getaddrinfo failed)"))
    failed data/data_79/49182.mp4: HTTPSConnectionPool(host='huggingface.co', port=443): Max retries exceeded with url: /datasets/Voxel51/WLASL/resolve/main/data/data_79/49182.mp4 (Caused by NameResolutionError("HTTPSConnection(host='huggingface.co', port=443): Failed to resolve 'huggingface.co' ([Errno 11001] getaddrinfo failed)"))
    failed data/data_79/49183.mp4: HTTPSConnectionPool(host='huggingface.co', port=443): Max retries exceeded with url: /datasets/Voxel51/WLASL/resolve/main/data/data_79/49183.mp4 (Caused by NameResolutionError("HTTPSConnection(host='huggingface.co', port=443): Failed to resolve 'huggingface.co' ([Errno 11001] getaddrinfo failed)"))
    failed data/data_79/49188.mp4: HTTPSConnectionPool(host='huggingface.co', port=443): Max retries exceeded with url: /datasets/Voxel51/WLASL/resolve/main/data/data_79/49188.mp4 (Caused by NameResolutionError("HTTPSConnection(host='huggingface.co', port=443): Failed to resolve 'huggingface.co' ([Errno 11001] getaddrinfo failed)"))
  same           0/9 clips
    failed data/data_82/51102.mp4: HTTPSConnectionPool(host='huggingface.co', port=443): Max retries exceeded with url: /datasets/Voxel51/WLASL/resolve/main/data/data_82/51102.mp4 (Caused by NameResolutionError("HTTPSConnection(host='huggingface.co', port=443): Failed to resolve 'huggingface.co' ([Errno 11001] getaddrinfo failed)"))
    failed data/data_82/51103.mp4: HTTPSConnectionPool(host='huggingface.co', port=443): Max retries exceeded with url: /datasets/Voxel51/WLASL/resolve/main/data/data_82/51103.mp4 (Caused by NameResolutionError("HTTPSConnection(host='huggingface.co', port=443): Failed to resolve 'huggingface.co' ([Errno 11001] getaddrinfo failed)"))
    failed data/data_82/51104.mp4: HTTPSConnectionPool(host='huggingface.co', port=443): Max retries exceeded with url: /datasets/Voxel51/WLASL/resolve/main/data/data_82/51104.mp4 (Caused by NameResolutionError("HTTPSConnection(host='huggingface.co', port=443): Failed to resolve 'huggingface.co' ([Errno 11001] getaddrinfo failed)"))
    failed data/data_82/51105.mp4: HTTPSConnectionPool(host='huggingface.co', port=443): Max retries exceeded with url: /datasets/Voxel51/WLASL/resolve/main/data/data_82/51105.mp4 (Caused by NameResolutionError("HTTPSConnection(host='huggingface.co', port=443): Failed to resolve 'huggingface.co' ([Errno 11001] getaddrinfo failed)"))
    failed data/data_82/51106.mp4: HTTPSConnectionPool(host='huggingface.co', port=443): Max retries exceeded with url: /datasets/Voxel51/WLASL/resolve/main/data/data_82/51106.mp4 (Caused by NameResolutionError("HTTPSConnection(host='huggingface.co', port=443): Failed to resolve 'huggingface.co' ([Errno 11001] getaddrinfo failed)"))
    failed data/data_82/51107.mp4: HTTPSConnectionPool(host='huggingface.co', port=443): Max retries exceeded with url: /datasets/Voxel51/WLASL/resolve/main/data/data_82/51107.mp4 (Caused by NameResolutionError("HTTPSConnection(host='huggingface.co', port=443): Failed to resolve 'huggingface.co' ([Errno 11001] getaddrinfo failed)"))
    failed data/data_82/51108.mp4: HTTPSConnectionPool(host='huggingface.co', port=443): Max retries exceeded with url: /datasets/Voxel51/WLASL/resolve/main/data/data_82/51108.mp4 (Caused by NameResolutionError("HTTPSConnection(host='huggingface.co', port=443): Failed to resolve 'huggingface.co' ([Errno 11001] getaddrinfo failed)"))
    failed data/data_82/51114.mp4: HTTPSConnectionPool(host='huggingface.co', port=443): Max retries exceeded with url: /datasets/Voxel51/WLASL/resolve/main/data/data_82/51114.mp4 (Caused by NameResolutionError("HTTPSConnection(host='huggingface.co', port=443): Failed to resolve 'huggingface.co' ([Errno 11001] getaddrinfo failed)"))
    failed data/data_115/66466.mp4: HTTPSConnectionPool(host='huggingface.co', port=443): Max retries exceeded with url: /datasets/Voxel51/WLASL/resolve/main/data/data_115/66466.mp4 (Caused by NameResolutionError("HTTPSConnection(host='huggingface.co', port=443): Failed to resolve 'huggingface.co' ([Errno 11001] getaddrinfo failed)"))
  shock          0/9 clips
    failed data/data_83/51345.mp4: HTTPSConnectionPool(host='huggingface.co', port=443): Max retries exceeded with url: /datasets/Voxel51/WLASL/resolve/main/data/data_83/51345.mp4 (Caused by NameResolutionError("HTTPSConnection(host='huggingface.co', port=443): Failed to resolve 'huggingface.co' ([Errno 11001] getaddrinfo failed)"))
    failed data/data_83/51346.mp4: HTTPSConnectionPool(host='huggingface.co', port=443): Max retries exceeded with url: /datasets/Voxel51/WLASL/resolve/main/data/data_83/51346.mp4 (Caused by NameResolutionError("HTTPSConnection(host='huggingface.co', port=443): Failed to resolve 'huggingface.co' ([Errno 11001] getaddrinfo failed)"))
    failed data/data_83/51347.mp4: HTTPSConnectionPool(host='huggingface.co', port=443): Max retries exceeded with url: /datasets/Voxel51/WLASL/resolve/main/data/data_83/51347.mp4 (Caused by NameResolutionError("HTTPSConnection(host='huggingface.co', port=443): Failed to resolve 'huggingface.co' ([Errno 11001] getaddrinfo failed)"))
    failed data/data_83/51348.mp4: HTTPSConnectionPool(host='huggingface.co', port=443): Max retries exceeded with url: /datasets/Voxel51/WLASL/resolve/main/data/data_83/51348.mp4 (Caused by NameResolutionError("HTTPSConnection(host='huggingface.co', port=443): Failed to resolve 'huggingface.co' ([Errno 11001] getaddrinfo failed)"))
    failed data/data_83/51353.mp4: HTTPSConnectionPool(host='huggingface.co', port=443): Max retries exceeded with url: /datasets/Voxel51/WLASL/resolve/main/data/data_83/51353.mp4 (Caused by NameResolutionError("HTTPSConnection(host='huggingface.co', port=443): Failed to resolve 'huggingface.co' ([Errno 11001] getaddrinfo failed)"))
    failed data/data_83/51355.mp4: HTTPSConnectionPool(host='huggingface.co', port=443): Max retries exceeded with url: /datasets/Voxel51/WLASL/resolve/main/data/data_83/51355.mp4 (Caused by NameResolutionError("HTTPSConnection(host='huggingface.co', port=443): Failed to resolve 'huggingface.co' ([Errno 11001] getaddrinfo failed)"))
    failed data/data_83/51356.mp4: HTTPSConnectionPool(host='huggingface.co', port=443): Max retries exceeded with url: /datasets/Voxel51/WLASL/resolve/main/data/data_83/51356.mp4 (Caused by NameResolutionError("HTTPSConnection(host='huggingface.co', port=443): Failed to resolve 'huggingface.co' ([Errno 11001] getaddrinfo failed)"))
    failed data/data_83/51360.mp4: HTTPSConnectionPool(host='huggingface.co', port=443): Max retries exceeded with url: /datasets/Voxel51/WLASL/resolve/main/data/data_83/51360.mp4 (Caused by NameResolutionError("HTTPSConnection(host='huggingface.co', port=443): Failed to resolve 'huggingface.co' ([Errno 11001] getaddrinfo failed)"))
    failed data/data_115/66473.mp4: HTTPSConnectionPool(host='huggingface.co', port=443): Max retries exceeded with url: /datasets/Voxel51/WLASL/resolve/main/data/data_115/66473.mp4 (Caused by NameResolutionError("HTTPSConnection(host='huggingface.co', port=443): Failed to resolve 'huggingface.co' ([Errno 11001] getaddrinfo failed)"))
  show           0/9 clips
    failed data/data_89/54554.mp4: HTTPSConnectionPool(host='huggingface.co', port=443): Max retries exceeded with url: /datasets/Voxel51/WLASL/resolve/main/data/data_89/54554.mp4 (Caused by NameResolutionError("HTTPSConnection(host='huggingface.co', port=443): Failed to resolve 'huggingface.co' ([Errno 11001] getaddrinfo failed)"))
    failed data/data_89/54555.mp4: HTTPSConnectionPool(host='huggingface.co', port=443): Max retries exceeded with url: /datasets/Voxel51/WLASL/resolve/main/data/data_89/54555.mp4 (Caused by NameResolutionError("HTTPSConnection(host='huggingface.co', port=443): Failed to resolve 'huggingface.co' ([Errno 11001] getaddrinfo failed)"))
    failed data/data_89/54556.mp4: HTTPSConnectionPool(host='huggingface.co', port=443): Max retries exceeded with url: /datasets/Voxel51/WLASL/resolve/main/data/data_89/54556.mp4 (Caused by NameResolutionError("HTTPSConnection(host='huggingface.co', port=443): Failed to resolve 'huggingface.co' ([Errno 11001] getaddrinfo failed)"))
    failed data/data_89/54557.mp4: HTTPSConnectionPool(host='huggingface.co', port=443): Max retries exceeded with url: /datasets/Voxel51/WLASL/resolve/main/data/data_89/54557.mp4 (Caused by NameResolutionError("HTTPSConnection(host='huggingface.co', port=443): Failed to resolve 'huggingface.co' ([Errno 11001] getaddrinfo failed)"))
    failed data/data_89/54558.mp4: HTTPSConnectionPool(host='huggingface.co', port=443): Max retries exceeded with url: /datasets/Voxel51/WLASL/resolve/main/data/data_89/54558.mp4 (Caused by NameResolutionError("HTTPSConnection(host='huggingface.co', port=443): Failed to resolve 'huggingface.co' ([Errno 11001] getaddrinfo failed)"))
    failed data/data_89/54561.mp4: HTTPSConnectionPool(host='huggingface.co', port=443): Max retries exceeded with url: /datasets/Voxel51/WLASL/resolve/main/data/data_89/54561.mp4 (Caused by NameResolutionError("HTTPSConnection(host='huggingface.co', port=443): Failed to resolve 'huggingface.co' ([Errno 11001] getaddrinfo failed)"))
    failed data/data_89/54562.mp4: HTTPSConnectionPool(host='huggingface.co', port=443): Max retries exceeded with url: /datasets/Voxel51/WLASL/resolve/main/data/data_89/54562.mp4 (Caused by NameResolutionError("HTTPSConnection(host='huggingface.co', port=443): Failed to resolve 'huggingface.co' ([Errno 11001] getaddrinfo failed)"))
    failed data/data_89/54563.mp4: HTTPSConnectionPool(host='huggingface.co', port=443): Max retries exceeded with url: /datasets/Voxel51/WLASL/resolve/main/data/data_89/54563.mp4 (Caused by NameResolutionError("HTTPSConnection(host='huggingface.co', port=443): Failed to resolve 'huggingface.co' ([Errno 11001] getaddrinfo failed)"))
    failed data/data_89/54567.mp4: HTTPSConnectionPool(host='huggingface.co', port=443): Max retries exceeded with url: /datasets/Voxel51/WLASL/resolve/main/data/data_89/54567.mp4 (Caused by NameResolutionError("HTTPSConnection(host='huggingface.co', port=443): Failed to resolve 'huggingface.co' ([Errno 11001] getaddrinfo failed)"))
  stay           0/9 clips
    failed data/data_96/58444.mp4: HTTPSConnectionPool(host='huggingface.co', port=443): Max retries exceeded with url: /datasets/Voxel51/WLASL/resolve/main/data/data_96/58444.mp4 (Caused by NameResolutionError("HTTPSConnection(host='huggingface.co', port=443): Failed to resolve 'huggingface.co' ([Errno 11001] getaddrinfo failed)"))
    failed data/data_96/58445.mp4: HTTPSConnectionPool(host='huggingface.co', port=443): Max retries exceeded with url: /datasets/Voxel51/WLASL/resolve/main/data/data_96/58445.mp4 (Caused by NameResolutionError("HTTPSConnection(host='huggingface.co', port=443): Failed to resolve 'huggingface.co' ([Errno 11001] getaddrinfo failed)"))
    failed data/data_96/58446.mp4: HTTPSConnectionPool(host='huggingface.co', port=443): Max retries exceeded with url: /datasets/Voxel51/WLASL/resolve/main/data/data_96/58446.mp4 (Caused by NameResolutionError("HTTPSConnection(host='huggingface.co', port=443): Failed to resolve 'huggingface.co' ([Errno 11001] getaddrinfo failed)"))
    failed data/data_96/58447.mp4: HTTPSConnectionPool(host='huggingface.co', port=443): Max retries exceeded with url: /datasets/Voxel51/WLASL/resolve/main/data/data_96/58447.mp4 (Caused by NameResolutionError("HTTPSConnection(host='huggingface.co', port=443): Failed to resolve 'huggingface.co' ([Errno 11001] getaddrinfo failed)"))
    failed data/data_96/58448.mp4: HTTPSConnectionPool(host='huggingface.co', port=443): Max retries exceeded with url: /datasets/Voxel51/WLASL/resolve/main/data/data_96/58448.mp4 (Caused by NameResolutionError("HTTPSConnection(host='huggingface.co', port=443): Failed to resolve 'huggingface.co' ([Errno 11001] getaddrinfo failed)"))
    failed data/data_96/58450.mp4: HTTPSConnectionPool(host='huggingface.co', port=443): Max retries exceeded with url: /datasets/Voxel51/WLASL/resolve/main/data/data_96/58450.mp4 (Caused by NameResolutionError("HTTPSConnection(host='huggingface.co', port=443): Failed to resolve 'huggingface.co' ([Errno 11001] getaddrinfo failed)"))
    failed data/data_96/58452.mp4: HTTPSConnectionPool(host='huggingface.co', port=443): Max retries exceeded with url: /datasets/Voxel51/WLASL/resolve/main/data/data_96/58452.mp4 (Caused by NameResolutionError("HTTPSConnection(host='huggingface.co', port=443): Failed to resolve 'huggingface.co' ([Errno 11001] getaddrinfo failed)"))
    failed data/data_116/66643.mp4: HTTPSConnectionPool(host='huggingface.co', port=443): Max retries exceeded with url: /datasets/Voxel51/WLASL/resolve/main/data/data_116/66643.mp4 (Caused by NameResolutionError("HTTPSConnection(host='huggingface.co', port=443): Failed to resolve 'huggingface.co' ([Errno 11001] getaddrinfo failed)"))
    failed data/data_119/69510.mp4: HTTPSConnectionPool(host='huggingface.co', port=443): Max retries exceeded with url: /datasets/Voxel51/WLASL/resolve/main/data/data_119/69510.mp4 (Caused by NameResolutionError("HTTPSConnection(host='huggingface.co', port=443): Failed to resolve 'huggingface.co' ([Errno 11001] getaddrinfo failed)"))
  tiger          0/9 clips
    failed data/data_98/59146.mp4: HTTPSConnectionPool(host='huggingface.co', port=443): Max retries exceeded with url: /datasets/Voxel51/WLASL/resolve/main/data/data_98/59146.mp4 (Caused by NameResolutionError("HTTPSConnection(host='huggingface.co', port=443): Failed to resolve 'huggingface.co' ([Errno 11001] getaddrinfo failed)"))
    failed data/data_98/59147.mp4: HTTPSConnectionPool(host='huggingface.co', port=443): Max retries exceeded with url: /datasets/Voxel51/WLASL/resolve/main/data/data_98/59147.mp4 (Caused by NameResolutionError("HTTPSConnection(host='huggingface.co', port=443): Failed to resolve 'huggingface.co' ([Errno 11001] getaddrinfo failed)"))
    failed data/data_98/59148.mp4: HTTPSConnectionPool(host='huggingface.co', port=443): Max retries exceeded with url: /datasets/Voxel51/WLASL/resolve/main/data/data_98/59148.mp4 (Caused by NameResolutionError("HTTPSConnection(host='huggingface.co', port=443): Failed to resolve 'huggingface.co' ([Errno 11001] getaddrinfo failed)"))
    failed data/data_98/59149.mp4: HTTPSConnectionPool(host='huggingface.co', port=443): Max retries exceeded with url: /datasets/Voxel51/WLASL/resolve/main/data/data_98/59149.mp4 (Caused by NameResolutionError("HTTPSConnection(host='huggingface.co', port=443): Failed to resolve 'huggingface.co' ([Errno 11001] getaddrinfo failed)"))
    failed data/data_98/59150.mp4: HTTPSConnectionPool(host='huggingface.co', port=443): Max retries exceeded with url: /datasets/Voxel51/WLASL/resolve/main/data/data_98/59150.mp4 (Caused by NameResolutionError("HTTPSConnection(host='huggingface.co', port=443): Failed to resolve 'huggingface.co' ([Errno 11001] getaddrinfo failed)"))
    failed data/data_98/59151.mp4: HTTPSConnectionPool(host='huggingface.co', port=443): Max retries exceeded with url: /datasets/Voxel51/WLASL/resolve/main/data/data_98/59151.mp4 (Caused by NameResolutionError("HTTPSConnection(host='huggingface.co', port=443): Failed to resolve 'huggingface.co' ([Errno 11001] getaddrinfo failed)"))
    failed data/data_98/59153.mp4: HTTPSConnectionPool(host='huggingface.co', port=443): Max retries exceeded with url: /datasets/Voxel51/WLASL/resolve/main/data/data_98/59153.mp4 (Caused by NameResolutionError("HTTPSConnection(host='huggingface.co', port=443): Failed to resolve 'huggingface.co' ([Errno 11001] getaddrinfo failed)"))
    failed data/data_98/59155.mp4: HTTPSConnectionPool(host='huggingface.co', port=443): Max retries exceeded with url: /datasets/Voxel51/WLASL/resolve/main/data/data_98/59155.mp4 (Caused by NameResolutionError("HTTPSConnection(host='huggingface.co', port=443): Failed to resolve 'huggingface.co' ([Errno 11001] getaddrinfo failed)"))
    failed data/data_116/66661.mp4: HTTPSConnectionPool(host='huggingface.co', port=443): Max retries exceeded with url: /datasets/Voxel51/WLASL/resolve/main/data/data_116/66661.mp4 (Caused by NameResolutionError("HTTPSConnection(host='huggingface.co', port=443): Failed to resolve 'huggingface.co' ([Errno 11001] getaddrinfo failed)"))
  town           0/9 clips
    failed data/data_98/59307.mp4: HTTPSConnectionPool(host='huggingface.co', port=443): Max retries exceeded with url: /datasets/Voxel51/WLASL/resolve/main/data/data_98/59307.mp4 (Caused by NameResolutionError("HTTPSConnection(host='huggingface.co', port=443): Failed to resolve 'huggingface.co' ([Errno 11001] getaddrinfo failed)"))
    failed data/data_98/59308.mp4: HTTPSConnectionPool(host='huggingface.co', port=443): Max retries exceeded with url: /datasets/Voxel51/WLASL/resolve/main/data/data_98/59308.mp4 (Caused by NameResolutionError("HTTPSConnection(host='huggingface.co', port=443): Failed to resolve 'huggingface.co' ([Errno 11001] getaddrinfo failed)"))
    failed data/data_98/59309.mp4: HTTPSConnectionPool(host='huggingface.co', port=443): Max retries exceeded with url: /datasets/Voxel51/WLASL/resolve/main/data/data_98/59309.mp4 (Caused by NameResolutionError("HTTPSConnection(host='huggingface.co', port=443): Failed to resolve 'huggingface.co' ([Errno 11001] getaddrinfo failed)"))
    failed data/data_98/59310.mp4: HTTPSConnectionPool(host='huggingface.co', port=443): Max retries exceeded with url: /datasets/Voxel51/WLASL/resolve/main/data/data_98/59310.mp4 (Caused by NameResolutionError("HTTPSConnection(host='huggingface.co', port=443): Failed to resolve 'huggingface.co' ([Errno 11001] getaddrinfo failed)"))
    failed data/data_98/59314.mp4: HTTPSConnectionPool(host='huggingface.co', port=443): Max retries exceeded with url: /datasets/Voxel51/WLASL/resolve/main/data/data_98/59314.mp4 (Caused by NameResolutionError("HTTPSConnection(host='huggingface.co', port=443): Failed to resolve 'huggingface.co' ([Errno 11001] getaddrinfo failed)"))
    failed data/data_98/59316.mp4: HTTPSConnectionPool(host='huggingface.co', port=443): Max retries exceeded with url: /datasets/Voxel51/WLASL/resolve/main/data/data_98/59316.mp4 (Caused by NameResolutionError("HTTPSConnection(host='huggingface.co', port=443): Failed to resolve 'huggingface.co' ([Errno 11001] getaddrinfo failed)"))
    failed data/data_98/59319.mp4: HTTPSConnectionPool(host='huggingface.co', port=443): Max retries exceeded with url: /datasets/Voxel51/WLASL/resolve/main/data/data_98/59319.mp4 (Caused by NameResolutionError("HTTPSConnection(host='huggingface.co', port=443): Failed to resolve 'huggingface.co' ([Errno 11001] getaddrinfo failed)"))
    failed data/data_98/59320.mp4: HTTPSConnectionPool(host='huggingface.co', port=443): Max retries exceeded with url: /datasets/Voxel51/WLASL/resolve/main/data/data_98/59320.mp4 (Caused by NameResolutionError("HTTPSConnection(host='huggingface.co', port=443): Failed to resolve 'huggingface.co' ([Errno 11001] getaddrinfo failed)"))
    failed data/data_116/66665.mp4: HTTPSConnectionPool(host='huggingface.co', port=443): Max retries exceeded with url: /datasets/Voxel51/WLASL/resolve/main/data/data_116/66665.mp4 (Caused by NameResolutionError("HTTPSConnection(host='huggingface.co', port=443): Failed to resolve 'huggingface.co' ([Errno 11001] getaddrinfo failed)"))
  train          0/9 clips
    failed data/data_98/59495.mp4: HTTPSConnectionPool(host='huggingface.co', port=443): Max retries exceeded with url: /datasets/Voxel51/WLASL/resolve/main/data/data_98/59495.mp4 (Caused by NameResolutionError("HTTPSConnection(host='huggingface.co', port=443): Failed to resolve 'huggingface.co' ([Errno 11001] getaddrinfo failed)"))
    failed data/data_98/59496.mp4: HTTPSConnectionPool(host='huggingface.co', port=443): Max retries exceeded with url: /datasets/Voxel51/WLASL/resolve/main/data/data_98/59496.mp4 (Caused by NameResolutionError("HTTPSConnection(host='huggingface.co', port=443): Failed to resolve 'huggingface.co' ([Errno 11001] getaddrinfo failed)"))
    failed data/data_98/59497.mp4: HTTPSConnectionPool(host='huggingface.co', port=443): Max retries exceeded with url: /datasets/Voxel51/WLASL/resolve/main/data/data_98/59497.mp4 (Caused by NameResolutionError("HTTPSConnection(host='huggingface.co', port=443): Failed to resolve 'huggingface.co' ([Errno 11001] getaddrinfo failed)"))
    failed data/data_98/59499.mp4: HTTPSConnectionPool(host='huggingface.co', port=443): Max retries exceeded with url: /datasets/Voxel51/WLASL/resolve/main/data/data_98/59499.mp4 (Caused by NameResolutionError("HTTPSConnection(host='huggingface.co', port=443): Failed to resolve 'huggingface.co' ([Errno 11001] getaddrinfo failed)"))
    failed data/data_98/59500.mp4: HTTPSConnectionPool(host='huggingface.co', port=443): Max retries exceeded with url: /datasets/Voxel51/WLASL/resolve/main/data/data_98/59500.mp4 (Caused by NameResolutionError("HTTPSConnection(host='huggingface.co', port=443): Failed to resolve 'huggingface.co' ([Errno 11001] getaddrinfo failed)"))
    failed data/data_99/59502.mp4: HTTPSConnectionPool(host='huggingface.co', port=443): Max retries exceeded with url: /datasets/Voxel51/WLASL/resolve/main/data/data_99/59502.mp4 (Caused by NameResolutionError("HTTPSConnection(host='huggingface.co', port=443): Failed to resolve 'huggingface.co' ([Errno 11001] getaddrinfo failed)"))
    failed data/data_99/59503.mp4: HTTPSConnectionPool(host='huggingface.co', port=443): Max retries exceeded with url: /datasets/Voxel51/WLASL/resolve/main/data/data_99/59503.mp4 (Caused by NameResolutionError("HTTPSConnection(host='huggingface.co', port=443): Failed to resolve 'huggingface.co' ([Errno 11001] getaddrinfo failed)"))
    failed data/data_99/59506.mp4: HTTPSConnectionPool(host='huggingface.co', port=443): Max retries exceeded with url: /datasets/Voxel51/WLASL/resolve/main/data/data_99/59506.mp4 (Caused by NameResolutionError("HTTPSConnection(host='huggingface.co', port=443): Failed to resolve 'huggingface.co' ([Errno 11001] getaddrinfo failed)"))
    failed data/data_116/66672.mp4: HTTPSConnectionPool(host='huggingface.co', port=443): Max retries exceeded with url: /datasets/Voxel51/WLASL/resolve/main/data/data_116/66672.mp4 (Caused by NameResolutionError("HTTPSConnection(host='huggingface.co', port=443): Failed to resolve 'huggingface.co' ([Errno 11001] getaddrinfo failed)"))
  travel         0/9 clips
    failed data/data_99/60346.mp4: HTTPSConnectionPool(host='huggingface.co', port=443): Max retries exceeded with url: /datasets/Voxel51/WLASL/resolve/main/data/data_99/60346.mp4 (Caused by NameResolutionError("HTTPSConnection(host='huggingface.co', port=443): Failed to resolve 'huggingface.co' ([Errno 11001] getaddrinfo failed)"))
    failed data/data_99/60347.mp4: HTTPSConnectionPool(host='huggingface.co', port=443): Max retries exceeded with url: /datasets/Voxel51/WLASL/resolve/main/data/data_99/60347.mp4 (Caused by NameResolutionError("HTTPSConnection(host='huggingface.co', port=443): Failed to resolve 'huggingface.co' ([Errno 11001] getaddrinfo failed)"))
    failed data/data_99/60348.mp4: HTTPSConnectionPool(host='huggingface.co', port=443): Max retries exceeded with url: /datasets/Voxel51/WLASL/resolve/main/data/data_99/60348.mp4 (Caused by NameResolutionError("HTTPSConnection(host='huggingface.co', port=443): Failed to resolve 'huggingface.co' ([Errno 11001] getaddrinfo failed)"))
    failed data/data_99/60349.mp4: HTTPSConnectionPool(host='huggingface.co', port=443): Max retries exceeded with url: /datasets/Voxel51/WLASL/resolve/main/data/data_99/60349.mp4 (Caused by NameResolutionError("HTTPSConnection(host='huggingface.co', port=443): Failed to resolve 'huggingface.co' ([Errno 11001] getaddrinfo failed)"))
    failed data/data_99/60350.mp4: HTTPSConnectionPool(host='huggingface.co', port=443): Max retries exceeded with url: /datasets/Voxel51/WLASL/resolve/main/data/data_99/60350.mp4 (Caused by NameResolutionError("HTTPSConnection(host='huggingface.co', port=443): Failed to resolve 'huggingface.co' ([Errno 11001] getaddrinfo failed)"))
    failed data/data_99/60352.mp4: HTTPSConnectionPool(host='huggingface.co', port=443): Max retries exceeded with url: /datasets/Voxel51/WLASL/resolve/main/data/data_99/60352.mp4 (Caused by NameResolutionError("HTTPSConnection(host='huggingface.co', port=443): Failed to resolve 'huggingface.co' ([Errno 11001] getaddrinfo failed)"))
    failed data/data_100/60353.mp4: HTTPSConnectionPool(host='huggingface.co', port=443): Max retries exceeded with url: /datasets/Voxel51/WLASL/resolve/main/data/data_100/60353.mp4 (Caused by NameResolutionError("HTTPSConnection(host='huggingface.co', port=443): Failed to resolve 'huggingface.co' ([Errno 11001] getaddrinfo failed)"))
    failed data/data_100/60354.mp4: HTTPSConnectionPool(host='huggingface.co', port=443): Max retries exceeded with url: /datasets/Voxel51/WLASL/resolve/main/data/data_100/60354.mp4 (Caused by NameResolutionError("HTTPSConnection(host='huggingface.co', port=443): Failed to resolve 'huggingface.co' ([Errno 11001] getaddrinfo failed)"))
    failed data/data_100/60357.mp4: HTTPSConnectionPool(host='huggingface.co', port=443): Max retries exceeded with url: /datasets/Voxel51/WLASL/resolve/main/data/data_100/60357.mp4 (Caused by NameResolutionError("HTTPSConnection(host='huggingface.co', port=443): Failed to resolve 'huggingface.co' ([Errno 11001] getaddrinfo failed)"))
  ugly           0/9 clips
    failed data/data_100/60948.mp4: HTTPSConnectionPool(host='huggingface.co', port=443): Max retries exceeded with url: /datasets/Voxel51/WLASL/resolve/main/data/data_100/60948.mp4 (Caused by NameResolutionError("HTTPSConnection(host='huggingface.co', port=443): Failed to resolve 'huggingface.co' ([Errno 11001] getaddrinfo failed)"))
    failed data/data_100/60949.mp4: HTTPSConnectionPool(host='huggingface.co', port=443): Max retries exceeded with url: /datasets/Voxel51/WLASL/resolve/main/data/data_100/60949.mp4 (Caused by NameResolutionError("HTTPSConnection(host='huggingface.co', port=443): Failed to resolve 'huggingface.co' ([Errno 11001] getaddrinfo failed)"))
    failed data/data_100/60950.mp4: HTTPSConnectionPool(host='huggingface.co', port=443): Max retries exceeded with url: /datasets/Voxel51/WLASL/resolve/main/data/data_100/60950.mp4 (Caused by NameResolutionError("HTTPSConnection(host='huggingface.co', port=443): Failed to resolve 'huggingface.co' ([Errno 11001] getaddrinfo failed)"))
    failed data/data_100/60951.mp4: HTTPSConnectionPool(host='huggingface.co', port=443): Max retries exceeded with url: /datasets/Voxel51/WLASL/resolve/main/data/data_100/60951.mp4 (Caused by NameResolutionError("HTTPSConnection(host='huggingface.co', port=443): Failed to resolve 'huggingface.co' ([Errno 11001] getaddrinfo failed)"))
    failed data/data_100/60952.mp4: HTTPSConnectionPool(host='huggingface.co', port=443): Max retries exceeded with url: /datasets/Voxel51/WLASL/resolve/main/data/data_100/60952.mp4 (Caused by NameResolutionError("HTTPSConnection(host='huggingface.co', port=443): Failed to resolve 'huggingface.co' ([Errno 11001] getaddrinfo failed)"))
    failed data/data_100/60954.mp4: HTTPSConnectionPool(host='huggingface.co', port=443): Max retries exceeded with url: /datasets/Voxel51/WLASL/resolve/main/data/data_100/60954.mp4 (Caused by NameResolutionError("HTTPSConnection(host='huggingface.co', port=443): Failed to resolve 'huggingface.co' ([Errno 11001] getaddrinfo failed)"))
    failed data/data_100/60956.mp4: HTTPSConnectionPool(host='huggingface.co', port=443): Max retries exceeded with url: /datasets/Voxel51/WLASL/resolve/main/data/data_100/60956.mp4 (Caused by NameResolutionError("HTTPSConnection(host='huggingface.co', port=443): Failed to resolve 'huggingface.co' ([Errno 11001] getaddrinfo failed)"))
    failed data/data_116/66711.mp4: HTTPSConnectionPool(host='huggingface.co', port=443): Max retries exceeded with url: /datasets/Voxel51/WLASL/resolve/main/data/data_116/66711.mp4 (Caused by NameResolutionError("HTTPSConnection(host='huggingface.co', port=443): Failed to resolve 'huggingface.co' ([Errno 11001] getaddrinfo failed)"))
    failed data/data_116/66712.mp4: HTTPSConnectionPool(host='huggingface.co', port=443): Max retries exceeded with url: /datasets/Voxel51/WLASL/resolve/main/data/data_116/66712.mp4 (Caused by NameResolutionError("HTTPSConnection(host='huggingface.co', port=443): Failed to resolve 'huggingface.co' ([Errno 11001] getaddrinfo failed)"))
  upset          0/9 clips
    failed data/data_101/61805.mp4: HTTPSConnectionPool(host='huggingface.co', port=443): Max retries exceeded with url: /datasets/Voxel51/WLASL/resolve/main/data/data_101/61805.mp4 (Caused by NameResolutionError("HTTPSConnection(host='huggingface.co', port=443): Failed to resolve 'huggingface.co' ([Errno 11001] getaddrinfo failed)"))
    failed data/data_101/61806.mp4: HTTPSConnectionPool(host='huggingface.co', port=443): Max retries exceeded with url: /datasets/Voxel51/WLASL/resolve/main/data/data_101/61806.mp4 (Caused by NameResolutionError("HTTPSConnection(host='huggingface.co', port=443): Failed to resolve 'huggingface.co' ([Errno 11001] getaddrinfo failed)"))
    failed data/data_101/61807.mp4: HTTPSConnectionPool(host='huggingface.co', port=443): Max retries exceeded with url: /datasets/Voxel51/WLASL/resolve/main/data/data_101/61807.mp4 (Caused by NameResolutionError("HTTPSConnection(host='huggingface.co', port=443): Failed to resolve 'huggingface.co' ([Errno 11001] getaddrinfo failed)"))
    failed data/data_101/61808.mp4: HTTPSConnectionPool(host='huggingface.co', port=443): Max retries exceeded with url: /datasets/Voxel51/WLASL/resolve/main/data/data_101/61808.mp4 (Caused by NameResolutionError("HTTPSConnection(host='huggingface.co', port=443): Failed to resolve 'huggingface.co' ([Errno 11001] getaddrinfo failed)"))
    failed data/data_101/61809.mp4: HTTPSConnectionPool(host='huggingface.co', port=443): Max retries exceeded with url: /datasets/Voxel51/WLASL/resolve/main/data/data_101/61809.mp4 (Caused by NameResolutionError("HTTPSConnection(host='huggingface.co', port=443): Failed to resolve 'huggingface.co' ([Errno 11001] getaddrinfo failed)"))
    failed data/data_101/61810.mp4: HTTPSConnectionPool(host='huggingface.co', port=443): Max retries exceeded with url: /datasets/Voxel51/WLASL/resolve/main/data/data_101/61810.mp4 (Caused by NameResolutionError("HTTPSConnection(host='huggingface.co', port=443): Failed to resolve 'huggingface.co' ([Errno 11001] getaddrinfo failed)"))
    failed data/data_101/61812.mp4: HTTPSConnectionPool(host='huggingface.co', port=443): Max retries exceeded with url: /datasets/Voxel51/WLASL/resolve/main/data/data_101/61812.mp4 (Caused by NameResolutionError("HTTPSConnection(host='huggingface.co', port=443): Failed to resolve 'huggingface.co' ([Errno 11001] getaddrinfo failed)"))
    failed data/data_101/61819.mp4: HTTPSConnectionPool(host='huggingface.co', port=443): Max retries exceeded with url: /datasets/Voxel51/WLASL/resolve/main/data/data_101/61819.mp4 (Caused by NameResolutionError("HTTPSConnection(host='huggingface.co', port=443): Failed to resolve 'huggingface.co' ([Errno 11001] getaddrinfo failed)"))
    failed data/data_116/66731.mp4: HTTPSConnectionPool(host='huggingface.co', port=443): Max retries exceeded with url: /datasets/Voxel51/WLASL/resolve/main/data/data_116/66731.mp4 (Caused by NameResolutionError("HTTPSConnection(host='huggingface.co', port=443): Failed to resolve 'huggingface.co' ([Errno 11001] getaddrinfo failed)"))
  visit          0/9 clips
    failed data/data_101/61914.mp4: HTTPSConnectionPool(host='huggingface.co', port=443): Max retries exceeded with url: /datasets/Voxel51/WLASL/resolve/main/data/data_101/61914.mp4 (Caused by NameResolutionError("HTTPSConnection(host='huggingface.co', port=443): Failed to resolve 'huggingface.co' ([Errno 11001] getaddrinfo failed)"))
    failed data/data_101/61915.mp4: HTTPSConnectionPool(host='huggingface.co', port=443): Max retries exceeded with url: /datasets/Voxel51/WLASL/resolve/main/data/data_101/61915.mp4 (Caused by NameResolutionError("HTTPSConnection(host='huggingface.co', port=443): Failed to resolve 'huggingface.co' ([Errno 11001] getaddrinfo failed)"))
    failed data/data_101/61916.mp4: HTTPSConnectionPool(host='huggingface.co', port=443): Max retries exceeded with url: /datasets/Voxel51/WLASL/resolve/main/data/data_101/61916.mp4 (Caused by NameResolutionError("HTTPSConnection(host='huggingface.co', port=443): Failed to resolve 'huggingface.co' ([Errno 11001] getaddrinfo failed)"))
    failed data/data_101/61917.mp4: HTTPSConnectionPool(host='huggingface.co', port=443): Max retries exceeded with url: /datasets/Voxel51/WLASL/resolve/main/data/data_101/61917.mp4 (Caused by NameResolutionError("HTTPSConnection(host='huggingface.co', port=443): Failed to resolve 'huggingface.co' ([Errno 11001] getaddrinfo failed)"))
    failed data/data_101/61918.mp4: HTTPSConnectionPool(host='huggingface.co', port=443): Max retries exceeded with url: /datasets/Voxel51/WLASL/resolve/main/data/data_101/61918.mp4 (Caused by NameResolutionError("HTTPSConnection(host='huggingface.co', port=443): Failed to resolve 'huggingface.co' ([Errno 11001] getaddrinfo failed)"))
    failed data/data_101/61920.mp4: HTTPSConnectionPool(host='huggingface.co', port=443): Max retries exceeded with url: /datasets/Voxel51/WLASL/resolve/main/data/data_101/61920.mp4 (Caused by NameResolutionError("HTTPSConnection(host='huggingface.co', port=443): Failed to resolve 'huggingface.co' ([Errno 11001] getaddrinfo failed)"))
    failed data/data_101/61921.mp4: HTTPSConnectionPool(host='huggingface.co', port=443): Max retries exceeded with url: /datasets/Voxel51/WLASL/resolve/main/data/data_101/61921.mp4 (Caused by NameResolutionError("HTTPSConnection(host='huggingface.co', port=443): Failed to resolve 'huggingface.co' ([Errno 11001] getaddrinfo failed)"))
    failed data/data_101/61924.mp4: HTTPSConnectionPool(host='huggingface.co', port=443): Max retries exceeded with url: /datasets/Voxel51/WLASL/resolve/main/data/data_101/61924.mp4 (Caused by NameResolutionError("HTTPSConnection(host='huggingface.co', port=443): Failed to resolve 'huggingface.co' ([Errno 11001] getaddrinfo failed)"))
    failed data/data_116/66736.mp4: HTTPSConnectionPool(host='huggingface.co', port=443): Max retries exceeded with url: /datasets/Voxel51/WLASL/resolve/main/data/data_116/66736.mp4 (Caused by NameResolutionError("HTTPSConnection(host='huggingface.co', port=443): Failed to resolve 'huggingface.co' ([Errno 11001] getaddrinfo failed)"))
  voice          0/9 clips
    failed data/data_101/61978.mp4: HTTPSConnectionPool(host='huggingface.co', port=443): Max retries exceeded with url: /datasets/Voxel51/WLASL/resolve/main/data/data_101/61978.mp4 (Caused by NameResolutionError("HTTPSConnection(host='huggingface.co', port=443): Failed to resolve 'huggingface.co' ([Errno 11001] getaddrinfo failed)"))
    failed data/data_101/61979.mp4: HTTPSConnectionPool(host='huggingface.co', port=443): Max retries exceeded with url: /datasets/Voxel51/WLASL/resolve/main/data/data_101/61979.mp4 (Caused by NameResolutionError("HTTPSConnection(host='huggingface.co', port=443): Failed to resolve 'huggingface.co' ([Errno 11001] getaddrinfo failed)"))
    failed data/data_101/61980.mp4: HTTPSConnectionPool(host='huggingface.co', port=443): Max retries exceeded with url: /datasets/Voxel51/WLASL/resolve/main/data/data_101/61980.mp4 (Caused by NameResolutionError("HTTPSConnection(host='huggingface.co', port=443): Failed to resolve 'huggingface.co' ([Errno 11001] getaddrinfo failed)"))
    failed data/data_101/61982.mp4: HTTPSConnectionPool(host='huggingface.co', port=443): Max retries exceeded with url: /datasets/Voxel51/WLASL/resolve/main/data/data_101/61982.mp4 (Caused by NameResolutionError("HTTPSConnection(host='huggingface.co', port=443): Failed to resolve 'huggingface.co' ([Errno 11001] getaddrinfo failed)"))
    failed data/data_101/61983.mp4: HTTPSConnectionPool(host='huggingface.co', port=443): Max retries exceeded with url: /datasets/Voxel51/WLASL/resolve/main/data/data_101/61983.mp4 (Caused by NameResolutionError("HTTPSConnection(host='huggingface.co', port=443): Failed to resolve 'huggingface.co' ([Errno 11001] getaddrinfo failed)"))
    failed data/data_101/61984.mp4: HTTPSConnectionPool(host='huggingface.co', port=443): Max retries exceeded with url: /datasets/Voxel51/WLASL/resolve/main/data/data_101/61984.mp4 (Caused by NameResolutionError("HTTPSConnection(host='huggingface.co', port=443): Failed to resolve 'huggingface.co' ([Errno 11001] getaddrinfo failed)"))
    failed data/data_101/61986.mp4: HTTPSConnectionPool(host='huggingface.co', port=443): Max retries exceeded with url: /datasets/Voxel51/WLASL/resolve/main/data/data_101/61986.mp4 (Caused by NameResolutionError("HTTPSConnection(host='huggingface.co', port=443): Failed to resolve 'huggingface.co' ([Errno 11001] getaddrinfo failed)"))
    failed data/data_101/61987.mp4: HTTPSConnectionPool(host='huggingface.co', port=443): Max retries exceeded with url: /datasets/Voxel51/WLASL/resolve/main/data/data_101/61987.mp4 (Caused by NameResolutionError("HTTPSConnection(host='huggingface.co', port=443): Failed to resolve 'huggingface.co' ([Errno 11001] getaddrinfo failed)"))
    failed data/data_101/61990.mp4: HTTPSConnectionPool(host='huggingface.co', port=443): Max retries exceeded with url: /datasets/Voxel51/WLASL/resolve/main/data/data_101/61990.mp4 (Caused by NameResolutionError("HTTPSConnection(host='huggingface.co', port=443): Failed to resolve 'huggingface.co' ([Errno 11001] getaddrinfo failed)"))
  vomit          0/9 clips
    failed data/data_103/62730.mp4: HTTPSConnectionPool(host='huggingface.co', port=443): Max retries exceeded with url: /datasets/Voxel51/WLASL/resolve/main/data/data_103/62730.mp4 (Caused by NameResolutionError("HTTPSConnection(host='huggingface.co', port=443): Failed to resolve 'huggingface.co' ([Errno 11001] getaddrinfo failed)"))
    failed data/data_103/62731.mp4: HTTPSConnectionPool(host='huggingface.co', port=443): Max retries exceeded with url: /datasets/Voxel51/WLASL/resolve/main/data/data_103/62731.mp4 (Caused by NameResolutionError("HTTPSConnection(host='huggingface.co', port=443): Failed to resolve 'huggingface.co' ([Errno 11001] getaddrinfo failed)"))
    failed data/data_103/62732.mp4: HTTPSConnectionPool(host='huggingface.co', port=443): Max retries exceeded with url: /datasets/Voxel51/WLASL/resolve/main/data/data_103/62732.mp4 (Caused by NameResolutionError("HTTPSConnection(host='huggingface.co', port=443): Failed to resolve 'huggingface.co' ([Errno 11001] getaddrinfo failed)"))
    failed data/data_103/62733.mp4: HTTPSConnectionPool(host='huggingface.co', port=443): Max retries exceeded with url: /datasets/Voxel51/WLASL/resolve/main/data/data_103/62733.mp4 (Caused by NameResolutionError("HTTPSConnection(host='huggingface.co', port=443): Failed to resolve 'huggingface.co' ([Errno 11001] getaddrinfo failed)"))
    failed data/data_103/62734.mp4: HTTPSConnectionPool(host='huggingface.co', port=443): Max retries exceeded with url: /datasets/Voxel51/WLASL/resolve/main/data/data_103/62734.mp4 (Caused by NameResolutionError("HTTPSConnection(host='huggingface.co', port=443): Failed to resolve 'huggingface.co' ([Errno 11001] getaddrinfo failed)"))
    failed data/data_103/62736.mp4: HTTPSConnectionPool(host='huggingface.co', port=443): Max retries exceeded with url: /datasets/Voxel51/WLASL/resolve/main/data/data_103/62736.mp4 (Caused by NameResolutionError("HTTPSConnection(host='huggingface.co', port=443): Failed to resolve 'huggingface.co' ([Errno 11001] getaddrinfo failed)"))
    failed data/data_103/62738.mp4: HTTPSConnectionPool(host='huggingface.co', port=443): Max retries exceeded with url: /datasets/Voxel51/WLASL/resolve/main/data/data_103/62738.mp4 (Caused by NameResolutionError("HTTPSConnection(host='huggingface.co', port=443): Failed to resolve 'huggingface.co' ([Errno 11001] getaddrinfo failed)"))
    failed data/data_117/66760.mp4: HTTPSConnectionPool(host='huggingface.co', port=443): Max retries exceeded with url: /datasets/Voxel51/WLASL/resolve/main/data/data_117/66760.mp4 (Caused by NameResolutionError("HTTPSConnection(host='huggingface.co', port=443): Failed to resolve 'huggingface.co' ([Errno 11001] getaddrinfo failed)"))
    failed data/data_117/66761.mp4: HTTPSConnectionPool(host='huggingface.co', port=443): Max retries exceeded with url: /datasets/Voxel51/WLASL/resolve/main/data/data_117/66761.mp4 (Caused by NameResolutionError("HTTPSConnection(host='huggingface.co', port=443): Failed to resolve 'huggingface.co' ([Errno 11001] getaddrinfo failed)"))
  weekend        0/9 clips
    failed data/data_103/62740.mp4: HTTPSConnectionPool(host='huggingface.co', port=443): Max retries exceeded with url: /datasets/Voxel51/WLASL/resolve/main/data/data_103/62740.mp4 (Caused by NameResolutionError("HTTPSConnection(host='huggingface.co', port=443): Failed to resolve 'huggingface.co' ([Errno 11001] getaddrinfo failed)"))
    failed data/data_103/62741.mp4: HTTPSConnectionPool(host='huggingface.co', port=443): Max retries exceeded with url: /datasets/Voxel51/WLASL/resolve/main/data/data_103/62741.mp4 (Caused by NameResolutionError("HTTPSConnection(host='huggingface.co', port=443): Failed to resolve 'huggingface.co' ([Errno 11001] getaddrinfo failed)"))
    failed data/data_103/62742.mp4: HTTPSConnectionPool(host='huggingface.co', port=443): Max retries exceeded with url: /datasets/Voxel51/WLASL/resolve/main/data/data_103/62742.mp4 (Caused by NameResolutionError("HTTPSConnection(host='huggingface.co', port=443): Failed to resolve 'huggingface.co' ([Errno 11001] getaddrinfo failed)"))
    failed data/data_103/62743.mp4: HTTPSConnectionPool(host='huggingface.co', port=443): Max retries exceeded with url: /datasets/Voxel51/WLASL/resolve/main/data/data_103/62743.mp4 (Caused by NameResolutionError("HTTPSConnection(host='huggingface.co', port=443): Failed to resolve 'huggingface.co' ([Errno 11001] getaddrinfo failed)"))
    failed data/data_103/62746.mp4: HTTPSConnectionPool(host='huggingface.co', port=443): Max retries exceeded with url: /datasets/Voxel51/WLASL/resolve/main/data/data_103/62746.mp4 (Caused by NameResolutionError("HTTPSConnection(host='huggingface.co', port=443): Failed to resolve 'huggingface.co' ([Errno 11001] getaddrinfo failed)"))
    failed data/data_103/62747.mp4: HTTPSConnectionPool(host='huggingface.co', port=443): Max retries exceeded with url: /datasets/Voxel51/WLASL/resolve/main/data/data_103/62747.mp4 (Caused by NameResolutionError("HTTPSConnection(host='huggingface.co', port=443): Failed to resolve 'huggingface.co' ([Errno 11001] getaddrinfo failed)"))
    failed data/data_103/62748.mp4: HTTPSConnectionPool(host='huggingface.co', port=443): Max retries exceeded with url: /datasets/Voxel51/WLASL/resolve/main/data/data_103/62748.mp4 (Caused by NameResolutionError("HTTPSConnection(host='huggingface.co', port=443): Failed to resolve 'huggingface.co' ([Errno 11001] getaddrinfo failed)"))
    failed data/data_103/62752.mp4: HTTPSConnectionPool(host='huggingface.co', port=443): Max retries exceeded with url: /datasets/Voxel51/WLASL/resolve/main/data/data_103/62752.mp4 (Caused by NameResolutionError("HTTPSConnection(host='huggingface.co', port=443): Failed to resolve 'huggingface.co' ([Errno 11001] getaddrinfo failed)"))
    failed data/data_117/66759.mp4: HTTPSConnectionPool(host='huggingface.co', port=443): Max retries exceeded with url: /datasets/Voxel51/WLASL/resolve/main/data/data_117/66759.mp4 (Caused by NameResolutionError("HTTPSConnection(host='huggingface.co', port=443): Failed to resolve 'huggingface.co' ([Errno 11001] getaddrinfo failed)"))
  week           0/9 clips
    failed data/data_103/62922.mp4: HTTPSConnectionPool(host='huggingface.co', port=443): Max retries exceeded with url: /datasets/Voxel51/WLASL/resolve/main/data/data_103/62922.mp4 (Caused by NameResolutionError("HTTPSConnection(host='huggingface.co', port=443): Failed to resolve 'huggingface.co' ([Errno 11001] getaddrinfo failed)"))
    failed data/data_103/62923.mp4: HTTPSConnectionPool(host='huggingface.co', port=443): Max retries exceeded with url: /datasets/Voxel51/WLASL/resolve/main/data/data_103/62923.mp4 (Caused by NameResolutionError("HTTPSConnection(host='huggingface.co', port=443): Failed to resolve 'huggingface.co' ([Errno 11001] getaddrinfo failed)"))
    failed data/data_103/62924.mp4: HTTPSConnectionPool(host='huggingface.co', port=443): Max retries exceeded with url: /datasets/Voxel51/WLASL/resolve/main/data/data_103/62924.mp4 (Caused by NameResolutionError("HTTPSConnection(host='huggingface.co', port=443): Failed to resolve 'huggingface.co' ([Errno 11001] getaddrinfo failed)"))
    failed data/data_103/62925.mp4: HTTPSConnectionPool(host='huggingface.co', port=443): Max retries exceeded with url: /datasets/Voxel51/WLASL/resolve/main/data/data_103/62925.mp4 (Caused by NameResolutionError("HTTPSConnection(host='huggingface.co', port=443): Failed to resolve 'huggingface.co' ([Errno 11001] getaddrinfo failed)"))
    failed data/data_103/62927.mp4: HTTPSConnectionPool(host='huggingface.co', port=443): Max retries exceeded with url: /datasets/Voxel51/WLASL/resolve/main/data/data_103/62927.mp4 (Caused by NameResolutionError("HTTPSConnection(host='huggingface.co', port=443): Failed to resolve 'huggingface.co' ([Errno 11001] getaddrinfo failed)"))
    failed data/data_103/62930.mp4: HTTPSConnectionPool(host='huggingface.co', port=443): Max retries exceeded with url: /datasets/Voxel51/WLASL/resolve/main/data/data_103/62930.mp4 (Caused by NameResolutionError("HTTPSConnection(host='huggingface.co', port=443): Failed to resolve 'huggingface.co' ([Errno 11001] getaddrinfo failed)"))
    failed data/data_117/66766.mp4: HTTPSConnectionPool(host='huggingface.co', port=443): Max retries exceeded with url: /datasets/Voxel51/WLASL/resolve/main/data/data_117/66766.mp4 (Caused by NameResolutionError("HTTPSConnection(host='huggingface.co', port=443): Failed to resolve 'huggingface.co' ([Errno 11001] getaddrinfo failed)"))
    failed data/data_117/66767.mp4: HTTPSConnectionPool(host='huggingface.co', port=443): Max retries exceeded with url: /datasets/Voxel51/WLASL/resolve/main/data/data_117/66767.mp4 (Caused by NameResolutionError("HTTPSConnection(host='huggingface.co', port=443): Failed to resolve 'huggingface.co' ([Errno 11001] getaddrinfo failed)"))
    failed data/data_119/69529.mp4: HTTPSConnectionPool(host='huggingface.co', port=443): Max retries exceeded with url: /datasets/Voxel51/WLASL/resolve/main/data/data_119/69529.mp4 (Caused by NameResolutionError("HTTPSConnection(host='huggingface.co', port=443): Failed to resolve 'huggingface.co' ([Errno 11001] getaddrinfo failed)"))
  wet            0/9 clips
    failed data/data_106/63948.mp4: HTTPSConnectionPool(host='huggingface.co', port=443): Max retries exceeded with url: /datasets/Voxel51/WLASL/resolve/main/data/data_106/63948.mp4 (Caused by NameResolutionError("HTTPSConnection(host='huggingface.co', port=443): Failed to resolve 'huggingface.co' ([Errno 11001] getaddrinfo failed)"))
    failed data/data_106/63949.mp4: HTTPSConnectionPool(host='huggingface.co', port=443): Max retries exceeded with url: /datasets/Voxel51/WLASL/resolve/main/data/data_106/63949.mp4 (Caused by NameResolutionError("HTTPSConnection(host='huggingface.co', port=443): Failed to resolve 'huggingface.co' ([Errno 11001] getaddrinfo failed)"))
    failed data/data_106/63951.mp4: HTTPSConnectionPool(host='huggingface.co', port=443): Max retries exceeded with url: /datasets/Voxel51/WLASL/resolve/main/data/data_106/63951.mp4 (Caused by NameResolutionError("HTTPSConnection(host='huggingface.co', port=443): Failed to resolve 'huggingface.co' ([Errno 11001] getaddrinfo failed)"))
    failed data/data_106/63953.mp4: HTTPSConnectionPool(host='huggingface.co', port=443): Max retries exceeded with url: /datasets/Voxel51/WLASL/resolve/main/data/data_106/63953.mp4 (Caused by NameResolutionError("HTTPSConnection(host='huggingface.co', port=443): Failed to resolve 'huggingface.co' ([Errno 11001] getaddrinfo failed)"))
    failed data/data_106/63955.mp4: HTTPSConnectionPool(host='huggingface.co', port=443): Max retries exceeded with url: /datasets/Voxel51/WLASL/resolve/main/data/data_106/63955.mp4 (Caused by NameResolutionError("HTTPSConnection(host='huggingface.co', port=443): Failed to resolve 'huggingface.co' ([Errno 11001] getaddrinfo failed)"))
    failed data/data_106/63958.mp4: HTTPSConnectionPool(host='huggingface.co', port=443): Max retries exceeded with url: /datasets/Voxel51/WLASL/resolve/main/data/data_106/63958.mp4 (Caused by NameResolutionError("HTTPSConnection(host='huggingface.co', port=443): Failed to resolve 'huggingface.co' ([Errno 11001] getaddrinfo failed)"))
    failed data/data_106/63962.mp4: HTTPSConnectionPool(host='huggingface.co', port=443): Max retries exceeded with url: /datasets/Voxel51/WLASL/resolve/main/data/data_106/63962.mp4 (Caused by NameResolutionError("HTTPSConnection(host='huggingface.co', port=443): Failed to resolve 'huggingface.co' ([Errno 11001] getaddrinfo failed)"))
    failed data/data_106/63964.mp4: HTTPSConnectionPool(host='huggingface.co', port=443): Max retries exceeded with url: /datasets/Voxel51/WLASL/resolve/main/data/data_106/63964.mp4 (Caused by NameResolutionError("HTTPSConnection(host='huggingface.co', port=443): Failed to resolve 'huggingface.co' ([Errno 11001] getaddrinfo failed)"))
    failed data/data_106/63968.mp4: HTTPSConnectionPool(host='huggingface.co', port=443): Max retries exceeded with url: /datasets/Voxel51/WLASL/resolve/main/data/data_106/63968.mp4 (Caused by NameResolutionError("HTTPSConnection(host='huggingface.co', port=443): Failed to resolve 'huggingface.co' ([Errno 11001] getaddrinfo failed)"))
  wow            0/9 clips
    failed data/data_0/00592.mp4: HTTPSConnectionPool(host='huggingface.co', port=443): Max retries exceeded with url: /datasets/Voxel51/WLASL/resolve/main/data/data_0/00592.mp4 (Caused by NameResolutionError("HTTPSConnection(host='huggingface.co', port=443): Failed to resolve 'huggingface.co' ([Errno 11001] getaddrinfo failed)"))
    failed data/data_0/00593.mp4: HTTPSConnectionPool(host='huggingface.co', port=443): Max retries exceeded with url: /datasets/Voxel51/WLASL/resolve/main/data/data_0/00593.mp4 (Caused by NameResolutionError("HTTPSConnection(host='huggingface.co', port=443): Failed to resolve 'huggingface.co' ([Errno 11001] getaddrinfo failed)"))
    failed data/data_0/00594.mp4: HTTPSConnectionPool(host='huggingface.co', port=443): Max retries exceeded with url: /datasets/Voxel51/WLASL/resolve/main/data/data_0/00594.mp4 (Caused by NameResolutionError("HTTPSConnection(host='huggingface.co', port=443): Failed to resolve 'huggingface.co' ([Errno 11001] getaddrinfo failed)"))
    failed data/data_0/00597.mp4: HTTPSConnectionPool(host='huggingface.co', port=443): Max retries exceeded with url: /datasets/Voxel51/WLASL/resolve/main/data/data_0/00597.mp4 (Caused by NameResolutionError("HTTPSConnection(host='huggingface.co', port=443): Failed to resolve 'huggingface.co' ([Errno 11001] getaddrinfo failed)"))
    failed data/data_0/00599.mp4: HTTPSConnectionPool(host='huggingface.co', port=443): Max retries exceeded with url: /datasets/Voxel51/WLASL/resolve/main/data/data_0/00599.mp4 (Caused by NameResolutionError("HTTPSConnection(host='huggingface.co', port=443): Failed to resolve 'huggingface.co' ([Errno 11001] getaddrinfo failed)"))
    failed data/data_0/00600.mp4: HTTPSConnectionPool(host='huggingface.co', port=443): Max retries exceeded with url: /datasets/Voxel51/WLASL/resolve/main/data/data_0/00600.mp4 (Caused by NameResolutionError("HTTPSConnection(host='huggingface.co', port=443): Failed to resolve 'huggingface.co' ([Errno 11001] getaddrinfo failed)"))
    failed data/data_0/00603.mp4: HTTPSConnectionPool(host='huggingface.co', port=443): Max retries exceeded with url: /datasets/Voxel51/WLASL/resolve/main/data/data_0/00603.mp4 (Caused by NameResolutionError("HTTPSConnection(host='huggingface.co', port=443): Failed to resolve 'huggingface.co' ([Errno 11001] getaddrinfo failed)"))
    failed data/data_107/65007.mp4: HTTPSConnectionPool(host='huggingface.co', port=443): Max retries exceeded with url: /datasets/Voxel51/WLASL/resolve/main/data/data_107/65007.mp4 (Caused by NameResolutionError("HTTPSConnection(host='huggingface.co', port=443): Failed to resolve 'huggingface.co' ([Errno 11001] getaddrinfo failed)"))
  accept         0/8 clips
    failed data/data_1/01460.mp4: HTTPSConnectionPool(host='huggingface.co', port=443): Max retries exceeded with url: /datasets/Voxel51/WLASL/resolve/main/data/data_1/01460.mp4 (Caused by NameResolutionError("HTTPSConnection(host='huggingface.co', port=443): Failed to resolve 'huggingface.co' ([Errno 11001] getaddrinfo failed)"))
    failed data/data_1/01461.mp4: HTTPSConnectionPool(host='huggingface.co', port=443): Max retries exceeded with url: /datasets/Voxel51/WLASL/resolve/main/data/data_1/01461.mp4 (Caused by NameResolutionError("HTTPSConnection(host='huggingface.co', port=443): Failed to resolve 'huggingface.co' ([Errno 11001] getaddrinfo failed)"))
    failed data/data_1/01462.mp4: HTTPSConnectionPool(host='huggingface.co', port=443): Max retries exceeded with url: /datasets/Voxel51/WLASL/resolve/main/data/data_1/01462.mp4 (Caused by NameResolutionError("HTTPSConnection(host='huggingface.co', port=443): Failed to resolve 'huggingface.co' ([Errno 11001] getaddrinfo failed)"))
    failed data/data_1/01463.mp4: HTTPSConnectionPool(host='huggingface.co', port=443): Max retries exceeded with url: /datasets/Voxel51/WLASL/resolve/main/data/data_1/01463.mp4 (Caused by NameResolutionError("HTTPSConnection(host='huggingface.co', port=443): Failed to resolve 'huggingface.co' ([Errno 11001] getaddrinfo failed)"))
    failed data/data_1/01464.mp4: HTTPSConnectionPool(host='huggingface.co', port=443): Max retries exceeded with url: /datasets/Voxel51/WLASL/resolve/main/data/data_1/01464.mp4 (Caused by NameResolutionError("HTTPSConnection(host='huggingface.co', port=443): Failed to resolve 'huggingface.co' ([Errno 11001] getaddrinfo failed)"))
    failed data/data_1/01466.mp4: HTTPSConnectionPool(host='huggingface.co', port=443): Max retries exceeded with url: /datasets/Voxel51/WLASL/resolve/main/data/data_1/01466.mp4 (Caused by NameResolutionError("HTTPSConnection(host='huggingface.co', port=443): Failed to resolve 'huggingface.co' ([Errno 11001] getaddrinfo failed)"))
    failed data/data_1/01471.mp4: HTTPSConnectionPool(host='huggingface.co', port=443): Max retries exceeded with url: /datasets/Voxel51/WLASL/resolve/main/data/data_1/01471.mp4 (Caused by NameResolutionError("HTTPSConnection(host='huggingface.co', port=443): Failed to resolve 'huggingface.co' ([Errno 11001] getaddrinfo failed)"))
    failed data/data_107/65032.mp4: HTTPSConnectionPool(host='huggingface.co', port=443): Max retries exceeded with url: /datasets/Voxel51/WLASL/resolve/main/data/data_107/65032.mp4 (Caused by NameResolutionError("HTTPSConnection(host='huggingface.co', port=443): Failed to resolve 'huggingface.co' ([Errno 11001] getaddrinfo failed)"))
  again          0/8 clips
    failed data/data_2/01955.mp4: HTTPSConnectionPool(host='huggingface.co', port=443): Max retries exceeded with url: /datasets/Voxel51/WLASL/resolve/main/data/data_2/01955.mp4 (Caused by NameResolutionError("HTTPSConnection(host='huggingface.co', port=443): Failed to resolve 'huggingface.co' ([Errno 11001] getaddrinfo failed)"))
    failed data/data_2/01956.mp4: HTTPSConnectionPool(host='huggingface.co', port=443): Max retries exceeded with url: /datasets/Voxel51/WLASL/resolve/main/data/data_2/01956.mp4 (Caused by NameResolutionError("HTTPSConnection(host='huggingface.co', port=443): Failed to resolve 'huggingface.co' ([Errno 11001] getaddrinfo failed)"))
    failed data/data_2/01957.mp4: HTTPSConnectionPool(host='huggingface.co', port=443): Max retries exceeded with url: /datasets/Voxel51/WLASL/resolve/main/data/data_2/01957.mp4 (Caused by NameResolutionError("HTTPSConnection(host='huggingface.co', port=443): Failed to resolve 'huggingface.co' ([Errno 11001] getaddrinfo failed)"))
    failed data/data_2/01960.mp4: HTTPSConnectionPool(host='huggingface.co', port=443): Max retries exceeded with url: /datasets/Voxel51/WLASL/resolve/main/data/data_2/01960.mp4 (Caused by NameResolutionError("HTTPSConnection(host='huggingface.co', port=443): Failed to resolve 'huggingface.co' ([Errno 11001] getaddrinfo failed)"))
    failed data/data_2/01962.mp4: HTTPSConnectionPool(host='huggingface.co', port=443): Max retries exceeded with url: /datasets/Voxel51/WLASL/resolve/main/data/data_2/01962.mp4 (Caused by NameResolutionError("HTTPSConnection(host='huggingface.co', port=443): Failed to resolve 'huggingface.co' ([Errno 11001] getaddrinfo failed)"))
    failed data/data_2/01965.mp4: HTTPSConnectionPool(host='huggingface.co', port=443): Max retries exceeded with url: /datasets/Voxel51/WLASL/resolve/main/data/data_2/01965.mp4 (Caused by NameResolutionError("HTTPSConnection(host='huggingface.co', port=443): Failed to resolve 'huggingface.co' ([Errno 11001] getaddrinfo failed)"))
    failed data/data_107/65050.mp4: HTTPSConnectionPool(host='huggingface.co', port=443): Max retries exceeded with url: /datasets/Voxel51/WLASL/resolve/main/data/data_107/65050.mp4 (Caused by NameResolutionError("HTTPSConnection(host='huggingface.co', port=443): Failed to resolve 'huggingface.co' ([Errno 11001] getaddrinfo failed)"))
    failed data/data_107/65051.mp4: HTTPSConnectionPool(host='huggingface.co', port=443): Max retries exceeded with url: /datasets/Voxel51/WLASL/resolve/main/data/data_107/65051.mp4 (Caused by NameResolutionError("HTTPSConnection(host='huggingface.co', port=443): Failed to resolve 'huggingface.co' ([Errno 11001] getaddrinfo failed)"))
  allergy        0/8 clips
    failed data/data_2/01986.mp4: HTTPSConnectionPool(host='huggingface.co', port=443): Max retries exceeded with url: /datasets/Voxel51/WLASL/resolve/main/data/data_2/01986.mp4 (Caused by NameResolutionError("HTTPSConnection(host='huggingface.co', port=443): Failed to resolve 'huggingface.co' ([Errno 11001] getaddrinfo failed)"))
    failed data/data_2/01987.mp4: HTTPSConnectionPool(host='huggingface.co', port=443): Max retries exceeded with url: /datasets/Voxel51/WLASL/resolve/main/data/data_2/01987.mp4 (Caused by NameResolutionError("HTTPSConnection(host='huggingface.co', port=443): Failed to resolve 'huggingface.co' ([Errno 11001] getaddrinfo failed)"))
    failed data/data_2/01988.mp4: HTTPSConnectionPool(host='huggingface.co', port=443): Max retries exceeded with url: /datasets/Voxel51/WLASL/resolve/main/data/data_2/01988.mp4 (Caused by NameResolutionError("HTTPSConnection(host='huggingface.co', port=443): Failed to resolve 'huggingface.co' ([Errno 11001] getaddrinfo failed)"))
    failed data/data_2/01991.mp4: HTTPSConnectionPool(host='huggingface.co', port=443): Max retries exceeded with url: /datasets/Voxel51/WLASL/resolve/main/data/data_2/01991.mp4 (Caused by NameResolutionError("HTTPSConnection(host='huggingface.co', port=443): Failed to resolve 'huggingface.co' ([Errno 11001] getaddrinfo failed)"))
    failed data/data_2/01992.mp4: HTTPSConnectionPool(host='huggingface.co', port=443): Max retries exceeded with url: /datasets/Voxel51/WLASL/resolve/main/data/data_2/01992.mp4 (Caused by NameResolutionError("HTTPSConnection(host='huggingface.co', port=443): Failed to resolve 'huggingface.co' ([Errno 11001] getaddrinfo failed)"))
    failed data/data_2/02003.mp4: HTTPSConnectionPool(host='huggingface.co', port=443): Max retries exceeded with url: /datasets/Voxel51/WLASL/resolve/main/data/data_2/02003.mp4 (Caused by NameResolutionError("HTTPSConnection(host='huggingface.co', port=443): Failed to resolve 'huggingface.co' ([Errno 11001] getaddrinfo failed)"))
    failed data/data_107/65043.mp4: HTTPSConnectionPool(host='huggingface.co', port=443): Max retries exceeded with url: /datasets/Voxel51/WLASL/resolve/main/data/data_107/65043.mp4 (Caused by NameResolutionError("HTTPSConnection(host='huggingface.co', port=443): Failed to resolve 'huggingface.co' ([Errno 11001] getaddrinfo failed)"))
    failed data/data_117/69206.mp4: HTTPSConnectionPool(host='huggingface.co', port=443): Max retries exceeded with url: /datasets/Voxel51/WLASL/resolve/main/data/data_117/69206.mp4 (Caused by NameResolutionError("HTTPSConnection(host='huggingface.co', port=443): Failed to resolve 'huggingface.co' ([Errno 11001] getaddrinfo failed)"))
  all            0/8 clips
    failed data/data_2/02045.mp4: HTTPSConnectionPool(host='huggingface.co', port=443): Max retries exceeded with url: /datasets/Voxel51/WLASL/resolve/main/data/data_2/02045.mp4 (Caused by NameResolutionError("HTTPSConnection(host='huggingface.co', port=443): Failed to resolve 'huggingface.co' ([Errno 11001] getaddrinfo failed)"))
    failed data/data_2/02046.mp4: HTTPSConnectionPool(host='huggingface.co', port=443): Max retries exceeded with url: /datasets/Voxel51/WLASL/resolve/main/data/data_2/02046.mp4 (Caused by NameResolutionError("HTTPSConnection(host='huggingface.co', port=443): Failed to resolve 'huggingface.co' ([Errno 11001] getaddrinfo failed)"))
    failed data/data_2/02048.mp4: HTTPSConnectionPool(host='huggingface.co', port=443): Max retries exceeded with url: /datasets/Voxel51/WLASL/resolve/main/data/data_2/02048.mp4 (Caused by NameResolutionError("HTTPSConnection(host='huggingface.co', port=443): Failed to resolve 'huggingface.co' ([Errno 11001] getaddrinfo failed)"))
    failed data/data_2/02049.mp4: HTTPSConnectionPool(host='huggingface.co', port=443): Max retries exceeded with url: /datasets/Voxel51/WLASL/resolve/main/data/data_2/02049.mp4 (Caused by NameResolutionError("HTTPSConnection(host='huggingface.co', port=443): Failed to resolve 'huggingface.co' ([Errno 11001] getaddrinfo failed)"))
    failed data/data_2/02052.mp4: HTTPSConnectionPool(host='huggingface.co', port=443): Max retries exceeded with url: /datasets/Voxel51/WLASL/resolve/main/data/data_2/02052.mp4 (Caused by NameResolutionError("HTTPSConnection(host='huggingface.co', port=443): Failed to resolve 'huggingface.co' ([Errno 11001] getaddrinfo failed)"))
    failed data/data_107/65052.mp4: HTTPSConnectionPool(host='huggingface.co', port=443): Max retries exceeded with url: /datasets/Voxel51/WLASL/resolve/main/data/data_107/65052.mp4 (Caused by NameResolutionError("HTTPSConnection(host='huggingface.co', port=443): Failed to resolve 'huggingface.co' ([Errno 11001] getaddrinfo failed)"))
    failed data/data_107/65053.mp4: HTTPSConnectionPool(host='huggingface.co', port=443): Max retries exceeded with url: /datasets/Voxel51/WLASL/resolve/main/data/data_107/65053.mp4 (Caused by NameResolutionError("HTTPSConnection(host='huggingface.co', port=443): Failed to resolve 'huggingface.co' ([Errno 11001] getaddrinfo failed)"))
    failed data/data_107/65054.mp4: HTTPSConnectionPool(host='huggingface.co', port=443): Max retries exceeded with url: /datasets/Voxel51/WLASL/resolve/main/data/data_107/65054.mp4 (Caused by NameResolutionError("HTTPSConnection(host='huggingface.co', port=443): Failed to resolve 'huggingface.co' ([Errno 11001] getaddrinfo failed)"))
  allow          0/8 clips
    failed data/data_2/02159.mp4: HTTPSConnectionPool(host='huggingface.co', port=443): Max retries exceeded with url: /datasets/Voxel51/WLASL/resolve/main/data/data_2/02159.mp4 (Caused by NameResolutionError("HTTPSConnection(host='huggingface.co', port=443): Failed to resolve 'huggingface.co' ([Errno 11001] getaddrinfo failed)"))
    failed data/data_2/02160.mp4: HTTPSConnectionPool(host='huggingface.co', port=443): Max retries exceeded with url: /datasets/Voxel51/WLASL/resolve/main/data/data_2/02160.mp4 (Caused by NameResolutionError("HTTPSConnection(host='huggingface.co', port=443): Failed to resolve 'huggingface.co' ([Errno 11001] getaddrinfo failed)"))
    failed data/data_2/02161.mp4: HTTPSConnectionPool(host='huggingface.co', port=443): Max retries exceeded with url: /datasets/Voxel51/WLASL/resolve/main/data/data_2/02161.mp4 (Caused by NameResolutionError("HTTPSConnection(host='huggingface.co', port=443): Failed to resolve 'huggingface.co' ([Errno 11001] getaddrinfo failed)"))
    failed data/data_2/02162.mp4: HTTPSConnectionPool(host='huggingface.co', port=443): Max retries exceeded with url: /datasets/Voxel51/WLASL/resolve/main/data/data_2/02162.mp4 (Caused by NameResolutionError("HTTPSConnection(host='huggingface.co', port=443): Failed to resolve 'huggingface.co' ([Errno 11001] getaddrinfo failed)"))
    failed data/data_2/02163.mp4: HTTPSConnectionPool(host='huggingface.co', port=443): Max retries exceeded with url: /datasets/Voxel51/WLASL/resolve/main/data/data_2/02163.mp4 (Caused by NameResolutionError("HTTPSConnection(host='huggingface.co', port=443): Failed to resolve 'huggingface.co' ([Errno 11001] getaddrinfo failed)"))
    failed data/data_2/02165.mp4: HTTPSConnectionPool(host='huggingface.co', port=443): Max retries exceeded with url: /datasets/Voxel51/WLASL/resolve/main/data/data_2/02165.mp4 (Caused by NameResolutionError("HTTPSConnection(host='huggingface.co', port=443): Failed to resolve 'huggingface.co' ([Errno 11001] getaddrinfo failed)"))
    failed data/data_2/02166.mp4: HTTPSConnectionPool(host='huggingface.co', port=443): Max retries exceeded with url: /datasets/Voxel51/WLASL/resolve/main/data/data_2/02166.mp4 (Caused by NameResolutionError("HTTPSConnection(host='huggingface.co', port=443): Failed to resolve 'huggingface.co' ([Errno 11001] getaddrinfo failed)"))
    failed data/data_2/02168.mp4: HTTPSConnectionPool(host='huggingface.co', port=443): Max retries exceeded with url: /datasets/Voxel51/WLASL/resolve/main/data/data_2/02168.mp4 (Caused by NameResolutionError("HTTPSConnection(host='huggingface.co', port=443): Failed to resolve 'huggingface.co' ([Errno 11001] getaddrinfo failed)"))
  already        0/8 clips
    failed data/data_3/02474.mp4: HTTPSConnectionPool(host='huggingface.co', port=443): Max retries exceeded with url: /datasets/Voxel51/WLASL/resolve/main/data/data_3/02474.mp4 (Caused by NameResolutionError("HTTPSConnection(host='huggingface.co', port=443): Failed to resolve 'huggingface.co' ([Errno 11001] getaddrinfo failed)"))
    failed data/data_3/02475.mp4: HTTPSConnectionPool(host='huggingface.co', port=443): Max retries exceeded with url: /datasets/Voxel51/WLASL/resolve/main/data/data_3/02475.mp4 (Caused by NameResolutionError("HTTPSConnection(host='huggingface.co', port=443): Failed to resolve 'huggingface.co' ([Errno 11001] getaddrinfo failed)"))
    failed data/data_3/02476.mp4: HTTPSConnectionPool(host='huggingface.co', port=443): Max retries exceeded with url: /datasets/Voxel51/WLASL/resolve/main/data/data_3/02476.mp4 (Caused by NameResolutionError("HTTPSConnection(host='huggingface.co', port=443): Failed to resolve 'huggingface.co' ([Errno 11001] getaddrinfo failed)"))
    failed data/data_3/02477.mp4: HTTPSConnectionPool(host='huggingface.co', port=443): Max retries exceeded with url: /datasets/Voxel51/WLASL/resolve/main/data/data_3/02477.mp4 (Caused by NameResolutionError("HTTPSConnection(host='huggingface.co', port=443): Failed to resolve 'huggingface.co' ([Errno 11001] getaddrinfo failed)"))
    failed data/data_3/02478.mp4: HTTPSConnectionPool(host='huggingface.co', port=443): Max retries exceeded with url: /datasets/Voxel51/WLASL/resolve/main/data/data_3/02478.mp4 (Caused by NameResolutionError("HTTPSConnection(host='huggingface.co', port=443): Failed to resolve 'huggingface.co' ([Errno 11001] getaddrinfo failed)"))
    failed data/data_3/02480.mp4: HTTPSConnectionPool(host='huggingface.co', port=443): Max retries exceeded with url: /datasets/Voxel51/WLASL/resolve/main/data/data_3/02480.mp4 (Caused by NameResolutionError("HTTPSConnection(host='huggingface.co', port=443): Failed to resolve 'huggingface.co' ([Errno 11001] getaddrinfo failed)"))
    failed data/data_3/02483.mp4: HTTPSConnectionPool(host='huggingface.co', port=443): Max retries exceeded with url: /datasets/Voxel51/WLASL/resolve/main/data/data_3/02483.mp4 (Caused by NameResolutionError("HTTPSConnection(host='huggingface.co', port=443): Failed to resolve 'huggingface.co' ([Errno 11001] getaddrinfo failed)"))
    failed data/data_107/65066.mp4: HTTPSConnectionPool(host='huggingface.co', port=443): Max retries exceeded with url: /datasets/Voxel51/WLASL/resolve/main/data/data_107/65066.mp4 (Caused by NameResolutionError("HTTPSConnection(host='huggingface.co', port=443): Failed to resolve 'huggingface.co' ([Errno 11001] getaddrinfo failed)"))
  analyze        0/8 clips
    failed data/data_4/03118.mp4: HTTPSConnectionPool(host='huggingface.co', port=443): Max retries exceeded with url: /datasets/Voxel51/WLASL/resolve/main/data/data_4/03118.mp4 (Caused by NameResolutionError("HTTPSConnection(host='huggingface.co', port=443): Failed to resolve 'huggingface.co' ([Errno 11001] getaddrinfo failed)"))
    failed data/data_4/03119.mp4: HTTPSConnectionPool(host='huggingface.co', port=443): Max retries exceeded with url: /datasets/Voxel51/WLASL/resolve/main/data/data_4/03119.mp4 (Caused by NameResolutionError("HTTPSConnection(host='huggingface.co', port=443): Failed to resolve 'huggingface.co' ([Errno 11001] getaddrinfo failed)"))
    failed data/data_4/03120.mp4: HTTPSConnectionPool(host='huggingface.co', port=443): Max retries exceeded with url: /datasets/Voxel51/WLASL/resolve/main/data/data_4/03120.mp4 (Caused by NameResolutionError("HTTPSConnection(host='huggingface.co', port=443): Failed to resolve 'huggingface.co' ([Errno 11001] getaddrinfo failed)"))
    failed data/data_4/03121.mp4: HTTPSConnectionPool(host='huggingface.co', port=443): Max retries exceeded with url: /datasets/Voxel51/WLASL/resolve/main/data/data_4/03121.mp4 (Caused by NameResolutionError("HTTPSConnection(host='huggingface.co', port=443): Failed to resolve 'huggingface.co' ([Errno 11001] getaddrinfo failed)"))
    failed data/data_4/03122.mp4: HTTPSConnectionPool(host='huggingface.co', port=443): Max retries exceeded with url: /datasets/Voxel51/WLASL/resolve/main/data/data_4/03122.mp4 (Caused by NameResolutionError("HTTPSConnection(host='huggingface.co', port=443): Failed to resolve 'huggingface.co' ([Errno 11001] getaddrinfo failed)"))
    failed data/data_4/03124.mp4: HTTPSConnectionPool(host='huggingface.co', port=443): Max retries exceeded with url: /datasets/Voxel51/WLASL/resolve/main/data/data_4/03124.mp4 (Caused by NameResolutionError("HTTPSConnection(host='huggingface.co', port=443): Failed to resolve 'huggingface.co' ([Errno 11001] getaddrinfo failed)"))
    failed data/data_4/03125.mp4: HTTPSConnectionPool(host='huggingface.co', port=443): Max retries exceeded with url: /datasets/Voxel51/WLASL/resolve/main/data/data_4/03125.mp4 (Caused by NameResolutionError("HTTPSConnection(host='huggingface.co', port=443): Failed to resolve 'huggingface.co' ([Errno 11001] getaddrinfo failed)"))
    failed data/data_4/03131.mp4: HTTPSConnectionPool(host='huggingface.co', port=443): Max retries exceeded with url: /datasets/Voxel51/WLASL/resolve/main/data/data_4/03131.mp4 (Caused by NameResolutionError("HTTPSConnection(host='huggingface.co', port=443): Failed to resolve 'huggingface.co' ([Errno 11001] getaddrinfo failed)"))
  approve        0/8 clips
    failed data/data_5/03435.mp4: HTTPSConnectionPool(host='huggingface.co', port=443): Max retries exceeded with url: /datasets/Voxel51/WLASL/resolve/main/data/data_5/03435.mp4 (Caused by NameResolutionError("HTTPSConnection(host='huggingface.co', port=443): Failed to resolve 'huggingface.co' ([Errno 11001] getaddrinfo failed)"))
    failed data/data_5/03436.mp4: HTTPSConnectionPool(host='huggingface.co', port=443): Max retries exceeded with url: /datasets/Voxel51/WLASL/resolve/main/data/data_5/03436.mp4 (Caused by NameResolutionError("HTTPSConnection(host='huggingface.co', port=443): Failed to resolve 'huggingface.co' ([Errno 11001] getaddrinfo failed)"))
    failed data/data_5/03437.mp4: HTTPSConnectionPool(host='huggingface.co', port=443): Max retries exceeded with url: /datasets/Voxel51/WLASL/resolve/main/data/data_5/03437.mp4 (Caused by NameResolutionError("HTTPSConnection(host='huggingface.co', port=443): Failed to resolve 'huggingface.co' ([Errno 11001] getaddrinfo failed)"))
    failed data/data_5/03438.mp4: HTTPSConnectionPool(host='huggingface.co', port=443): Max retries exceeded with url: /datasets/Voxel51/WLASL/resolve/main/data/data_5/03438.mp4 (Caused by NameResolutionError("HTTPSConnection(host='huggingface.co', port=443): Failed to resolve 'huggingface.co' ([Errno 11001] getaddrinfo failed)"))
    failed data/data_5/03439.mp4: HTTPSConnectionPool(host='huggingface.co', port=443): Max retries exceeded with url: /datasets/Voxel51/WLASL/resolve/main/data/data_5/03439.mp4 (Caused by NameResolutionError("HTTPSConnection(host='huggingface.co', port=443): Failed to resolve 'huggingface.co' ([Errno 11001] getaddrinfo failed)"))
    failed data/data_5/03441.mp4: HTTPSConnectionPool(host='huggingface.co', port=443): Max retries exceeded with url: /datasets/Voxel51/WLASL/resolve/main/data/data_5/03441.mp4 (Caused by NameResolutionError("HTTPSConnection(host='huggingface.co', port=443): Failed to resolve 'huggingface.co' ([Errno 11001] getaddrinfo failed)"))
    failed data/data_5/03445.mp4: HTTPSConnectionPool(host='huggingface.co', port=443): Max retries exceeded with url: /datasets/Voxel51/WLASL/resolve/main/data/data_5/03445.mp4 (Caused by NameResolutionError("HTTPSConnection(host='huggingface.co', port=443): Failed to resolve 'huggingface.co' ([Errno 11001] getaddrinfo failed)"))
    failed data/data_107/65096.mp4: HTTPSConnectionPool(host='huggingface.co', port=443): Max retries exceeded with url: /datasets/Voxel51/WLASL/resolve/main/data/data_107/65096.mp4 (Caused by NameResolutionError("HTTPSConnection(host='huggingface.co', port=443): Failed to resolve 'huggingface.co' ([Errno 11001] getaddrinfo failed)"))
  arrive         0/8 clips
    failed data/data_6/04424.mp4: HTTPSConnectionPool(host='huggingface.co', port=443): Max retries exceeded with url: /datasets/Voxel51/WLASL/resolve/main/data/data_6/04424.mp4 (Caused by NameResolutionError("HTTPSConnection(host='huggingface.co', port=443): Failed to resolve 'huggingface.co' ([Errno 11001] getaddrinfo failed)"))
    failed data/data_6/04425.mp4: HTTPSConnectionPool(host='huggingface.co', port=443): Max retries exceeded with url: /datasets/Voxel51/WLASL/resolve/main/data/data_6/04425.mp4 (Caused by NameResolutionError("HTTPSConnection(host='huggingface.co', port=443): Failed to resolve 'huggingface.co' ([Errno 11001] getaddrinfo failed)"))
    failed data/data_6/04426.mp4: HTTPSConnectionPool(host='huggingface.co', port=443): Max retries exceeded with url: /datasets/Voxel51/WLASL/resolve/main/data/data_6/04426.mp4 (Caused by NameResolutionError("HTTPSConnection(host='huggingface.co', port=443): Failed to resolve 'huggingface.co' ([Errno 11001] getaddrinfo failed)"))
    failed data/data_6/04427.mp4: HTTPSConnectionPool(host='huggingface.co', port=443): Max retries exceeded with url: /datasets/Voxel51/WLASL/resolve/main/data/data_6/04427.mp4 (Caused by NameResolutionError("HTTPSConnection(host='huggingface.co', port=443): Failed to resolve 'huggingface.co' ([Errno 11001] getaddrinfo failed)"))
    failed data/data_6/04429.mp4: HTTPSConnectionPool(host='huggingface.co', port=443): Max retries exceeded with url: /datasets/Voxel51/WLASL/resolve/main/data/data_6/04429.mp4 (Caused by NameResolutionError("HTTPSConnection(host='huggingface.co', port=443): Failed to resolve 'huggingface.co' ([Errno 11001] getaddrinfo failed)"))
    failed data/data_6/04430.mp4: HTTPSConnectionPool(host='huggingface.co', port=443): Max retries exceeded with url: /datasets/Voxel51/WLASL/resolve/main/data/data_6/04430.mp4 (Caused by NameResolutionError("HTTPSConnection(host='huggingface.co', port=443): Failed to resolve 'huggingface.co' ([Errno 11001] getaddrinfo failed)"))
    failed data/data_6/04434.mp4: HTTPSConnectionPool(host='huggingface.co', port=443): Max retries exceeded with url: /datasets/Voxel51/WLASL/resolve/main/data/data_6/04434.mp4 (Caused by NameResolutionError("HTTPSConnection(host='huggingface.co', port=443): Failed to resolve 'huggingface.co' ([Errno 11001] getaddrinfo failed)"))
    failed data/data_107/65118.mp4: HTTPSConnectionPool(host='huggingface.co', port=443): Max retries exceeded with url: /datasets/Voxel51/WLASL/resolve/main/data/data_107/65118.mp4 (Caused by NameResolutionError("HTTPSConnection(host='huggingface.co', port=443): Failed to resolve 'huggingface.co' ([Errno 11001] getaddrinfo failed)"))
  awful          0/8 clips
    failed data/data_7/04616.mp4: HTTPSConnectionPool(host='huggingface.co', port=443): Max retries exceeded with url: /datasets/Voxel51/WLASL/resolve/main/data/data_7/04616.mp4 (Caused by NameResolutionError("HTTPSConnection(host='huggingface.co', port=443): Failed to resolve 'huggingface.co' ([Errno 11001] getaddrinfo failed)"))
    failed data/data_7/04617.mp4: HTTPSConnectionPool(host='huggingface.co', port=443): Max retries exceeded with url: /datasets/Voxel51/WLASL/resolve/main/data/data_7/04617.mp4 (Caused by NameResolutionError("HTTPSConnection(host='huggingface.co', port=443): Failed to resolve 'huggingface.co' ([Errno 11001] getaddrinfo failed)"))
    failed data/data_7/04618.mp4: HTTPSConnectionPool(host='huggingface.co', port=443): Max retries exceeded with url: /datasets/Voxel51/WLASL/resolve/main/data/data_7/04618.mp4 (Caused by NameResolutionError("HTTPSConnection(host='huggingface.co', port=443): Failed to resolve 'huggingface.co' ([Errno 11001] getaddrinfo failed)"))
    failed data/data_7/04619.mp4: HTTPSConnectionPool(host='huggingface.co', port=443): Max retries exceeded with url: /datasets/Voxel51/WLASL/resolve/main/data/data_7/04619.mp4 (Caused by NameResolutionError("HTTPSConnection(host='huggingface.co', port=443): Failed to resolve 'huggingface.co' ([Errno 11001] getaddrinfo failed)"))
    failed data/data_7/04620.mp4: HTTPSConnectionPool(host='huggingface.co', port=443): Max retries exceeded with url: /datasets/Voxel51/WLASL/resolve/main/data/data_7/04620.mp4 (Caused by NameResolutionError("HTTPSConnection(host='huggingface.co', port=443): Failed to resolve 'huggingface.co' ([Errno 11001] getaddrinfo failed)"))
    failed data/data_7/04624.mp4: HTTPSConnectionPool(host='huggingface.co', port=443): Max retries exceeded with url: /datasets/Voxel51/WLASL/resolve/main/data/data_7/04624.mp4 (Caused by NameResolutionError("HTTPSConnection(host='huggingface.co', port=443): Failed to resolve 'huggingface.co' ([Errno 11001] getaddrinfo failed)"))
    failed data/data_7/04631.mp4: HTTPSConnectionPool(host='huggingface.co', port=443): Max retries exceeded with url: /datasets/Voxel51/WLASL/resolve/main/data/data_7/04631.mp4 (Caused by NameResolutionError("HTTPSConnection(host='huggingface.co', port=443): Failed to resolve 'huggingface.co' ([Errno 11001] getaddrinfo failed)"))
    failed data/data_107/65123.mp4: HTTPSConnectionPool(host='huggingface.co', port=443): Max retries exceeded with url: /datasets/Voxel51/WLASL/resolve/main/data/data_107/65123.mp4 (Caused by NameResolutionError("HTTPSConnection(host='huggingface.co', port=443): Failed to resolve 'huggingface.co' ([Errno 11001] getaddrinfo failed)"))
  backpack       0/8 clips
    failed data/data_7/05107.mp4: HTTPSConnectionPool(host='huggingface.co', port=443): Max retries exceeded with url: /datasets/Voxel51/WLASL/resolve/main/data/data_7/05107.mp4 (Caused by NameResolutionError("HTTPSConnection(host='huggingface.co', port=443): Failed to resolve 'huggingface.co' ([Errno 11001] getaddrinfo failed)"))
    failed data/data_7/05108.mp4: HTTPSConnectionPool(host='huggingface.co', port=443): Max retries exceeded with url: /datasets/Voxel51/WLASL/resolve/main/data/data_7/05108.mp4 (Caused by NameResolutionError("HTTPSConnection(host='huggingface.co', port=443): Failed to resolve 'huggingface.co' ([Errno 11001] getaddrinfo failed)"))
    failed data/data_8/05109.mp4: HTTPSConnectionPool(host='huggingface.co', port=443): Max retries exceeded with url: /datasets/Voxel51/WLASL/resolve/main/data/data_8/05109.mp4 (Caused by NameResolutionError("HTTPSConnection(host='huggingface.co', port=443): Failed to resolve 'huggingface.co' ([Errno 11001] getaddrinfo failed)"))
    failed data/data_8/05110.mp4: HTTPSConnectionPool(host='huggingface.co', port=443): Max retries exceeded with url: /datasets/Voxel51/WLASL/resolve/main/data/data_8/05110.mp4 (Caused by NameResolutionError("HTTPSConnection(host='huggingface.co', port=443): Failed to resolve 'huggingface.co' ([Errno 11001] getaddrinfo failed)"))
    failed data/data_8/05113.mp4: HTTPSConnectionPool(host='huggingface.co', port=443): Max retries exceeded with url: /datasets/Voxel51/WLASL/resolve/main/data/data_8/05113.mp4 (Caused by NameResolutionError("HTTPSConnection(host='huggingface.co', port=443): Failed to resolve 'huggingface.co' ([Errno 11001] getaddrinfo failed)"))
    failed data/data_8/05114.mp4: HTTPSConnectionPool(host='huggingface.co', port=443): Max retries exceeded with url: /datasets/Voxel51/WLASL/resolve/main/data/data_8/05114.mp4 (Caused by NameResolutionError("HTTPSConnection(host='huggingface.co', port=443): Failed to resolve 'huggingface.co' ([Errno 11001] getaddrinfo failed)"))
    failed data/data_8/05118.mp4: HTTPSConnectionPool(host='huggingface.co', port=443): Max retries exceeded with url: /datasets/Voxel51/WLASL/resolve/main/data/data_8/05118.mp4 (Caused by NameResolutionError("HTTPSConnection(host='huggingface.co', port=443): Failed to resolve 'huggingface.co' ([Errno 11001] getaddrinfo failed)"))
    failed data/data_108/65139.mp4: HTTPSConnectionPool(host='huggingface.co', port=443): Max retries exceeded with url: /datasets/Voxel51/WLASL/resolve/main/data/data_108/65139.mp4 (Caused by NameResolutionError("HTTPSConnection(host='huggingface.co', port=443): Failed to resolve 'huggingface.co' ([Errno 11001] getaddrinfo failed)"))
  bark           0/8 clips
    failed data/data_8/05705.mp4: HTTPSConnectionPool(host='huggingface.co', port=443): Max retries exceeded with url: /datasets/Voxel51/WLASL/resolve/main/data/data_8/05705.mp4 (Caused by NameResolutionError("HTTPSConnection(host='huggingface.co', port=443): Failed to resolve 'huggingface.co' ([Errno 11001] getaddrinfo failed)"))
    failed data/data_8/05706.mp4: HTTPSConnectionPool(host='huggingface.co', port=443): Max retries exceeded with url: /datasets/Voxel51/WLASL/resolve/main/data/data_8/05706.mp4 (Caused by NameResolutionError("HTTPSConnection(host='huggingface.co', port=443): Failed to resolve 'huggingface.co' ([Errno 11001] getaddrinfo failed)"))
    failed data/data_8/05707.mp4: HTTPSConnectionPool(host='huggingface.co', port=443): Max retries exceeded with url: /datasets/Voxel51/WLASL/resolve/main/data/data_8/05707.mp4 (Caused by NameResolutionError("HTTPSConnection(host='huggingface.co', port=443): Failed to resolve 'huggingface.co' ([Errno 11001] getaddrinfo failed)"))
    failed data/data_8/05708.mp4: HTTPSConnectionPool(host='huggingface.co', port=443): Max retries exceeded with url: /datasets/Voxel51/WLASL/resolve/main/data/data_8/05708.mp4 (Caused by NameResolutionError("HTTPSConnection(host='huggingface.co', port=443): Failed to resolve 'huggingface.co' ([Errno 11001] getaddrinfo failed)"))
    failed data/data_9/05709.mp4: HTTPSConnectionPool(host='huggingface.co', port=443): Max retries exceeded with url: /datasets/Voxel51/WLASL/resolve/main/data/data_9/05709.mp4 (Caused by NameResolutionError("HTTPSConnection(host='huggingface.co', port=443): Failed to resolve 'huggingface.co' ([Errno 11001] getaddrinfo failed)"))
    failed data/data_9/05712.mp4: HTTPSConnectionPool(host='huggingface.co', port=443): Max retries exceeded with url: /datasets/Voxel51/WLASL/resolve/main/data/data_9/05712.mp4 (Caused by NameResolutionError("HTTPSConnection(host='huggingface.co', port=443): Failed to resolve 'huggingface.co' ([Errno 11001] getaddrinfo failed)"))
    failed data/data_9/05715.mp4: HTTPSConnectionPool(host='huggingface.co', port=443): Max retries exceeded with url: /datasets/Voxel51/WLASL/resolve/main/data/data_9/05715.mp4 (Caused by NameResolutionError("HTTPSConnection(host='huggingface.co', port=443): Failed to resolve 'huggingface.co' ([Errno 11001] getaddrinfo failed)"))
    failed data/data_108/65166.mp4: HTTPSConnectionPool(host='huggingface.co', port=443): Max retries exceeded with url: /datasets/Voxel51/WLASL/resolve/main/data/data_108/65166.mp4 (Caused by NameResolutionError("HTTPSConnection(host='huggingface.co', port=443): Failed to resolve 'huggingface.co' ([Errno 11001] getaddrinfo failed)"))
  beer           0/8 clips
    failed data/data_10/06428.mp4: HTTPSConnectionPool(host='huggingface.co', port=443): Max retries exceeded with url: /datasets/Voxel51/WLASL/resolve/main/data/data_10/06428.mp4 (Caused by NameResolutionError("HTTPSConnection(host='huggingface.co', port=443): Failed to resolve 'huggingface.co' ([Errno 11001] getaddrinfo failed)"))
    failed data/data_10/06429.mp4: HTTPSConnectionPool(host='huggingface.co', port=443): Max retries exceeded with url: /datasets/Voxel51/WLASL/resolve/main/data/data_10/06429.mp4 (Caused by NameResolutionError("HTTPSConnection(host='huggingface.co', port=443): Failed to resolve 'huggingface.co' ([Errno 11001] getaddrinfo failed)"))
    failed data/data_10/06430.mp4: HTTPSConnectionPool(host='huggingface.co', port=443): Max retries exceeded with url: /datasets/Voxel51/WLASL/resolve/main/data/data_10/06430.mp4 (Caused by NameResolutionError("HTTPSConnection(host='huggingface.co', port=443): Failed to resolve 'huggingface.co' ([Errno 11001] getaddrinfo failed)"))
    failed data/data_10/06431.mp4: HTTPSConnectionPool(host='huggingface.co', port=443): Max retries exceeded with url: /datasets/Voxel51/WLASL/resolve/main/data/data_10/06431.mp4 (Caused by NameResolutionError("HTTPSConnection(host='huggingface.co', port=443): Failed to resolve 'huggingface.co' ([Errno 11001] getaddrinfo failed)"))
    failed data/data_10/06432.mp4: HTTPSConnectionPool(host='huggingface.co', port=443): Max retries exceeded with url: /datasets/Voxel51/WLASL/resolve/main/data/data_10/06432.mp4 (Caused by NameResolutionError("HTTPSConnection(host='huggingface.co', port=443): Failed to resolve 'huggingface.co' ([Errno 11001] getaddrinfo failed)"))
    failed data/data_10/06435.mp4: HTTPSConnectionPool(host='huggingface.co', port=443): Max retries exceeded with url: /datasets/Voxel51/WLASL/resolve/main/data/data_10/06435.mp4 (Caused by NameResolutionError("HTTPSConnection(host='huggingface.co', port=443): Failed to resolve 'huggingface.co' ([Errno 11001] getaddrinfo failed)"))
    failed data/data_10/06436.mp4: HTTPSConnectionPool(host='huggingface.co', port=443): Max retries exceeded with url: /datasets/Voxel51/WLASL/resolve/main/data/data_10/06436.mp4 (Caused by NameResolutionError("HTTPSConnection(host='huggingface.co', port=443): Failed to resolve 'huggingface.co' ([Errno 11001] getaddrinfo failed)"))
    failed data/data_10/06439.mp4: HTTPSConnectionPool(host='huggingface.co', port=443): Max retries exceeded with url: /datasets/Voxel51/WLASL/resolve/main/data/data_10/06439.mp4 (Caused by NameResolutionError("HTTPSConnection(host='huggingface.co', port=443): Failed to resolve 'huggingface.co' ([Errno 11001] getaddrinfo failed)"))
  bitter         0/8 clips
    failed data/data_10/06649.mp4: HTTPSConnectionPool(host='huggingface.co', port=443): Max retries exceeded with url: /datasets/Voxel51/WLASL/resolve/main/data/data_10/06649.mp4 (Caused by NameResolutionError("HTTPSConnection(host='huggingface.co', port=443): Failed to resolve 'huggingface.co' ([Errno 11001] getaddrinfo failed)"))
    failed data/data_10/06650.mp4: HTTPSConnectionPool(host='huggingface.co', port=443): Max retries exceeded with url: /datasets/Voxel51/WLASL/resolve/main/data/data_10/06650.mp4 (Caused by NameResolutionError("HTTPSConnection(host='huggingface.co', port=443): Failed to resolve 'huggingface.co' ([Errno 11001] getaddrinfo failed)"))
    failed data/data_10/06651.mp4: HTTPSConnectionPool(host='huggingface.co', port=443): Max retries exceeded with url: /datasets/Voxel51/WLASL/resolve/main/data/data_10/06651.mp4 (Caused by NameResolutionError("HTTPSConnection(host='huggingface.co', port=443): Failed to resolve 'huggingface.co' ([Errno 11001] getaddrinfo failed)"))
    failed data/data_10/06652.mp4: HTTPSConnectionPool(host='huggingface.co', port=443): Max retries exceeded with url: /datasets/Voxel51/WLASL/resolve/main/data/data_10/06652.mp4 (Caused by NameResolutionError("HTTPSConnection(host='huggingface.co', port=443): Failed to resolve 'huggingface.co' ([Errno 11001] getaddrinfo failed)"))
    failed data/data_10/06654.mp4: HTTPSConnectionPool(host='huggingface.co', port=443): Max retries exceeded with url: /datasets/Voxel51/WLASL/resolve/main/data/data_10/06654.mp4 (Caused by NameResolutionError("HTTPSConnection(host='huggingface.co', port=443): Failed to resolve 'huggingface.co' ([Errno 11001] getaddrinfo failed)"))
    failed data/data_10/06655.mp4: HTTPSConnectionPool(host='huggingface.co', port=443): Max retries exceeded with url: /datasets/Voxel51/WLASL/resolve/main/data/data_10/06655.mp4 (Caused by NameResolutionError("HTTPSConnection(host='huggingface.co', port=443): Failed to resolve 'huggingface.co' ([Errno 11001] getaddrinfo failed)"))
    failed data/data_10/06658.mp4: HTTPSConnectionPool(host='huggingface.co', port=443): Max retries exceeded with url: /datasets/Voxel51/WLASL/resolve/main/data/data_10/06658.mp4 (Caused by NameResolutionError("HTTPSConnection(host='huggingface.co', port=443): Failed to resolve 'huggingface.co' ([Errno 11001] getaddrinfo failed)"))
    failed data/data_108/65209.mp4: HTTPSConnectionPool(host='huggingface.co', port=443): Max retries exceeded with url: /datasets/Voxel51/WLASL/resolve/main/data/data_108/65209.mp4 (Caused by NameResolutionError("HTTPSConnection(host='huggingface.co', port=443): Failed to resolve 'huggingface.co' ([Errno 11001] getaddrinfo failed)"))
  blind          0/8 clips
    failed data/data_11/06832.mp4: HTTPSConnectionPool(host='huggingface.co', port=443): Max retries exceeded with url: /datasets/Voxel51/WLASL/resolve/main/data/data_11/06832.mp4 (Caused by NameResolutionError("HTTPSConnection(host='huggingface.co', port=443): Failed to resolve 'huggingface.co' ([Errno 11001] getaddrinfo failed)"))
    failed data/data_11/06833.mp4: HTTPSConnectionPool(host='huggingface.co', port=443): Max retries exceeded with url: /datasets/Voxel51/WLASL/resolve/main/data/data_11/06833.mp4 (Caused by NameResolutionError("HTTPSConnection(host='huggingface.co', port=443): Failed to resolve 'huggingface.co' ([Errno 11001] getaddrinfo failed)"))
    failed data/data_11/06834.mp4: HTTPSConnectionPool(host='huggingface.co', port=443): Max retries exceeded with url: /datasets/Voxel51/WLASL/resolve/main/data/data_11/06834.mp4 (Caused by NameResolutionError("HTTPSConnection(host='huggingface.co', port=443): Failed to resolve 'huggingface.co' ([Errno 11001] getaddrinfo failed)"))
    failed data/data_11/06835.mp4: HTTPSConnectionPool(host='huggingface.co', port=443): Max retries exceeded with url: /datasets/Voxel51/WLASL/resolve/main/data/data_11/06835.mp4 (Caused by NameResolutionError("HTTPSConnection(host='huggingface.co', port=443): Failed to resolve 'huggingface.co' ([Errno 11001] getaddrinfo failed)"))
    failed data/data_11/06839.mp4: HTTPSConnectionPool(host='huggingface.co', port=443): Max retries exceeded with url: /datasets/Voxel51/WLASL/resolve/main/data/data_11/06839.mp4 (Caused by NameResolutionError("HTTPSConnection(host='huggingface.co', port=443): Failed to resolve 'huggingface.co' ([Errno 11001] getaddrinfo failed)"))
    failed data/data_11/06845.mp4: HTTPSConnectionPool(host='huggingface.co', port=443): Max retries exceeded with url: /datasets/Voxel51/WLASL/resolve/main/data/data_11/06845.mp4 (Caused by NameResolutionError("HTTPSConnection(host='huggingface.co', port=443): Failed to resolve 'huggingface.co' ([Errno 11001] getaddrinfo failed)"))
    failed data/data_108/65216.mp4: HTTPSConnectionPool(host='huggingface.co', port=443): Max retries exceeded with url: /datasets/Voxel51/WLASL/resolve/main/data/data_108/65216.mp4 (Caused by NameResolutionError("HTTPSConnection(host='huggingface.co', port=443): Failed to resolve 'huggingface.co' ([Errno 11001] getaddrinfo failed)"))
    failed data/data_117/69238.mp4: HTTPSConnectionPool(host='huggingface.co', port=443): Max retries exceeded with url: /datasets/Voxel51/WLASL/resolve/main/data/data_117/69238.mp4 (Caused by NameResolutionError("HTTPSConnection(host='huggingface.co', port=443): Failed to resolve 'huggingface.co' ([Errno 11001] getaddrinfo failed)"))
  blue           0/8 clips
    failed data/data_11/06930.mp4: HTTPSConnectionPool(host='huggingface.co', port=443): Max retries exceeded with url: /datasets/Voxel51/WLASL/resolve/main/data/data_11/06930.mp4 (Caused by NameResolutionError("HTTPSConnection(host='huggingface.co', port=443): Failed to resolve 'huggingface.co' ([Errno 11001] getaddrinfo failed)"))
    failed data/data_11/06931.mp4: HTTPSConnectionPool(host='huggingface.co', port=443): Max retries exceeded with url: /datasets/Voxel51/WLASL/resolve/main/data/data_11/06931.mp4 (Caused by NameResolutionError("HTTPSConnection(host='huggingface.co', port=443): Failed to resolve 'huggingface.co' ([Errno 11001] getaddrinfo failed)"))
    failed data/data_11/06932.mp4: HTTPSConnectionPool(host='huggingface.co', port=443): Max retries exceeded with url: /datasets/Voxel51/WLASL/resolve/main/data/data_11/06932.mp4 (Caused by NameResolutionError("HTTPSConnection(host='huggingface.co', port=443): Failed to resolve 'huggingface.co' ([Errno 11001] getaddrinfo failed)"))
    failed data/data_11/06933.mp4: HTTPSConnectionPool(host='huggingface.co', port=443): Max retries exceeded with url: /datasets/Voxel51/WLASL/resolve/main/data/data_11/06933.mp4 (Caused by NameResolutionError("HTTPSConnection(host='huggingface.co', port=443): Failed to resolve 'huggingface.co' ([Errno 11001] getaddrinfo failed)"))
    failed data/data_11/06935.mp4: HTTPSConnectionPool(host='huggingface.co', port=443): Max retries exceeded with url: /datasets/Voxel51/WLASL/resolve/main/data/data_11/06935.mp4 (Caused by NameResolutionError("HTTPSConnection(host='huggingface.co', port=443): Failed to resolve 'huggingface.co' ([Errno 11001] getaddrinfo failed)"))
    failed data/data_11/06937.mp4: HTTPSConnectionPool(host='huggingface.co', port=443): Max retries exceeded with url: /datasets/Voxel51/WLASL/resolve/main/data/data_11/06937.mp4 (Caused by NameResolutionError("HTTPSConnection(host='huggingface.co', port=443): Failed to resolve 'huggingface.co' ([Errno 11001] getaddrinfo failed)"))
    failed data/data_108/65221.mp4: HTTPSConnectionPool(host='huggingface.co', port=443): Max retries exceeded with url: /datasets/Voxel51/WLASL/resolve/main/data/data_108/65221.mp4 (Caused by NameResolutionError("HTTPSConnection(host='huggingface.co', port=443): Failed to resolve 'huggingface.co' ([Errno 11001] getaddrinfo failed)"))
    failed data/data_117/69239.mp4: HTTPSConnectionPool(host='huggingface.co', port=443): Max retries exceeded with url: /datasets/Voxel51/WLASL/resolve/main/data/data_117/69239.mp4 (Caused by NameResolutionError("HTTPSConnection(host='huggingface.co', port=443): Failed to resolve 'huggingface.co' ([Errno 11001] getaddrinfo failed)"))
  boat           0/8 clips
    failed data/data_11/07260.mp4: HTTPSConnectionPool(host='huggingface.co', port=443): Max retries exceeded with url: /datasets/Voxel51/WLASL/resolve/main/data/data_11/07260.mp4 (Caused by NameResolutionError("HTTPSConnection(host='huggingface.co', port=443): Failed to resolve 'huggingface.co' ([Errno 11001] getaddrinfo failed)"))
    failed data/data_11/07261.mp4: HTTPSConnectionPool(host='huggingface.co', port=443): Max retries exceeded with url: /datasets/Voxel51/WLASL/resolve/main/data/data_11/07261.mp4 (Caused by NameResolutionError("HTTPSConnection(host='huggingface.co', port=443): Failed to resolve 'huggingface.co' ([Errno 11001] getaddrinfo failed)"))
    failed data/data_11/07262.mp4: HTTPSConnectionPool(host='huggingface.co', port=443): Max retries exceeded with url: /datasets/Voxel51/WLASL/resolve/main/data/data_11/07262.mp4 (Caused by NameResolutionError("HTTPSConnection(host='huggingface.co', port=443): Failed to resolve 'huggingface.co' ([Errno 11001] getaddrinfo failed)"))
    failed data/data_11/07264.mp4: HTTPSConnectionPool(host='huggingface.co', port=443): Max retries exceeded with url: /datasets/Voxel51/WLASL/resolve/main/data/data_11/07264.mp4 (Caused by NameResolutionError("HTTPSConnection(host='huggingface.co', port=443): Failed to resolve 'huggingface.co' ([Errno 11001] getaddrinfo failed)"))
    failed data/data_11/07265.mp4: HTTPSConnectionPool(host='huggingface.co', port=443): Max retries exceeded with url: /datasets/Voxel51/WLASL/resolve/main/data/data_11/07265.mp4 (Caused by NameResolutionError("HTTPSConnection(host='huggingface.co', port=443): Failed to resolve 'huggingface.co' ([Errno 11001] getaddrinfo failed)"))
    failed data/data_11/07266.mp4: HTTPSConnectionPool(host='huggingface.co', port=443): Max retries exceeded with url: /datasets/Voxel51/WLASL/resolve/main/data/data_11/07266.mp4 (Caused by NameResolutionError("HTTPSConnection(host='huggingface.co', port=443): Failed to resolve 'huggingface.co' ([Errno 11001] getaddrinfo failed)"))
    failed data/data_11/07269.mp4: HTTPSConnectionPool(host='huggingface.co', port=443): Max retries exceeded with url: /datasets/Voxel51/WLASL/resolve/main/data/data_11/07269.mp4 (Caused by NameResolutionError("HTTPSConnection(host='huggingface.co', port=443): Failed to resolve 'huggingface.co' ([Errno 11001] getaddrinfo failed)"))
    failed data/data_108/65234.mp4: HTTPSConnectionPool(host='huggingface.co', port=443): Max retries exceeded with url: /datasets/Voxel51/WLASL/resolve/main/data/data_108/65234.mp4 (Caused by NameResolutionError("HTTPSConnection(host='huggingface.co', port=443): Failed to resolve 'huggingface.co' ([Errno 11001] getaddrinfo failed)"))
  bother         0/8 clips
    failed data/data_11/07297.mp4: HTTPSConnectionPool(host='huggingface.co', port=443): Max retries exceeded with url: /datasets/Voxel51/WLASL/resolve/main/data/data_11/07297.mp4 (Caused by NameResolutionError("HTTPSConnection(host='huggingface.co', port=443): Failed to resolve 'huggingface.co' ([Errno 11001] getaddrinfo failed)"))
    failed data/data_11/07298.mp4: HTTPSConnectionPool(host='huggingface.co', port=443): Max retries exceeded with url: /datasets/Voxel51/WLASL/resolve/main/data/data_11/07298.mp4 (Caused by NameResolutionError("HTTPSConnection(host='huggingface.co', port=443): Failed to resolve 'huggingface.co' ([Errno 11001] getaddrinfo failed)"))
    failed data/data_11/07299.mp4: HTTPSConnectionPool(host='huggingface.co', port=443): Max retries exceeded with url: /datasets/Voxel51/WLASL/resolve/main/data/data_11/07299.mp4 (Caused by NameResolutionError("HTTPSConnection(host='huggingface.co', port=443): Failed to resolve 'huggingface.co' ([Errno 11001] getaddrinfo failed)"))
    failed data/data_11/07300.mp4: HTTPSConnectionPool(host='huggingface.co', port=443): Max retries exceeded with url: /datasets/Voxel51/WLASL/resolve/main/data/data_11/07300.mp4 (Caused by NameResolutionError("HTTPSConnection(host='huggingface.co', port=443): Failed to resolve 'huggingface.co' ([Errno 11001] getaddrinfo failed)"))
    failed data/data_11/07301.mp4: HTTPSConnectionPool(host='huggingface.co', port=443): Max retries exceeded with url: /datasets/Voxel51/WLASL/resolve/main/data/data_11/07301.mp4 (Caused by NameResolutionError("HTTPSConnection(host='huggingface.co', port=443): Failed to resolve 'huggingface.co' ([Errno 11001] getaddrinfo failed)"))
    failed data/data_11/07303.mp4: HTTPSConnectionPool(host='huggingface.co', port=443): Max retries exceeded with url: /datasets/Voxel51/WLASL/resolve/main/data/data_11/07303.mp4 (Caused by NameResolutionError("HTTPSConnection(host='huggingface.co', port=443): Failed to resolve 'huggingface.co' ([Errno 11001] getaddrinfo failed)"))
    failed data/data_11/07304.mp4: HTTPSConnectionPool(host='huggingface.co', port=443): Max retries exceeded with url: /datasets/Voxel51/WLASL/resolve/main/data/data_11/07304.mp4 (Caused by NameResolutionError("HTTPSConnection(host='huggingface.co', port=443): Failed to resolve 'huggingface.co' ([Errno 11001] getaddrinfo failed)"))
    failed data/data_11/07309.mp4: HTTPSConnectionPool(host='huggingface.co', port=443): Max retries exceeded with url: /datasets/Voxel51/WLASL/resolve/main/data/data_11/07309.mp4 (Caused by NameResolutionError("HTTPSConnection(host='huggingface.co', port=443): Failed to resolve 'huggingface.co' ([Errno 11001] getaddrinfo failed)"))
  bottom         0/8 clips
    failed data/data_12/07452.mp4: HTTPSConnectionPool(host='huggingface.co', port=443): Max retries exceeded with url: /datasets/Voxel51/WLASL/resolve/main/data/data_12/07452.mp4 (Caused by NameResolutionError("HTTPSConnection(host='huggingface.co', port=443): Failed to resolve 'huggingface.co' ([Errno 11001] getaddrinfo failed)"))
    failed data/data_12/07453.mp4: HTTPSConnectionPool(host='huggingface.co', port=443): Max retries exceeded with url: /datasets/Voxel51/WLASL/resolve/main/data/data_12/07453.mp4 (Caused by NameResolutionError("HTTPSConnection(host='huggingface.co', port=443): Failed to resolve 'huggingface.co' ([Errno 11001] getaddrinfo failed)"))
    failed data/data_12/07454.mp4: HTTPSConnectionPool(host='huggingface.co', port=443): Max retries exceeded with url: /datasets/Voxel51/WLASL/resolve/main/data/data_12/07454.mp4 (Caused by NameResolutionError("HTTPSConnection(host='huggingface.co', port=443): Failed to resolve 'huggingface.co' ([Errno 11001] getaddrinfo failed)"))
    failed data/data_12/07455.mp4: HTTPSConnectionPool(host='huggingface.co', port=443): Max retries exceeded with url: /datasets/Voxel51/WLASL/resolve/main/data/data_12/07455.mp4 (Caused by NameResolutionError("HTTPSConnection(host='huggingface.co', port=443): Failed to resolve 'huggingface.co' ([Errno 11001] getaddrinfo failed)"))
    failed data/data_12/07458.mp4: HTTPSConnectionPool(host='huggingface.co', port=443): Max retries exceeded with url: /datasets/Voxel51/WLASL/resolve/main/data/data_12/07458.mp4 (Caused by NameResolutionError("HTTPSConnection(host='huggingface.co', port=443): Failed to resolve 'huggingface.co' ([Errno 11001] getaddrinfo failed)"))
    failed data/data_12/07462.mp4: HTTPSConnectionPool(host='huggingface.co', port=443): Max retries exceeded with url: /datasets/Voxel51/WLASL/resolve/main/data/data_12/07462.mp4 (Caused by NameResolutionError("HTTPSConnection(host='huggingface.co', port=443): Failed to resolve 'huggingface.co' ([Errno 11001] getaddrinfo failed)"))
    failed data/data_108/65245.mp4: HTTPSConnectionPool(host='huggingface.co', port=443): Max retries exceeded with url: /datasets/Voxel51/WLASL/resolve/main/data/data_108/65245.mp4 (Caused by NameResolutionError("HTTPSConnection(host='huggingface.co', port=443): Failed to resolve 'huggingface.co' ([Errno 11001] getaddrinfo failed)"))
    failed data/data_117/69245.mp4: HTTPSConnectionPool(host='huggingface.co', port=443): Max retries exceeded with url: /datasets/Voxel51/WLASL/resolve/main/data/data_117/69245.mp4 (Caused by NameResolutionError("HTTPSConnection(host='huggingface.co', port=443): Failed to resolve 'huggingface.co' ([Errno 11001] getaddrinfo failed)"))
  boy            0/8 clips
    failed data/data_12/07806.mp4: HTTPSConnectionPool(host='huggingface.co', port=443): Max retries exceeded with url: /datasets/Voxel51/WLASL/resolve/main/data/data_12/07806.mp4 (Caused by NameResolutionError("HTTPSConnection(host='huggingface.co', port=443): Failed to resolve 'huggingface.co' ([Errno 11001] getaddrinfo failed)"))
    failed data/data_12/07807.mp4: HTTPSConnectionPool(host='huggingface.co', port=443): Max retries exceeded with url: /datasets/Voxel51/WLASL/resolve/main/data/data_12/07807.mp4 (Caused by NameResolutionError("HTTPSConnection(host='huggingface.co', port=443): Failed to resolve 'huggingface.co' ([Errno 11001] getaddrinfo failed)"))
    failed data/data_12/07808.mp4: HTTPSConnectionPool(host='huggingface.co', port=443): Max retries exceeded with url: /datasets/Voxel51/WLASL/resolve/main/data/data_12/07808.mp4 (Caused by NameResolutionError("HTTPSConnection(host='huggingface.co', port=443): Failed to resolve 'huggingface.co' ([Errno 11001] getaddrinfo failed)"))
    failed data/data_13/07810.mp4: HTTPSConnectionPool(host='huggingface.co', port=443): Max retries exceeded with url: /datasets/Voxel51/WLASL/resolve/main/data/data_13/07810.mp4 (Caused by NameResolutionError("HTTPSConnection(host='huggingface.co', port=443): Failed to resolve 'huggingface.co' ([Errno 11001] getaddrinfo failed)"))
    failed data/data_13/07811.mp4: HTTPSConnectionPool(host='huggingface.co', port=443): Max retries exceeded with url: /datasets/Voxel51/WLASL/resolve/main/data/data_13/07811.mp4 (Caused by NameResolutionError("HTTPSConnection(host='huggingface.co', port=443): Failed to resolve 'huggingface.co' ([Errno 11001] getaddrinfo failed)"))
    failed data/data_13/07815.mp4: HTTPSConnectionPool(host='huggingface.co', port=443): Max retries exceeded with url: /datasets/Voxel51/WLASL/resolve/main/data/data_13/07815.mp4 (Caused by NameResolutionError("HTTPSConnection(host='huggingface.co', port=443): Failed to resolve 'huggingface.co' ([Errno 11001] getaddrinfo failed)"))
    failed data/data_108/65260.mp4: HTTPSConnectionPool(host='huggingface.co', port=443): Max retries exceeded with url: /datasets/Voxel51/WLASL/resolve/main/data/data_108/65260.mp4 (Caused by NameResolutionError("HTTPSConnection(host='huggingface.co', port=443): Failed to resolve 'huggingface.co' ([Errno 11001] getaddrinfo failed)"))
    failed data/data_117/69250.mp4: HTTPSConnectionPool(host='huggingface.co', port=443): Max retries exceeded with url: /datasets/Voxel51/WLASL/resolve/main/data/data_117/69250.mp4 (Caused by NameResolutionError("HTTPSConnection(host='huggingface.co', port=443): Failed to resolve 'huggingface.co' ([Errno 11001] getaddrinfo failed)"))
  bring          0/8 clips
    failed data/data_13/07960.mp4: HTTPSConnectionPool(host='huggingface.co', port=443): Max retries exceeded with url: /datasets/Voxel51/WLASL/resolve/main/data/data_13/07960.mp4 (Caused by NameResolutionError("HTTPSConnection(host='huggingface.co', port=443): Failed to resolve 'huggingface.co' ([Errno 11001] getaddrinfo failed)"))
    failed data/data_13/07961.mp4: HTTPSConnectionPool(host='huggingface.co', port=443): Max retries exceeded with url: /datasets/Voxel51/WLASL/resolve/main/data/data_13/07961.mp4 (Caused by NameResolutionError("HTTPSConnection(host='huggingface.co', port=443): Failed to resolve 'huggingface.co' ([Errno 11001] getaddrinfo failed)"))
    failed data/data_13/07962.mp4: HTTPSConnectionPool(host='huggingface.co', port=443): Max retries exceeded with url: /datasets/Voxel51/WLASL/resolve/main/data/data_13/07962.mp4 (Caused by NameResolutionError("HTTPSConnection(host='huggingface.co', port=443): Failed to resolve 'huggingface.co' ([Errno 11001] getaddrinfo failed)"))
    failed data/data_13/07963.mp4: HTTPSConnectionPool(host='huggingface.co', port=443): Max retries exceeded with url: /datasets/Voxel51/WLASL/resolve/main/data/data_13/07963.mp4 (Caused by NameResolutionError("HTTPSConnection(host='huggingface.co', port=443): Failed to resolve 'huggingface.co' ([Errno 11001] getaddrinfo failed)"))
    failed data/data_13/07966.mp4: HTTPSConnectionPool(host='huggingface.co', port=443): Max retries exceeded with url: /datasets/Voxel51/WLASL/resolve/main/data/data_13/07966.mp4 (Caused by NameResolutionError("HTTPSConnection(host='huggingface.co', port=443): Failed to resolve 'huggingface.co' ([Errno 11001] getaddrinfo failed)"))
    failed data/data_13/07973.mp4: HTTPSConnectionPool(host='huggingface.co', port=443): Max retries exceeded with url: /datasets/Voxel51/WLASL/resolve/main/data/data_13/07973.mp4 (Caused by NameResolutionError("HTTPSConnection(host='huggingface.co', port=443): Failed to resolve 'huggingface.co' ([Errno 11001] getaddrinfo failed)"))
    failed data/data_108/65263.mp4: HTTPSConnectionPool(host='huggingface.co', port=443): Max retries exceeded with url: /datasets/Voxel51/WLASL/resolve/main/data/data_108/65263.mp4 (Caused by NameResolutionError("HTTPSConnection(host='huggingface.co', port=443): Failed to resolve 'huggingface.co' ([Errno 11001] getaddrinfo failed)"))
    failed data/data_117/69252.mp4: HTTPSConnectionPool(host='huggingface.co', port=443): Max retries exceeded with url: /datasets/Voxel51/WLASL/resolve/main/data/data_117/69252.mp4 (Caused by NameResolutionError("HTTPSConnection(host='huggingface.co', port=443): Failed to resolve 'huggingface.co' ([Errno 11001] getaddrinfo failed)"))
  brown          0/8 clips
    failed data/data_14/08587.mp4: HTTPSConnectionPool(host='huggingface.co', port=443): Max retries exceeded with url: /datasets/Voxel51/WLASL/resolve/main/data/data_14/08587.mp4 (Caused by NameResolutionError("HTTPSConnection(host='huggingface.co', port=443): Failed to resolve 'huggingface.co' ([Errno 11001] getaddrinfo failed)"))
    failed data/data_14/08588.mp4: HTTPSConnectionPool(host='huggingface.co', port=443): Max retries exceeded with url: /datasets/Voxel51/WLASL/resolve/main/data/data_14/08588.mp4 (Caused by NameResolutionError("HTTPSConnection(host='huggingface.co', port=443): Failed to resolve 'huggingface.co' ([Errno 11001] getaddrinfo failed)"))
    failed data/data_14/08589.mp4: HTTPSConnectionPool(host='huggingface.co', port=443): Max retries exceeded with url: /datasets/Voxel51/WLASL/resolve/main/data/data_14/08589.mp4 (Caused by NameResolutionError("HTTPSConnection(host='huggingface.co', port=443): Failed to resolve 'huggingface.co' ([Errno 11001] getaddrinfo failed)"))
    failed data/data_14/08590.mp4: HTTPSConnectionPool(host='huggingface.co', port=443): Max retries exceeded with url: /datasets/Voxel51/WLASL/resolve/main/data/data_14/08590.mp4 (Caused by NameResolutionError("HTTPSConnection(host='huggingface.co', port=443): Failed to resolve 'huggingface.co' ([Errno 11001] getaddrinfo failed)"))
    failed data/data_14/08592.mp4: HTTPSConnectionPool(host='huggingface.co', port=443): Max retries exceeded with url: /datasets/Voxel51/WLASL/resolve/main/data/data_14/08592.mp4 (Caused by NameResolutionError("HTTPSConnection(host='huggingface.co', port=443): Failed to resolve 'huggingface.co' ([Errno 11001] getaddrinfo failed)"))
    failed data/data_14/08593.mp4: HTTPSConnectionPool(host='huggingface.co', port=443): Max retries exceeded with url: /datasets/Voxel51/WLASL/resolve/main/data/data_14/08593.mp4 (Caused by NameResolutionError("HTTPSConnection(host='huggingface.co', port=443): Failed to resolve 'huggingface.co' ([Errno 11001] getaddrinfo failed)"))
    failed data/data_14/08595.mp4: HTTPSConnectionPool(host='huggingface.co', port=443): Max retries exceeded with url: /datasets/Voxel51/WLASL/resolve/main/data/data_14/08595.mp4 (Caused by NameResolutionError("HTTPSConnection(host='huggingface.co', port=443): Failed to resolve 'huggingface.co' ([Errno 11001] getaddrinfo failed)"))
    failed data/data_108/65284.mp4: HTTPSConnectionPool(host='huggingface.co', port=443): Max retries exceeded with url: /datasets/Voxel51/WLASL/resolve/main/data/data_108/65284.mp4 (Caused by NameResolutionError("HTTPSConnection(host='huggingface.co', port=443): Failed to resolve 'huggingface.co' ([Errno 11001] getaddrinfo failed)"))
  cafeteria      0/8 clips
    failed data/data_14/08612.mp4: HTTPSConnectionPool(host='huggingface.co', port=443): Max retries exceeded with url: /datasets/Voxel51/WLASL/resolve/main/data/data_14/08612.mp4 (Caused by NameResolutionError("HTTPSConnection(host='huggingface.co', port=443): Failed to resolve 'huggingface.co' ([Errno 11001] getaddrinfo failed)"))
    failed data/data_14/08613.mp4: HTTPSConnectionPool(host='huggingface.co', port=443): Max retries exceeded with url: /datasets/Voxel51/WLASL/resolve/main/data/data_14/08613.mp4 (Caused by NameResolutionError("HTTPSConnection(host='huggingface.co', port=443): Failed to resolve 'huggingface.co' ([Errno 11001] getaddrinfo failed)"))
    failed data/data_14/08614.mp4: HTTPSConnectionPool(host='huggingface.co', port=443): Max retries exceeded with url: /datasets/Voxel51/WLASL/resolve/main/data/data_14/08614.mp4 (Caused by NameResolutionError("HTTPSConnection(host='huggingface.co', port=443): Failed to resolve 'huggingface.co' ([Errno 11001] getaddrinfo failed)"))
    failed data/data_14/08618.mp4: HTTPSConnectionPool(host='huggingface.co', port=443): Max retries exceeded with url: /datasets/Voxel51/WLASL/resolve/main/data/data_14/08618.mp4 (Caused by NameResolutionError("HTTPSConnection(host='huggingface.co', port=443): Failed to resolve 'huggingface.co' ([Errno 11001] getaddrinfo failed)"))
    failed data/data_14/08621.mp4: HTTPSConnectionPool(host='huggingface.co', port=443): Max retries exceeded with url: /datasets/Voxel51/WLASL/resolve/main/data/data_14/08621.mp4 (Caused by NameResolutionError("HTTPSConnection(host='huggingface.co', port=443): Failed to resolve 'huggingface.co' ([Errno 11001] getaddrinfo failed)"))
    failed data/data_108/65285.mp4: HTTPSConnectionPool(host='huggingface.co', port=443): Max retries exceeded with url: /datasets/Voxel51/WLASL/resolve/main/data/data_108/65285.mp4 (Caused by NameResolutionError("HTTPSConnection(host='huggingface.co', port=443): Failed to resolve 'huggingface.co' ([Errno 11001] getaddrinfo failed)"))
    failed data/data_108/65286.mp4: HTTPSConnectionPool(host='huggingface.co', port=443): Max retries exceeded with url: /datasets/Voxel51/WLASL/resolve/main/data/data_108/65286.mp4 (Caused by NameResolutionError("HTTPSConnection(host='huggingface.co', port=443): Failed to resolve 'huggingface.co' ([Errno 11001] getaddrinfo failed)"))
    failed data/data_117/69256.mp4: HTTPSConnectionPool(host='huggingface.co', port=443): Max retries exceeded with url: /datasets/Voxel51/WLASL/resolve/main/data/data_117/69256.mp4 (Caused by NameResolutionError("HTTPSConnection(host='huggingface.co', port=443): Failed to resolve 'huggingface.co' ([Errno 11001] getaddrinfo failed)"))
  cake           0/8 clips
    failed data/data_15/08859.mp4: HTTPSConnectionPool(host='huggingface.co', port=443): Max retries exceeded with url: /datasets/Voxel51/WLASL/resolve/main/data/data_15/08859.mp4 (Caused by NameResolutionError("HTTPSConnection(host='huggingface.co', port=443): Failed to resolve 'huggingface.co' ([Errno 11001] getaddrinfo failed)"))
    failed data/data_15/08860.mp4: HTTPSConnectionPool(host='huggingface.co', port=443): Max retries exceeded with url: /datasets/Voxel51/WLASL/resolve/main/data/data_15/08860.mp4 (Caused by NameResolutionError("HTTPSConnection(host='huggingface.co', port=443): Failed to resolve 'huggingface.co' ([Errno 11001] getaddrinfo failed)"))
    failed data/data_15/08861.mp4: HTTPSConnectionPool(host='huggingface.co', port=443): Max retries exceeded with url: /datasets/Voxel51/WLASL/resolve/main/data/data_15/08861.mp4 (Caused by NameResolutionError("HTTPSConnection(host='huggingface.co', port=443): Failed to resolve 'huggingface.co' ([Errno 11001] getaddrinfo failed)"))
    failed data/data_15/08862.mp4: HTTPSConnectionPool(host='huggingface.co', port=443): Max retries exceeded with url: /datasets/Voxel51/WLASL/resolve/main/data/data_15/08862.mp4 (Caused by NameResolutionError("HTTPSConnection(host='huggingface.co', port=443): Failed to resolve 'huggingface.co' ([Errno 11001] getaddrinfo failed)"))
    failed data/data_15/08863.mp4: HTTPSConnectionPool(host='huggingface.co', port=443): Max retries exceeded with url: /datasets/Voxel51/WLASL/resolve/main/data/data_15/08863.mp4 (Caused by NameResolutionError("HTTPSConnection(host='huggingface.co', port=443): Failed to resolve 'huggingface.co' ([Errno 11001] getaddrinfo failed)"))
    failed data/data_15/08865.mp4: HTTPSConnectionPool(host='huggingface.co', port=443): Max retries exceeded with url: /datasets/Voxel51/WLASL/resolve/main/data/data_15/08865.mp4 (Caused by NameResolutionError("HTTPSConnection(host='huggingface.co', port=443): Failed to resolve 'huggingface.co' ([Errno 11001] getaddrinfo failed)"))
    failed data/data_15/08866.mp4: HTTPSConnectionPool(host='huggingface.co', port=443): Max retries exceeded with url: /datasets/Voxel51/WLASL/resolve/main/data/data_15/08866.mp4 (Caused by NameResolutionError("HTTPSConnection(host='huggingface.co', port=443): Failed to resolve 'huggingface.co' ([Errno 11001] getaddrinfo failed)"))
    failed data/data_15/08868.mp4: HTTPSConnectionPool(host='huggingface.co', port=443): Max retries exceeded with url: /datasets/Voxel51/WLASL/resolve/main/data/data_15/08868.mp4 (Caused by NameResolutionError("HTTPSConnection(host='huggingface.co', port=443): Failed to resolve 'huggingface.co' ([Errno 11001] getaddrinfo failed)"))
  cancel         0/8 clips
    failed data/data_15/09126.mp4: HTTPSConnectionPool(host='huggingface.co', port=443): Max retries exceeded with url: /datasets/Voxel51/WLASL/resolve/main/data/data_15/09126.mp4 (Caused by NameResolutionError("HTTPSConnection(host='huggingface.co', port=443): Failed to resolve 'huggingface.co' ([Errno 11001] getaddrinfo failed)"))
    failed data/data_15/09127.mp4: HTTPSConnectionPool(host='huggingface.co', port=443): Max retries exceeded with url: /datasets/Voxel51/WLASL/resolve/main/data/data_15/09127.mp4 (Caused by NameResolutionError("HTTPSConnection(host='huggingface.co', port=443): Failed to resolve 'huggingface.co' ([Errno 11001] getaddrinfo failed)"))
    failed data/data_15/09128.mp4: HTTPSConnectionPool(host='huggingface.co', port=443): Max retries exceeded with url: /datasets/Voxel51/WLASL/resolve/main/data/data_15/09128.mp4 (Caused by NameResolutionError("HTTPSConnection(host='huggingface.co', port=443): Failed to resolve 'huggingface.co' ([Errno 11001] getaddrinfo failed)"))
    failed data/data_15/09130.mp4: HTTPSConnectionPool(host='huggingface.co', port=443): Max retries exceeded with url: /datasets/Voxel51/WLASL/resolve/main/data/data_15/09130.mp4 (Caused by NameResolutionError("HTTPSConnection(host='huggingface.co', port=443): Failed to resolve 'huggingface.co' ([Errno 11001] getaddrinfo failed)"))
    failed data/data_15/09131.mp4: HTTPSConnectionPool(host='huggingface.co', port=443): Max retries exceeded with url: /datasets/Voxel51/WLASL/resolve/main/data/data_15/09131.mp4 (Caused by NameResolutionError("HTTPSConnection(host='huggingface.co', port=443): Failed to resolve 'huggingface.co' ([Errno 11001] getaddrinfo failed)"))
    failed data/data_15/09137.mp4: HTTPSConnectionPool(host='huggingface.co', port=443): Max retries exceeded with url: /datasets/Voxel51/WLASL/resolve/main/data/data_15/09137.mp4 (Caused by NameResolutionError("HTTPSConnection(host='huggingface.co', port=443): Failed to resolve 'huggingface.co' ([Errno 11001] getaddrinfo failed)"))
    failed data/data_15/09138.mp4: HTTPSConnectionPool(host='huggingface.co', port=443): Max retries exceeded with url: /datasets/Voxel51/WLASL/resolve/main/data/data_15/09138.mp4 (Caused by NameResolutionError("HTTPSConnection(host='huggingface.co', port=443): Failed to resolve 'huggingface.co' ([Errno 11001] getaddrinfo failed)"))
    failed data/data_109/65304.mp4: HTTPSConnectionPool(host='huggingface.co', port=443): Max retries exceeded with url: /datasets/Voxel51/WLASL/resolve/main/data/data_109/65304.mp4 (Caused by NameResolutionError("HTTPSConnection(host='huggingface.co', port=443): Failed to resolve 'huggingface.co' ([Errno 11001] getaddrinfo failed)"))
  card           0/8 clips
    failed data/data_16/09774.mp4: HTTPSConnectionPool(host='huggingface.co', port=443): Max retries exceeded with url: /datasets/Voxel51/WLASL/resolve/main/data/data_16/09774.mp4 (Caused by NameResolutionError("HTTPSConnection(host='huggingface.co', port=443): Failed to resolve 'huggingface.co' ([Errno 11001] getaddrinfo failed)"))
    failed data/data_16/09775.mp4: HTTPSConnectionPool(host='huggingface.co', port=443): Max retries exceeded with url: /datasets/Voxel51/WLASL/resolve/main/data/data_16/09775.mp4 (Caused by NameResolutionError("HTTPSConnection(host='huggingface.co', port=443): Failed to resolve 'huggingface.co' ([Errno 11001] getaddrinfo failed)"))
    failed data/data_16/09776.mp4: HTTPSConnectionPool(host='huggingface.co', port=443): Max retries exceeded with url: /datasets/Voxel51/WLASL/resolve/main/data/data_16/09776.mp4 (Caused by NameResolutionError("HTTPSConnection(host='huggingface.co', port=443): Failed to resolve 'huggingface.co' ([Errno 11001] getaddrinfo failed)"))
    failed data/data_16/09777.mp4: HTTPSConnectionPool(host='huggingface.co', port=443): Max retries exceeded with url: /datasets/Voxel51/WLASL/resolve/main/data/data_16/09777.mp4 (Caused by NameResolutionError("HTTPSConnection(host='huggingface.co', port=443): Failed to resolve 'huggingface.co' ([Errno 11001] getaddrinfo failed)"))
    failed data/data_16/09781.mp4: HTTPSConnectionPool(host='huggingface.co', port=443): Max retries exceeded with url: /datasets/Voxel51/WLASL/resolve/main/data/data_16/09781.mp4 (Caused by NameResolutionError("HTTPSConnection(host='huggingface.co', port=443): Failed to resolve 'huggingface.co' ([Errno 11001] getaddrinfo failed)"))
    failed data/data_16/09786.mp4: HTTPSConnectionPool(host='huggingface.co', port=443): Max retries exceeded with url: /datasets/Voxel51/WLASL/resolve/main/data/data_16/09786.mp4 (Caused by NameResolutionError("HTTPSConnection(host='huggingface.co', port=443): Failed to resolve 'huggingface.co' ([Errno 11001] getaddrinfo failed)"))
    failed data/data_109/65325.mp4: HTTPSConnectionPool(host='huggingface.co', port=443): Max retries exceeded with url: /datasets/Voxel51/WLASL/resolve/main/data/data_109/65325.mp4 (Caused by NameResolutionError("HTTPSConnection(host='huggingface.co', port=443): Failed to resolve 'huggingface.co' ([Errno 11001] getaddrinfo failed)"))
    failed data/data_118/69264.mp4: HTTPSConnectionPool(host='huggingface.co', port=443): Max retries exceeded with url: /datasets/Voxel51/WLASL/resolve/main/data/data_118/69264.mp4 (Caused by NameResolutionError("HTTPSConnection(host='huggingface.co', port=443): Failed to resolve 'huggingface.co' ([Errno 11001] getaddrinfo failed)"))
  cereal         0/8 clips
    failed data/data_18/10589.mp4: HTTPSConnectionPool(host='huggingface.co', port=443): Max retries exceeded with url: /datasets/Voxel51/WLASL/resolve/main/data/data_18/10589.mp4 (Caused by NameResolutionError("HTTPSConnection(host='huggingface.co', port=443): Failed to resolve 'huggingface.co' ([Errno 11001] getaddrinfo failed)"))
    failed data/data_18/10590.mp4: HTTPSConnectionPool(host='huggingface.co', port=443): Max retries exceeded with url: /datasets/Voxel51/WLASL/resolve/main/data/data_18/10590.mp4 (Caused by NameResolutionError("HTTPSConnection(host='huggingface.co', port=443): Failed to resolve 'huggingface.co' ([Errno 11001] getaddrinfo failed)"))
    failed data/data_18/10591.mp4: HTTPSConnectionPool(host='huggingface.co', port=443): Max retries exceeded with url: /datasets/Voxel51/WLASL/resolve/main/data/data_18/10591.mp4 (Caused by NameResolutionError("HTTPSConnection(host='huggingface.co', port=443): Failed to resolve 'huggingface.co' ([Errno 11001] getaddrinfo failed)"))
    failed data/data_18/10592.mp4: HTTPSConnectionPool(host='huggingface.co', port=443): Max retries exceeded with url: /datasets/Voxel51/WLASL/resolve/main/data/data_18/10592.mp4 (Caused by NameResolutionError("HTTPSConnection(host='huggingface.co', port=443): Failed to resolve 'huggingface.co' ([Errno 11001] getaddrinfo failed)"))
    failed data/data_18/10594.mp4: HTTPSConnectionPool(host='huggingface.co', port=443): Max retries exceeded with url: /datasets/Voxel51/WLASL/resolve/main/data/data_18/10594.mp4 (Caused by NameResolutionError("HTTPSConnection(host='huggingface.co', port=443): Failed to resolve 'huggingface.co' ([Errno 11001] getaddrinfo failed)"))
    failed data/data_18/10595.mp4: HTTPSConnectionPool(host='huggingface.co', port=443): Max retries exceeded with url: /datasets/Voxel51/WLASL/resolve/main/data/data_18/10595.mp4 (Caused by NameResolutionError("HTTPSConnection(host='huggingface.co', port=443): Failed to resolve 'huggingface.co' ([Errno 11001] getaddrinfo failed)"))
    failed data/data_18/10596.mp4: HTTPSConnectionPool(host='huggingface.co', port=443): Max retries exceeded with url: /datasets/Voxel51/WLASL/resolve/main/data/data_18/10596.mp4 (Caused by NameResolutionError("HTTPSConnection(host='huggingface.co', port=443): Failed to resolve 'huggingface.co' ([Errno 11001] getaddrinfo failed)"))
    failed data/data_18/10598.mp4: HTTPSConnectionPool(host='huggingface.co', port=443): Max retries exceeded with url: /datasets/Voxel51/WLASL/resolve/main/data/data_18/10598.mp4 (Caused by NameResolutionError("HTTPSConnection(host='huggingface.co', port=443): Failed to resolve 'huggingface.co' ([Errno 11001] getaddrinfo failed)"))
  choice         0/8 clips
    failed data/data_18/10625.mp4: HTTPSConnectionPool(host='huggingface.co', port=443): Max retries exceeded with url: /datasets/Voxel51/WLASL/resolve/main/data/data_18/10625.mp4 (Caused by NameResolutionError("HTTPSConnection(host='huggingface.co', port=443): Failed to resolve 'huggingface.co' ([Errno 11001] getaddrinfo failed)"))
    failed data/data_18/10631.mp4: HTTPSConnectionPool(host='huggingface.co', port=443): Max retries exceeded with url: /datasets/Voxel51/WLASL/resolve/main/data/data_18/10631.mp4 (Caused by NameResolutionError("HTTPSConnection(host='huggingface.co', port=443): Failed to resolve 'huggingface.co' ([Errno 11001] getaddrinfo failed)"))
    failed data/data_18/10632.mp4: HTTPSConnectionPool(host='huggingface.co', port=443): Max retries exceeded with url: /datasets/Voxel51/WLASL/resolve/main/data/data_18/10632.mp4 (Caused by NameResolutionError("HTTPSConnection(host='huggingface.co', port=443): Failed to resolve 'huggingface.co' ([Errno 11001] getaddrinfo failed)"))
    failed data/data_18/10634.mp4: HTTPSConnectionPool(host='huggingface.co', port=443): Max retries exceeded with url: /datasets/Voxel51/WLASL/resolve/main/data/data_18/10634.mp4 (Caused by NameResolutionError("HTTPSConnection(host='huggingface.co', port=443): Failed to resolve 'huggingface.co' ([Errno 11001] getaddrinfo failed)"))
    failed data/data_18/10635.mp4: HTTPSConnectionPool(host='huggingface.co', port=443): Max retries exceeded with url: /datasets/Voxel51/WLASL/resolve/main/data/data_18/10635.mp4 (Caused by NameResolutionError("HTTPSConnection(host='huggingface.co', port=443): Failed to resolve 'huggingface.co' ([Errno 11001] getaddrinfo failed)"))
    failed data/data_18/10636.mp4: HTTPSConnectionPool(host='huggingface.co', port=443): Max retries exceeded with url: /datasets/Voxel51/WLASL/resolve/main/data/data_18/10636.mp4 (Caused by NameResolutionError("HTTPSConnection(host='huggingface.co', port=443): Failed to resolve 'huggingface.co' ([Errno 11001] getaddrinfo failed)"))
    failed data/data_18/10637.mp4: HTTPSConnectionPool(host='huggingface.co', port=443): Max retries exceeded with url: /datasets/Voxel51/WLASL/resolve/main/data/data_18/10637.mp4 (Caused by NameResolutionError("HTTPSConnection(host='huggingface.co', port=443): Failed to resolve 'huggingface.co' ([Errno 11001] getaddrinfo failed)"))
    failed data/data_18/10641.mp4: HTTPSConnectionPool(host='huggingface.co', port=443): Max retries exceeded with url: /datasets/Voxel51/WLASL/resolve/main/data/data_18/10641.mp4 (Caused by NameResolutionError("HTTPSConnection(host='huggingface.co', port=443): Failed to resolve 'huggingface.co' ([Errno 11001] getaddrinfo failed)"))
  choose         0/8 clips
    failed data/data_18/10703.mp4: HTTPSConnectionPool(host='huggingface.co', port=443): Max retries exceeded with url: /datasets/Voxel51/WLASL/resolve/main/data/data_18/10703.mp4 (Caused by NameResolutionError("HTTPSConnection(host='huggingface.co', port=443): Failed to resolve 'huggingface.co' ([Errno 11001] getaddrinfo failed)"))
    failed data/data_18/10704.mp4: HTTPSConnectionPool(host='huggingface.co', port=443): Max retries exceeded with url: /datasets/Voxel51/WLASL/resolve/main/data/data_18/10704.mp4 (Caused by NameResolutionError("HTTPSConnection(host='huggingface.co', port=443): Failed to resolve 'huggingface.co' ([Errno 11001] getaddrinfo failed)"))
    failed data/data_18/10705.mp4: HTTPSConnectionPool(host='huggingface.co', port=443): Max retries exceeded with url: /datasets/Voxel51/WLASL/resolve/main/data/data_18/10705.mp4 (Caused by NameResolutionError("HTTPSConnection(host='huggingface.co', port=443): Failed to resolve 'huggingface.co' ([Errno 11001] getaddrinfo failed)"))
    failed data/data_18/10708.mp4: HTTPSConnectionPool(host='huggingface.co', port=443): Max retries exceeded with url: /datasets/Voxel51/WLASL/resolve/main/data/data_18/10708.mp4 (Caused by NameResolutionError("HTTPSConnection(host='huggingface.co', port=443): Failed to resolve 'huggingface.co' ([Errno 11001] getaddrinfo failed)"))
    failed data/data_18/10709.mp4: HTTPSConnectionPool(host='huggingface.co', port=443): Max retries exceeded with url: /datasets/Voxel51/WLASL/resolve/main/data/data_18/10709.mp4 (Caused by NameResolutionError("HTTPSConnection(host='huggingface.co', port=443): Failed to resolve 'huggingface.co' ([Errno 11001] getaddrinfo failed)"))
    failed data/data_18/10711.mp4: HTTPSConnectionPool(host='huggingface.co', port=443): Max retries exceeded with url: /datasets/Voxel51/WLASL/resolve/main/data/data_18/10711.mp4 (Caused by NameResolutionError("HTTPSConnection(host='huggingface.co', port=443): Failed to resolve 'huggingface.co' ([Errno 11001] getaddrinfo failed)"))
    failed data/data_18/10715.mp4: HTTPSConnectionPool(host='huggingface.co', port=443): Max retries exceeded with url: /datasets/Voxel51/WLASL/resolve/main/data/data_18/10715.mp4 (Caused by NameResolutionError("HTTPSConnection(host='huggingface.co', port=443): Failed to resolve 'huggingface.co' ([Errno 11001] getaddrinfo failed)"))
    failed data/data_109/65357.mp4: HTTPSConnectionPool(host='huggingface.co', port=443): Max retries exceeded with url: /datasets/Voxel51/WLASL/resolve/main/data/data_109/65357.mp4 (Caused by NameResolutionError("HTTPSConnection(host='huggingface.co', port=443): Failed to resolve 'huggingface.co' ([Errno 11001] getaddrinfo failed)"))
  christmas      0/8 clips
    failed data/data_19/11252.mp4: HTTPSConnectionPool(host='huggingface.co', port=443): Max retries exceeded with url: /datasets/Voxel51/WLASL/resolve/main/data/data_19/11252.mp4 (Caused by NameResolutionError("HTTPSConnection(host='huggingface.co', port=443): Failed to resolve 'huggingface.co' ([Errno 11001] getaddrinfo failed)"))
    failed data/data_19/11253.mp4: HTTPSConnectionPool(host='huggingface.co', port=443): Max retries exceeded with url: /datasets/Voxel51/WLASL/resolve/main/data/data_19/11253.mp4 (Caused by NameResolutionError("HTTPSConnection(host='huggingface.co', port=443): Failed to resolve 'huggingface.co' ([Errno 11001] getaddrinfo failed)"))
    failed data/data_19/11254.mp4: HTTPSConnectionPool(host='huggingface.co', port=443): Max retries exceeded with url: /datasets/Voxel51/WLASL/resolve/main/data/data_19/11254.mp4 (Caused by NameResolutionError("HTTPSConnection(host='huggingface.co', port=443): Failed to resolve 'huggingface.co' ([Errno 11001] getaddrinfo failed)"))
    failed data/data_19/11260.mp4: HTTPSConnectionPool(host='huggingface.co', port=443): Max retries exceeded with url: /datasets/Voxel51/WLASL/resolve/main/data/data_19/11260.mp4 (Caused by NameResolutionError("HTTPSConnection(host='huggingface.co', port=443): Failed to resolve 'huggingface.co' ([Errno 11001] getaddrinfo failed)"))
    failed data/data_19/11261.mp4: HTTPSConnectionPool(host='huggingface.co', port=443): Max retries exceeded with url: /datasets/Voxel51/WLASL/resolve/main/data/data_19/11261.mp4 (Caused by NameResolutionError("HTTPSConnection(host='huggingface.co', port=443): Failed to resolve 'huggingface.co' ([Errno 11001] getaddrinfo failed)"))
    failed data/data_19/11262.mp4: HTTPSConnectionPool(host='huggingface.co', port=443): Max retries exceeded with url: /datasets/Voxel51/WLASL/resolve/main/data/data_19/11262.mp4 (Caused by NameResolutionError("HTTPSConnection(host='huggingface.co', port=443): Failed to resolve 'huggingface.co' ([Errno 11001] getaddrinfo failed)"))
    failed data/data_19/11267.mp4: HTTPSConnectionPool(host='huggingface.co', port=443): Max retries exceeded with url: /datasets/Voxel51/WLASL/resolve/main/data/data_19/11267.mp4 (Caused by NameResolutionError("HTTPSConnection(host='huggingface.co', port=443): Failed to resolve 'huggingface.co' ([Errno 11001] getaddrinfo failed)"))
    failed data/data_19/11268.mp4: HTTPSConnectionPool(host='huggingface.co', port=443): Max retries exceeded with url: /datasets/Voxel51/WLASL/resolve/main/data/data_19/11268.mp4 (Caused by NameResolutionError("HTTPSConnection(host='huggingface.co', port=443): Failed to resolve 'huggingface.co' ([Errno 11001] getaddrinfo failed)"))
  close          0/8 clips
    failed data/data_19/11357.mp4: HTTPSConnectionPool(host='huggingface.co', port=443): Max retries exceeded with url: /datasets/Voxel51/WLASL/resolve/main/data/data_19/11357.mp4 (Caused by NameResolutionError("HTTPSConnection(host='huggingface.co', port=443): Failed to resolve 'huggingface.co' ([Errno 11001] getaddrinfo failed)"))
    failed data/data_19/11358.mp4: HTTPSConnectionPool(host='huggingface.co', port=443): Max retries exceeded with url: /datasets/Voxel51/WLASL/resolve/main/data/data_19/11358.mp4 (Caused by NameResolutionError("HTTPSConnection(host='huggingface.co', port=443): Failed to resolve 'huggingface.co' ([Errno 11001] getaddrinfo failed)"))
    failed data/data_19/11359.mp4: HTTPSConnectionPool(host='huggingface.co', port=443): Max retries exceeded with url: /datasets/Voxel51/WLASL/resolve/main/data/data_19/11359.mp4 (Caused by NameResolutionError("HTTPSConnection(host='huggingface.co', port=443): Failed to resolve 'huggingface.co' ([Errno 11001] getaddrinfo failed)"))
    failed data/data_19/11360.mp4: HTTPSConnectionPool(host='huggingface.co', port=443): Max retries exceeded with url: /datasets/Voxel51/WLASL/resolve/main/data/data_19/11360.mp4 (Caused by NameResolutionError("HTTPSConnection(host='huggingface.co', port=443): Failed to resolve 'huggingface.co' ([Errno 11001] getaddrinfo failed)"))
    failed data/data_19/11361.mp4: HTTPSConnectionPool(host='huggingface.co', port=443): Max retries exceeded with url: /datasets/Voxel51/WLASL/resolve/main/data/data_19/11361.mp4 (Caused by NameResolutionError("HTTPSConnection(host='huggingface.co', port=443): Failed to resolve 'huggingface.co' ([Errno 11001] getaddrinfo failed)"))
    failed data/data_19/11362.mp4: HTTPSConnectionPool(host='huggingface.co', port=443): Max retries exceeded with url: /datasets/Voxel51/WLASL/resolve/main/data/data_19/11362.mp4 (Caused by NameResolutionError("HTTPSConnection(host='huggingface.co', port=443): Failed to resolve 'huggingface.co' ([Errno 11001] getaddrinfo failed)"))
    failed data/data_19/11364.mp4: HTTPSConnectionPool(host='huggingface.co', port=443): Max retries exceeded with url: /datasets/Voxel51/WLASL/resolve/main/data/data_19/11364.mp4 (Caused by NameResolutionError("HTTPSConnection(host='huggingface.co', port=443): Failed to resolve 'huggingface.co' ([Errno 11001] getaddrinfo failed)"))
    failed data/data_19/11365.mp4: HTTPSConnectionPool(host='huggingface.co', port=443): Max retries exceeded with url: /datasets/Voxel51/WLASL/resolve/main/data/data_19/11365.mp4 (Caused by NameResolutionError("HTTPSConnection(host='huggingface.co', port=443): Failed to resolve 'huggingface.co' ([Errno 11001] getaddrinfo failed)"))
  cloud          0/8 clips
    failed data/data_20/11767.mp4: HTTPSConnectionPool(host='huggingface.co', port=443): Max retries exceeded with url: /datasets/Voxel51/WLASL/resolve/main/data/data_20/11767.mp4 (Caused by NameResolutionError("HTTPSConnection(host='huggingface.co', port=443): Failed to resolve 'huggingface.co' ([Errno 11001] getaddrinfo failed)"))
    failed data/data_20/11768.mp4: HTTPSConnectionPool(host='huggingface.co', port=443): Max retries exceeded with url: /datasets/Voxel51/WLASL/resolve/main/data/data_20/11768.mp4 (Caused by NameResolutionError("HTTPSConnection(host='huggingface.co', port=443): Failed to resolve 'huggingface.co' ([Errno 11001] getaddrinfo failed)"))
    failed data/data_20/11769.mp4: HTTPSConnectionPool(host='huggingface.co', port=443): Max retries exceeded with url: /datasets/Voxel51/WLASL/resolve/main/data/data_20/11769.mp4 (Caused by NameResolutionError("HTTPSConnection(host='huggingface.co', port=443): Failed to resolve 'huggingface.co' ([Errno 11001] getaddrinfo failed)"))
    failed data/data_20/11770.mp4: HTTPSConnectionPool(host='huggingface.co', port=443): Max retries exceeded with url: /datasets/Voxel51/WLASL/resolve/main/data/data_20/11770.mp4 (Caused by NameResolutionError("HTTPSConnection(host='huggingface.co', port=443): Failed to resolve 'huggingface.co' ([Errno 11001] getaddrinfo failed)"))
    failed data/data_20/11772.mp4: HTTPSConnectionPool(host='huggingface.co', port=443): Max retries exceeded with url: /datasets/Voxel51/WLASL/resolve/main/data/data_20/11772.mp4 (Caused by NameResolutionError("HTTPSConnection(host='huggingface.co', port=443): Failed to resolve 'huggingface.co' ([Errno 11001] getaddrinfo failed)"))
    failed data/data_20/11773.mp4: HTTPSConnectionPool(host='huggingface.co', port=443): Max retries exceeded with url: /datasets/Voxel51/WLASL/resolve/main/data/data_20/11773.mp4 (Caused by NameResolutionError("HTTPSConnection(host='huggingface.co', port=443): Failed to resolve 'huggingface.co' ([Errno 11001] getaddrinfo failed)"))
    failed data/data_20/11780.mp4: HTTPSConnectionPool(host='huggingface.co', port=443): Max retries exceeded with url: /datasets/Voxel51/WLASL/resolve/main/data/data_20/11780.mp4 (Caused by NameResolutionError("HTTPSConnection(host='huggingface.co', port=443): Failed to resolve 'huggingface.co' ([Errno 11001] getaddrinfo failed)"))
    failed data/data_118/69274.mp4: HTTPSConnectionPool(host='huggingface.co', port=443): Max retries exceeded with url: /datasets/Voxel51/WLASL/resolve/main/data/data_118/69274.mp4 (Caused by NameResolutionError("HTTPSConnection(host='huggingface.co', port=443): Failed to resolve 'huggingface.co' ([Errno 11001] getaddrinfo failed)"))
  color          0/8 clips
    failed data/data_20/11876.mp4: HTTPSConnectionPool(host='huggingface.co', port=443): Max retries exceeded with url: /datasets/Voxel51/WLASL/resolve/main/data/data_20/11876.mp4 (Caused by NameResolutionError("HTTPSConnection(host='huggingface.co', port=443): Failed to resolve 'huggingface.co' ([Errno 11001] getaddrinfo failed)"))
    failed data/data_20/11877.mp4: HTTPSConnectionPool(host='huggingface.co', port=443): Max retries exceeded with url: /datasets/Voxel51/WLASL/resolve/main/data/data_20/11877.mp4 (Caused by NameResolutionError("HTTPSConnection(host='huggingface.co', port=443): Failed to resolve 'huggingface.co' ([Errno 11001] getaddrinfo failed)"))
    failed data/data_20/11878.mp4: HTTPSConnectionPool(host='huggingface.co', port=443): Max retries exceeded with url: /datasets/Voxel51/WLASL/resolve/main/data/data_20/11878.mp4 (Caused by NameResolutionError("HTTPSConnection(host='huggingface.co', port=443): Failed to resolve 'huggingface.co' ([Errno 11001] getaddrinfo failed)"))
    failed data/data_20/11882.mp4: HTTPSConnectionPool(host='huggingface.co', port=443): Max retries exceeded with url: /datasets/Voxel51/WLASL/resolve/main/data/data_20/11882.mp4 (Caused by NameResolutionError("HTTPSConnection(host='huggingface.co', port=443): Failed to resolve 'huggingface.co' ([Errno 11001] getaddrinfo failed)"))
    failed data/data_20/11884.mp4: HTTPSConnectionPool(host='huggingface.co', port=443): Max retries exceeded with url: /datasets/Voxel51/WLASL/resolve/main/data/data_20/11884.mp4 (Caused by NameResolutionError("HTTPSConnection(host='huggingface.co', port=443): Failed to resolve 'huggingface.co' ([Errno 11001] getaddrinfo failed)"))
    failed data/data_118/69275.mp4: HTTPSConnectionPool(host='huggingface.co', port=443): Max retries exceeded with url: /datasets/Voxel51/WLASL/resolve/main/data/data_118/69275.mp4 (Caused by NameResolutionError("HTTPSConnection(host='huggingface.co', port=443): Failed to resolve 'huggingface.co' ([Errno 11001] getaddrinfo failed)"))
  come           0/6 clips
    failed data/data_46/27263.mp4: HTTPSConnectionPool(host='huggingface.co', port=443): Max retries exceeded with url: /datasets/Voxel51/WLASL/resolve/main/data/data_46/27263.mp4 (Caused by NameResolutionError("HTTPSConnection(host='huggingface.co', port=443): Failed to resolve 'huggingface.co' ([Errno 11001] getaddrinfo failed)"))
    failed data/data_46/27264.mp4: HTTPSConnectionPool(host='huggingface.co', port=443): Max retries exceeded with url: /datasets/Voxel51/WLASL/resolve/main/data/data_46/27264.mp4 (Caused by NameResolutionError("HTTPSConnection(host='huggingface.co', port=443): Failed to resolve 'huggingface.co' ([Errno 11001] getaddrinfo failed)"))
    failed data/data_46/27265.mp4: HTTPSConnectionPool(host='huggingface.co', port=443): Max retries exceeded with url: /datasets/Voxel51/WLASL/resolve/main/data/data_46/27265.mp4 (Caused by NameResolutionError("HTTPSConnection(host='huggingface.co', port=443): Failed to resolve 'huggingface.co' ([Errno 11001] getaddrinfo failed)"))
    failed data/data_46/27268.mp4: HTTPSConnectionPool(host='huggingface.co', port=443): Max retries exceeded with url: /datasets/Voxel51/WLASL/resolve/main/data/data_46/27268.mp4 (Caused by NameResolutionError("HTTPSConnection(host='huggingface.co', port=443): Failed to resolve 'huggingface.co' ([Errno 11001] getaddrinfo failed)"))
    failed data/data_46/27273.mp4: HTTPSConnectionPool(host='huggingface.co', port=443): Max retries exceeded with url: /datasets/Voxel51/WLASL/resolve/main/data/data_46/27273.mp4 (Caused by NameResolutionError("HTTPSConnection(host='huggingface.co', port=443): Failed to resolve 'huggingface.co' ([Errno 11001] getaddrinfo failed)"))
    failed data/data_112/65892.mp4: HTTPSConnectionPool(host='huggingface.co', port=443): Max retries exceeded with url: /datasets/Voxel51/WLASL/resolve/main/data/data_112/65892.mp4 (Caused by NameResolutionError("HTTPSConnection(host='huggingface.co', port=443): Failed to resolve 'huggingface.co' ([Errno 11001] getaddrinfo failed)"))
    failed data/data_118/69365.mp4: HTTPSConnectionPool(host='huggingface.co', port=443): Max retries exceeded with url: /datasets/Voxel51/WLASL/resolve/main/data/data_118/69365.mp4 (Caused by NameResolutionError("HTTPSConnection(host='huggingface.co', port=443): Failed to resolve 'huggingface.co' ([Errno 11001] getaddrinfo failed)"))
  here           0/7 clips
    failed data/data_22/13155.mp4: HTTPSConnectionPool(host='huggingface.co', port=443): Max retries exceeded with url: /datasets/Voxel51/WLASL/resolve/main/data/data_22/13155.mp4 (Caused by NameResolutionError("HTTPSConnection(host='huggingface.co', port=443): Failed to resolve 'huggingface.co' ([Errno 11001] getaddrinfo failed)"))
    failed data/data_22/13156.mp4: HTTPSConnectionPool(host='huggingface.co', port=443): Max retries exceeded with url: /datasets/Voxel51/WLASL/resolve/main/data/data_22/13156.mp4 (Caused by NameResolutionError("HTTPSConnection(host='huggingface.co', port=443): Failed to resolve 'huggingface.co' ([Errno 11001] getaddrinfo failed)"))
    failed data/data_22/13157.mp4: HTTPSConnectionPool(host='huggingface.co', port=443): Max retries exceeded with url: /datasets/Voxel51/WLASL/resolve/main/data/data_22/13157.mp4 (Caused by NameResolutionError("HTTPSConnection(host='huggingface.co', port=443): Failed to resolve 'huggingface.co' ([Errno 11001] getaddrinfo failed)"))
    failed data/data_22/13158.mp4: HTTPSConnectionPool(host='huggingface.co', port=443): Max retries exceeded with url: /datasets/Voxel51/WLASL/resolve/main/data/data_22/13158.mp4 (Caused by NameResolutionError("HTTPSConnection(host='huggingface.co', port=443): Failed to resolve 'huggingface.co' ([Errno 11001] getaddrinfo failed)"))
    failed data/data_22/13160.mp4: HTTPSConnectionPool(host='huggingface.co', port=443): Max retries exceeded with url: /datasets/Voxel51/WLASL/resolve/main/data/data_22/13160.mp4 (Caused by NameResolutionError("HTTPSConnection(host='huggingface.co', port=443): Failed to resolve 'huggingface.co' ([Errno 11001] getaddrinfo failed)"))
    failed data/data_22/13161.mp4: HTTPSConnectionPool(host='huggingface.co', port=443): Max retries exceeded with url: /datasets/Voxel51/WLASL/resolve/main/data/data_22/13161.mp4 (Caused by NameResolutionError("HTTPSConnection(host='huggingface.co', port=443): Failed to resolve 'huggingface.co' ([Errno 11001] getaddrinfo failed)"))
    failed data/data_22/13167.mp4: HTTPSConnectionPool(host='huggingface.co', port=443): Max retries exceeded with url: /datasets/Voxel51/WLASL/resolve/main/data/data_22/13167.mp4 (Caused by NameResolutionError("HTTPSConnection(host='huggingface.co', port=443): Failed to resolve 'huggingface.co' ([Errno 11001] getaddrinfo failed)"))
    failed data/data_22/13168.mp4: HTTPSConnectionPool(host='huggingface.co', port=443): Max retries exceeded with url: /datasets/Voxel51/WLASL/resolve/main/data/data_22/13168.mp4 (Caused by NameResolutionError("HTTPSConnection(host='huggingface.co', port=443): Failed to resolve 'huggingface.co' ([Errno 11001] getaddrinfo failed)"))
  cook           0/8 clips
    failed data/data_22/13172.mp4: HTTPSConnectionPool(host='huggingface.co', port=443): Max retries exceeded with url: /datasets/Voxel51/WLASL/resolve/main/data/data_22/13172.mp4 (Caused by NameResolutionError("HTTPSConnection(host='huggingface.co', port=443): Failed to resolve 'huggingface.co' ([Errno 11001] getaddrinfo failed)"))
    failed data/data_22/13173.mp4: HTTPSConnectionPool(host='huggingface.co', port=443): Max retries exceeded with url: /datasets/Voxel51/WLASL/resolve/main/data/data_22/13173.mp4 (Caused by NameResolutionError("HTTPSConnection(host='huggingface.co', port=443): Failed to resolve 'huggingface.co' ([Errno 11001] getaddrinfo failed)"))
    failed data/data_22/13174.mp4: HTTPSConnectionPool(host='huggingface.co', port=443): Max retries exceeded with url: /datasets/Voxel51/WLASL/resolve/main/data/data_22/13174.mp4 (Caused by NameResolutionError("HTTPSConnection(host='huggingface.co', port=443): Failed to resolve 'huggingface.co' ([Errno 11001] getaddrinfo failed)"))
    failed data/data_22/13175.mp4: HTTPSConnectionPool(host='huggingface.co', port=443): Max retries exceeded with url: /datasets/Voxel51/WLASL/resolve/main/data/data_22/13175.mp4 (Caused by NameResolutionError("HTTPSConnection(host='huggingface.co', port=443): Failed to resolve 'huggingface.co' ([Errno 11001] getaddrinfo failed)"))
    failed data/data_22/13177.mp4: HTTPSConnectionPool(host='huggingface.co', port=443): Max retries exceeded with url: /datasets/Voxel51/WLASL/resolve/main/data/data_22/13177.mp4 (Caused by NameResolutionError("HTTPSConnection(host='huggingface.co', port=443): Failed to resolve 'huggingface.co' ([Errno 11001] getaddrinfo failed)"))
    failed data/data_22/13179.mp4: HTTPSConnectionPool(host='huggingface.co', port=443): Max retries exceeded with url: /datasets/Voxel51/WLASL/resolve/main/data/data_22/13179.mp4 (Caused by NameResolutionError("HTTPSConnection(host='huggingface.co', port=443): Failed to resolve 'huggingface.co' ([Errno 11001] getaddrinfo failed)"))
    failed data/data_22/13182.mp4: HTTPSConnectionPool(host='huggingface.co', port=443): Max retries exceeded with url: /datasets/Voxel51/WLASL/resolve/main/data/data_22/13182.mp4 (Caused by NameResolutionError("HTTPSConnection(host='huggingface.co', port=443): Failed to resolve 'huggingface.co' ([Errno 11001] getaddrinfo failed)"))
    failed data/data_118/69280.mp4: HTTPSConnectionPool(host='huggingface.co', port=443): Max retries exceeded with url: /datasets/Voxel51/WLASL/resolve/main/data/data_118/69280.mp4 (Caused by NameResolutionError("HTTPSConnection(host='huggingface.co', port=443): Failed to resolve 'huggingface.co' ([Errno 11001] getaddrinfo failed)"))
  cookie         0/8 clips
    failed data/data_22/13244.mp4: HTTPSConnectionPool(host='huggingface.co', port=443): Max retries exceeded with url: /datasets/Voxel51/WLASL/resolve/main/data/data_22/13244.mp4 (Caused by NameResolutionError("HTTPSConnection(host='huggingface.co', port=443): Failed to resolve 'huggingface.co' ([Errno 11001] getaddrinfo failed)"))
    failed data/data_22/13245.mp4: HTTPSConnectionPool(host='huggingface.co', port=443): Max retries exceeded with url: /datasets/Voxel51/WLASL/resolve/main/data/data_22/13245.mp4 (Caused by NameResolutionError("HTTPSConnection(host='huggingface.co', port=443): Failed to resolve 'huggingface.co' ([Errno 11001] getaddrinfo failed)"))
    failed data/data_22/13246.mp4: HTTPSConnectionPool(host='huggingface.co', port=443): Max retries exceeded with url: /datasets/Voxel51/WLASL/resolve/main/data/data_22/13246.mp4 (Caused by NameResolutionError("HTTPSConnection(host='huggingface.co', port=443): Failed to resolve 'huggingface.co' ([Errno 11001] getaddrinfo failed)"))
    failed data/data_22/13247.mp4: HTTPSConnectionPool(host='huggingface.co', port=443): Max retries exceeded with url: /datasets/Voxel51/WLASL/resolve/main/data/data_22/13247.mp4 (Caused by NameResolutionError("HTTPSConnection(host='huggingface.co', port=443): Failed to resolve 'huggingface.co' ([Errno 11001] getaddrinfo failed)"))
    failed data/data_22/13249.mp4: HTTPSConnectionPool(host='huggingface.co', port=443): Max retries exceeded with url: /datasets/Voxel51/WLASL/resolve/main/data/data_22/13249.mp4 (Caused by NameResolutionError("HTTPSConnection(host='huggingface.co', port=443): Failed to resolve 'huggingface.co' ([Errno 11001] getaddrinfo failed)"))
    failed data/data_22/13250.mp4: HTTPSConnectionPool(host='huggingface.co', port=443): Max retries exceeded with url: /datasets/Voxel51/WLASL/resolve/main/data/data_22/13250.mp4 (Caused by NameResolutionError("HTTPSConnection(host='huggingface.co', port=443): Failed to resolve 'huggingface.co' ([Errno 11001] getaddrinfo failed)"))
    failed data/data_22/13251.mp4: HTTPSConnectionPool(host='huggingface.co', port=443): Max retries exceeded with url: /datasets/Voxel51/WLASL/resolve/main/data/data_22/13251.mp4 (Caused by NameResolutionError("HTTPSConnection(host='huggingface.co', port=443): Failed to resolve 'huggingface.co' ([Errno 11001] getaddrinfo failed)"))
    failed data/data_22/13253.mp4: HTTPSConnectionPool(host='huggingface.co', port=443): Max retries exceeded with url: /datasets/Voxel51/WLASL/resolve/main/data/data_22/13253.mp4 (Caused by NameResolutionError("HTTPSConnection(host='huggingface.co', port=443): Failed to resolve 'huggingface.co' ([Errno 11001] getaddrinfo failed)"))
  cop            0/8 clips
    failed data/data_22/13267.mp4: HTTPSConnectionPool(host='huggingface.co', port=443): Max retries exceeded with url: /datasets/Voxel51/WLASL/resolve/main/data/data_22/13267.mp4 (Caused by NameResolutionError("HTTPSConnection(host='huggingface.co', port=443): Failed to resolve 'huggingface.co' ([Errno 11001] getaddrinfo failed)"))
    failed data/data_22/13268.mp4: HTTPSConnectionPool(host='huggingface.co', port=443): Max retries exceeded with url: /datasets/Voxel51/WLASL/resolve/main/data/data_22/13268.mp4 (Caused by NameResolutionError("HTTPSConnection(host='huggingface.co', port=443): Failed to resolve 'huggingface.co' ([Errno 11001] getaddrinfo failed)"))
    failed data/data_22/13269.mp4: HTTPSConnectionPool(host='huggingface.co', port=443): Max retries exceeded with url: /datasets/Voxel51/WLASL/resolve/main/data/data_22/13269.mp4 (Caused by NameResolutionError("HTTPSConnection(host='huggingface.co', port=443): Failed to resolve 'huggingface.co' ([Errno 11001] getaddrinfo failed)"))
    failed data/data_22/13273.mp4: HTTPSConnectionPool(host='huggingface.co', port=443): Max retries exceeded with url: /datasets/Voxel51/WLASL/resolve/main/data/data_22/13273.mp4 (Caused by NameResolutionError("HTTPSConnection(host='huggingface.co', port=443): Failed to resolve 'huggingface.co' ([Errno 11001] getaddrinfo failed)"))
    failed data/data_22/13275.mp4: HTTPSConnectionPool(host='huggingface.co', port=443): Max retries exceeded with url: /datasets/Voxel51/WLASL/resolve/main/data/data_22/13275.mp4 (Caused by NameResolutionError("HTTPSConnection(host='huggingface.co', port=443): Failed to resolve 'huggingface.co' ([Errno 11001] getaddrinfo failed)"))
    failed data/data_22/13278.mp4: HTTPSConnectionPool(host='huggingface.co', port=443): Max retries exceeded with url: /datasets/Voxel51/WLASL/resolve/main/data/data_22/13278.mp4 (Caused by NameResolutionError("HTTPSConnection(host='huggingface.co', port=443): Failed to resolve 'huggingface.co' ([Errno 11001] getaddrinfo failed)"))
    failed data/data_22/13279.mp4: HTTPSConnectionPool(host='huggingface.co', port=443): Max retries exceeded with url: /datasets/Voxel51/WLASL/resolve/main/data/data_22/13279.mp4 (Caused by NameResolutionError("HTTPSConnection(host='huggingface.co', port=443): Failed to resolve 'huggingface.co' ([Errno 11001] getaddrinfo failed)"))
    failed data/data_109/65405.mp4: HTTPSConnectionPool(host='huggingface.co', port=443): Max retries exceeded with url: /datasets/Voxel51/WLASL/resolve/main/data/data_109/65405.mp4 (Caused by NameResolutionError("HTTPSConnection(host='huggingface.co', port=443): Failed to resolve 'huggingface.co' ([Errno 11001] getaddrinfo failed)"))
  copy           0/8 clips
    failed data/data_24/14466.mp4: HTTPSConnectionPool(host='huggingface.co', port=443): Max retries exceeded with url: /datasets/Voxel51/WLASL/resolve/main/data/data_24/14466.mp4 (Caused by NameResolutionError("HTTPSConnection(host='huggingface.co', port=443): Failed to resolve 'huggingface.co' ([Errno 11001] getaddrinfo failed)"))
    failed data/data_24/14467.mp4: HTTPSConnectionPool(host='huggingface.co', port=443): Max retries exceeded with url: /datasets/Voxel51/WLASL/resolve/main/data/data_24/14467.mp4 (Caused by NameResolutionError("HTTPSConnection(host='huggingface.co', port=443): Failed to resolve 'huggingface.co' ([Errno 11001] getaddrinfo failed)"))
    failed data/data_24/14477.mp4: HTTPSConnectionPool(host='huggingface.co', port=443): Max retries exceeded with url: /datasets/Voxel51/WLASL/resolve/main/data/data_24/14477.mp4 (Caused by NameResolutionError("HTTPSConnection(host='huggingface.co', port=443): Failed to resolve 'huggingface.co' ([Errno 11001] getaddrinfo failed)"))
    failed data/data_24/14478.mp4: HTTPSConnectionPool(host='huggingface.co', port=443): Max retries exceeded with url: /datasets/Voxel51/WLASL/resolve/main/data/data_24/14478.mp4 (Caused by NameResolutionError("HTTPSConnection(host='huggingface.co', port=443): Failed to resolve 'huggingface.co' ([Errno 11001] getaddrinfo failed)"))
    failed data/data_24/14479.mp4: HTTPSConnectionPool(host='huggingface.co', port=443): Max retries exceeded with url: /datasets/Voxel51/WLASL/resolve/main/data/data_24/14479.mp4 (Caused by NameResolutionError("HTTPSConnection(host='huggingface.co', port=443): Failed to resolve 'huggingface.co' ([Errno 11001] getaddrinfo failed)"))
    failed data/data_24/14481.mp4: HTTPSConnectionPool(host='huggingface.co', port=443): Max retries exceeded with url: /datasets/Voxel51/WLASL/resolve/main/data/data_24/14481.mp4 (Caused by NameResolutionError("HTTPSConnection(host='huggingface.co', port=443): Failed to resolve 'huggingface.co' ([Errno 11001] getaddrinfo failed)"))
    failed data/data_24/14482.mp4: HTTPSConnectionPool(host='huggingface.co', port=443): Max retries exceeded with url: /datasets/Voxel51/WLASL/resolve/main/data/data_24/14482.mp4 (Caused by NameResolutionError("HTTPSConnection(host='huggingface.co', port=443): Failed to resolve 'huggingface.co' ([Errno 11001] getaddrinfo failed)"))
    failed data/data_24/14485.mp4: HTTPSConnectionPool(host='huggingface.co', port=443): Max retries exceeded with url: /datasets/Voxel51/WLASL/resolve/main/data/data_24/14485.mp4 (Caused by NameResolutionError("HTTPSConnection(host='huggingface.co', port=443): Failed to resolve 'huggingface.co' ([Errno 11001] getaddrinfo failed)"))
  cut            0/8 clips
    failed data/data_26/15157.mp4: HTTPSConnectionPool(host='huggingface.co', port=443): Max retries exceeded with url: /datasets/Voxel51/WLASL/resolve/main/data/data_26/15157.mp4 (Caused by NameResolutionError("HTTPSConnection(host='huggingface.co', port=443): Failed to resolve 'huggingface.co' ([Errno 11001] getaddrinfo failed)"))
    failed data/data_26/15158.mp4: HTTPSConnectionPool(host='huggingface.co', port=443): Max retries exceeded with url: /datasets/Voxel51/WLASL/resolve/main/data/data_26/15158.mp4 (Caused by NameResolutionError("HTTPSConnection(host='huggingface.co', port=443): Failed to resolve 'huggingface.co' ([Errno 11001] getaddrinfo failed)"))
    failed data/data_26/15159.mp4: HTTPSConnectionPool(host='huggingface.co', port=443): Max retries exceeded with url: /datasets/Voxel51/WLASL/resolve/main/data/data_26/15159.mp4 (Caused by NameResolutionError("HTTPSConnection(host='huggingface.co', port=443): Failed to resolve 'huggingface.co' ([Errno 11001] getaddrinfo failed)"))
    failed data/data_26/15160.mp4: HTTPSConnectionPool(host='huggingface.co', port=443): Max retries exceeded with url: /datasets/Voxel51/WLASL/resolve/main/data/data_26/15160.mp4 (Caused by NameResolutionError("HTTPSConnection(host='huggingface.co', port=443): Failed to resolve 'huggingface.co' ([Errno 11001] getaddrinfo failed)"))
    failed data/data_26/15162.mp4: HTTPSConnectionPool(host='huggingface.co', port=443): Max retries exceeded with url: /datasets/Voxel51/WLASL/resolve/main/data/data_26/15162.mp4 (Caused by NameResolutionError("HTTPSConnection(host='huggingface.co', port=443): Failed to resolve 'huggingface.co' ([Errno 11001] getaddrinfo failed)"))
    failed data/data_26/15163.mp4: HTTPSConnectionPool(host='huggingface.co', port=443): Max retries exceeded with url: /datasets/Voxel51/WLASL/resolve/main/data/data_26/15163.mp4 (Caused by NameResolutionError("HTTPSConnection(host='huggingface.co', port=443): Failed to resolve 'huggingface.co' ([Errno 11001] getaddrinfo failed)"))
    failed data/data_26/15166.mp4: HTTPSConnectionPool(host='huggingface.co', port=443): Max retries exceeded with url: /datasets/Voxel51/WLASL/resolve/main/data/data_26/15166.mp4 (Caused by NameResolutionError("HTTPSConnection(host='huggingface.co', port=443): Failed to resolve 'huggingface.co' ([Errno 11001] getaddrinfo failed)"))
    failed data/data_110/65453.mp4: HTTPSConnectionPool(host='huggingface.co', port=443): Max retries exceeded with url: /datasets/Voxel51/WLASL/resolve/main/data/data_110/65453.mp4 (Caused by NameResolutionError("HTTPSConnection(host='huggingface.co', port=443): Failed to resolve 'huggingface.co' ([Errno 11001] getaddrinfo failed)"))
  deep           0/8 clips
    failed data/data_26/15422.mp4: HTTPSConnectionPool(host='huggingface.co', port=443): Max retries exceeded with url: /datasets/Voxel51/WLASL/resolve/main/data/data_26/15422.mp4 (Caused by NameResolutionError("HTTPSConnection(host='huggingface.co', port=443): Failed to resolve 'huggingface.co' ([Errno 11001] getaddrinfo failed)"))
    failed data/data_26/15423.mp4: HTTPSConnectionPool(host='huggingface.co', port=443): Max retries exceeded with url: /datasets/Voxel51/WLASL/resolve/main/data/data_26/15423.mp4 (Caused by NameResolutionError("HTTPSConnection(host='huggingface.co', port=443): Failed to resolve 'huggingface.co' ([Errno 11001] getaddrinfo failed)"))
    failed data/data_26/15424.mp4: HTTPSConnectionPool(host='huggingface.co', port=443): Max retries exceeded with url: /datasets/Voxel51/WLASL/resolve/main/data/data_26/15424.mp4 (Caused by NameResolutionError("HTTPSConnection(host='huggingface.co', port=443): Failed to resolve 'huggingface.co' ([Errno 11001] getaddrinfo failed)"))
    failed data/data_26/15425.mp4: HTTPSConnectionPool(host='huggingface.co', port=443): Max retries exceeded with url: /datasets/Voxel51/WLASL/resolve/main/data/data_26/15425.mp4 (Caused by NameResolutionError("HTTPSConnection(host='huggingface.co', port=443): Failed to resolve 'huggingface.co' ([Errno 11001] getaddrinfo failed)"))
    failed data/data_26/15426.mp4: HTTPSConnectionPool(host='huggingface.co', port=443): Max retries exceeded with url: /datasets/Voxel51/WLASL/resolve/main/data/data_26/15426.mp4 (Caused by NameResolutionError("HTTPSConnection(host='huggingface.co', port=443): Failed to resolve 'huggingface.co' ([Errno 11001] getaddrinfo failed)"))
    failed data/data_26/15428.mp4: HTTPSConnectionPool(host='huggingface.co', port=443): Max retries exceeded with url: /datasets/Voxel51/WLASL/resolve/main/data/data_26/15428.mp4 (Caused by NameResolutionError("HTTPSConnection(host='huggingface.co', port=443): Failed to resolve 'huggingface.co' ([Errno 11001] getaddrinfo failed)"))
    failed data/data_26/15430.mp4: HTTPSConnectionPool(host='huggingface.co', port=443): Max retries exceeded with url: /datasets/Voxel51/WLASL/resolve/main/data/data_26/15430.mp4 (Caused by NameResolutionError("HTTPSConnection(host='huggingface.co', port=443): Failed to resolve 'huggingface.co' ([Errno 11001] getaddrinfo failed)"))
    failed data/data_110/65458.mp4: HTTPSConnectionPool(host='huggingface.co', port=443): Max retries exceeded with url: /datasets/Voxel51/WLASL/resolve/main/data/data_110/65458.mp4 (Caused by NameResolutionError("HTTPSConnection(host='huggingface.co', port=443): Failed to resolve 'huggingface.co' ([Errno 11001] getaddrinfo failed)"))
  demand         0/8 clips
    failed data/data_26/15528.mp4: HTTPSConnectionPool(host='huggingface.co', port=443): Max retries exceeded with url: /datasets/Voxel51/WLASL/resolve/main/data/data_26/15528.mp4 (Caused by NameResolutionError("HTTPSConnection(host='huggingface.co', port=443): Failed to resolve 'huggingface.co' ([Errno 11001] getaddrinfo failed)"))
    failed data/data_26/15529.mp4: HTTPSConnectionPool(host='huggingface.co', port=443): Max retries exceeded with url: /datasets/Voxel51/WLASL/resolve/main/data/data_26/15529.mp4 (Caused by NameResolutionError("HTTPSConnection(host='huggingface.co', port=443): Failed to resolve 'huggingface.co' ([Errno 11001] getaddrinfo failed)"))
    failed data/data_26/15530.mp4: HTTPSConnectionPool(host='huggingface.co', port=443): Max retries exceeded with url: /datasets/Voxel51/WLASL/resolve/main/data/data_26/15530.mp4 (Caused by NameResolutionError("HTTPSConnection(host='huggingface.co', port=443): Failed to resolve 'huggingface.co' ([Errno 11001] getaddrinfo failed)"))
    failed data/data_26/15531.mp4: HTTPSConnectionPool(host='huggingface.co', port=443): Max retries exceeded with url: /datasets/Voxel51/WLASL/resolve/main/data/data_26/15531.mp4 (Caused by NameResolutionError("HTTPSConnection(host='huggingface.co', port=443): Failed to resolve 'huggingface.co' ([Errno 11001] getaddrinfo failed)"))
    failed data/data_26/15533.mp4: HTTPSConnectionPool(host='huggingface.co', port=443): Max retries exceeded with url: /datasets/Voxel51/WLASL/resolve/main/data/data_26/15533.mp4 (Caused by NameResolutionError("HTTPSConnection(host='huggingface.co', port=443): Failed to resolve 'huggingface.co' ([Errno 11001] getaddrinfo failed)"))
    failed data/data_26/15534.mp4: HTTPSConnectionPool(host='huggingface.co', port=443): Max retries exceeded with url: /datasets/Voxel51/WLASL/resolve/main/data/data_26/15534.mp4 (Caused by NameResolutionError("HTTPSConnection(host='huggingface.co', port=443): Failed to resolve 'huggingface.co' ([Errno 11001] getaddrinfo failed)"))
    failed data/data_26/15537.mp4: HTTPSConnectionPool(host='huggingface.co', port=443): Max retries exceeded with url: /datasets/Voxel51/WLASL/resolve/main/data/data_26/15537.mp4 (Caused by NameResolutionError("HTTPSConnection(host='huggingface.co', port=443): Failed to resolve 'huggingface.co' ([Errno 11001] getaddrinfo failed)"))
    failed data/data_110/65460.mp4: HTTPSConnectionPool(host='huggingface.co', port=443): Max retries exceeded with url: /datasets/Voxel51/WLASL/resolve/main/data/data_110/65460.mp4 (Caused by NameResolutionError("HTTPSConnection(host='huggingface.co', port=443): Failed to resolve 'huggingface.co' ([Errno 11001] getaddrinfo failed)"))
  dentist        0/8 clips
    failed data/data_27/15808.mp4: HTTPSConnectionPool(host='huggingface.co', port=443): Max retries exceeded with url: /datasets/Voxel51/WLASL/resolve/main/data/data_27/15808.mp4 (Caused by NameResolutionError("HTTPSConnection(host='huggingface.co', port=443): Failed to resolve 'huggingface.co' ([Errno 11001] getaddrinfo failed)"))
    failed data/data_27/15809.mp4: HTTPSConnectionPool(host='huggingface.co', port=443): Max retries exceeded with url: /datasets/Voxel51/WLASL/resolve/main/data/data_27/15809.mp4 (Caused by NameResolutionError("HTTPSConnection(host='huggingface.co', port=443): Failed to resolve 'huggingface.co' ([Errno 11001] getaddrinfo failed)"))
    failed data/data_27/15810.mp4: HTTPSConnectionPool(host='huggingface.co', port=443): Max retries exceeded with url: /datasets/Voxel51/WLASL/resolve/main/data/data_27/15810.mp4 (Caused by NameResolutionError("HTTPSConnection(host='huggingface.co', port=443): Failed to resolve 'huggingface.co' ([Errno 11001] getaddrinfo failed)"))
    failed data/data_27/15811.mp4: HTTPSConnectionPool(host='huggingface.co', port=443): Max retries exceeded with url: /datasets/Voxel51/WLASL/resolve/main/data/data_27/15811.mp4 (Caused by NameResolutionError("HTTPSConnection(host='huggingface.co', port=443): Failed to resolve 'huggingface.co' ([Errno 11001] getaddrinfo failed)"))
    failed data/data_27/15813.mp4: HTTPSConnectionPool(host='huggingface.co', port=443): Max retries exceeded with url: /datasets/Voxel51/WLASL/resolve/main/data/data_27/15813.mp4 (Caused by NameResolutionError("HTTPSConnection(host='huggingface.co', port=443): Failed to resolve 'huggingface.co' ([Errno 11001] getaddrinfo failed)"))
    failed data/data_27/15815.mp4: HTTPSConnectionPool(host='huggingface.co', port=443): Max retries exceeded with url: /datasets/Voxel51/WLASL/resolve/main/data/data_27/15815.mp4 (Caused by NameResolutionError("HTTPSConnection(host='huggingface.co', port=443): Failed to resolve 'huggingface.co' ([Errno 11001] getaddrinfo failed)"))
    failed data/data_27/15817.mp4: HTTPSConnectionPool(host='huggingface.co', port=443): Max retries exceeded with url: /datasets/Voxel51/WLASL/resolve/main/data/data_27/15817.mp4 (Caused by NameResolutionError("HTTPSConnection(host='huggingface.co', port=443): Failed to resolve 'huggingface.co' ([Errno 11001] getaddrinfo failed)"))
    failed data/data_110/65470.mp4: HTTPSConnectionPool(host='huggingface.co', port=443): Max retries exceeded with url: /datasets/Voxel51/WLASL/resolve/main/data/data_110/65470.mp4 (Caused by NameResolutionError("HTTPSConnection(host='huggingface.co', port=443): Failed to resolve 'huggingface.co' ([Errno 11001] getaddrinfo failed)"))
  dessert        0/8 clips
    failed data/data_27/15933.mp4: HTTPSConnectionPool(host='huggingface.co', port=443): Max retries exceeded with url: /datasets/Voxel51/WLASL/resolve/main/data/data_27/15933.mp4 (Caused by NameResolutionError("HTTPSConnection(host='huggingface.co', port=443): Failed to resolve 'huggingface.co' ([Errno 11001] getaddrinfo failed)"))
    failed data/data_27/15934.mp4: HTTPSConnectionPool(host='huggingface.co', port=443): Max retries exceeded with url: /datasets/Voxel51/WLASL/resolve/main/data/data_27/15934.mp4 (Caused by NameResolutionError("HTTPSConnection(host='huggingface.co', port=443): Failed to resolve 'huggingface.co' ([Errno 11001] getaddrinfo failed)"))
    failed data/data_27/15935.mp4: HTTPSConnectionPool(host='huggingface.co', port=443): Max retries exceeded with url: /datasets/Voxel51/WLASL/resolve/main/data/data_27/15935.mp4 (Caused by NameResolutionError("HTTPSConnection(host='huggingface.co', port=443): Failed to resolve 'huggingface.co' ([Errno 11001] getaddrinfo failed)"))
    failed data/data_27/15936.mp4: HTTPSConnectionPool(host='huggingface.co', port=443): Max retries exceeded with url: /datasets/Voxel51/WLASL/resolve/main/data/data_27/15936.mp4 (Caused by NameResolutionError("HTTPSConnection(host='huggingface.co', port=443): Failed to resolve 'huggingface.co' ([Errno 11001] getaddrinfo failed)"))
    failed data/data_27/15938.mp4: HTTPSConnectionPool(host='huggingface.co', port=443): Max retries exceeded with url: /datasets/Voxel51/WLASL/resolve/main/data/data_27/15938.mp4 (Caused by NameResolutionError("HTTPSConnection(host='huggingface.co', port=443): Failed to resolve 'huggingface.co' ([Errno 11001] getaddrinfo failed)"))
    failed data/data_27/15941.mp4: HTTPSConnectionPool(host='huggingface.co', port=443): Max retries exceeded with url: /datasets/Voxel51/WLASL/resolve/main/data/data_27/15941.mp4 (Caused by NameResolutionError("HTTPSConnection(host='huggingface.co', port=443): Failed to resolve 'huggingface.co' ([Errno 11001] getaddrinfo failed)"))
    failed data/data_110/65472.mp4: HTTPSConnectionPool(host='huggingface.co', port=443): Max retries exceeded with url: /datasets/Voxel51/WLASL/resolve/main/data/data_110/65472.mp4 (Caused by NameResolutionError("HTTPSConnection(host='huggingface.co', port=443): Failed to resolve 'huggingface.co' ([Errno 11001] getaddrinfo failed)"))
    failed data/data_110/65473.mp4: HTTPSConnectionPool(host='huggingface.co', port=443): Max retries exceeded with url: /datasets/Voxel51/WLASL/resolve/main/data/data_110/65473.mp4 (Caused by NameResolutionError("HTTPSConnection(host='huggingface.co', port=443): Failed to resolve 'huggingface.co' ([Errno 11001] getaddrinfo failed)"))
  develop        0/8 clips
    failed data/data_28/16191.mp4: HTTPSConnectionPool(host='huggingface.co', port=443): Max retries exceeded with url: /datasets/Voxel51/WLASL/resolve/main/data/data_28/16191.mp4 (Caused by NameResolutionError("HTTPSConnection(host='huggingface.co', port=443): Failed to resolve 'huggingface.co' ([Errno 11001] getaddrinfo failed)"))
    failed data/data_28/16192.mp4: HTTPSConnectionPool(host='huggingface.co', port=443): Max retries exceeded with url: /datasets/Voxel51/WLASL/resolve/main/data/data_28/16192.mp4 (Caused by NameResolutionError("HTTPSConnection(host='huggingface.co', port=443): Failed to resolve 'huggingface.co' ([Errno 11001] getaddrinfo failed)"))
    failed data/data_28/16193.mp4: HTTPSConnectionPool(host='huggingface.co', port=443): Max retries exceeded with url: /datasets/Voxel51/WLASL/resolve/main/data/data_28/16193.mp4 (Caused by NameResolutionError("HTTPSConnection(host='huggingface.co', port=443): Failed to resolve 'huggingface.co' ([Errno 11001] getaddrinfo failed)"))
    failed data/data_28/16194.mp4: HTTPSConnectionPool(host='huggingface.co', port=443): Max retries exceeded with url: /datasets/Voxel51/WLASL/resolve/main/data/data_28/16194.mp4 (Caused by NameResolutionError("HTTPSConnection(host='huggingface.co', port=443): Failed to resolve 'huggingface.co' ([Errno 11001] getaddrinfo failed)"))
    failed data/data_28/16195.mp4: HTTPSConnectionPool(host='huggingface.co', port=443): Max retries exceeded with url: /datasets/Voxel51/WLASL/resolve/main/data/data_28/16195.mp4 (Caused by NameResolutionError("HTTPSConnection(host='huggingface.co', port=443): Failed to resolve 'huggingface.co' ([Errno 11001] getaddrinfo failed)"))
    failed data/data_28/16198.mp4: HTTPSConnectionPool(host='huggingface.co', port=443): Max retries exceeded with url: /datasets/Voxel51/WLASL/resolve/main/data/data_28/16198.mp4 (Caused by NameResolutionError("HTTPSConnection(host='huggingface.co', port=443): Failed to resolve 'huggingface.co' ([Errno 11001] getaddrinfo failed)"))
    failed data/data_28/16203.mp4: HTTPSConnectionPool(host='huggingface.co', port=443): Max retries exceeded with url: /datasets/Voxel51/WLASL/resolve/main/data/data_28/16203.mp4 (Caused by NameResolutionError("HTTPSConnection(host='huggingface.co', port=443): Failed to resolve 'huggingface.co' ([Errno 11001] getaddrinfo failed)"))
    failed data/data_110/65480.mp4: HTTPSConnectionPool(host='huggingface.co', port=443): Max retries exceeded with url: /datasets/Voxel51/WLASL/resolve/main/data/data_110/65480.mp4 (Caused by NameResolutionError("HTTPSConnection(host='huggingface.co', port=443): Failed to resolve 'huggingface.co' ([Errno 11001] getaddrinfo failed)"))
  different      0/8 clips
    failed data/data_28/16525.mp4: HTTPSConnectionPool(host='huggingface.co', port=443): Max retries exceeded with url: /datasets/Voxel51/WLASL/resolve/main/data/data_28/16525.mp4 (Caused by NameResolutionError("HTTPSConnection(host='huggingface.co', port=443): Failed to resolve 'huggingface.co' ([Errno 11001] getaddrinfo failed)"))
    failed data/data_28/16526.mp4: HTTPSConnectionPool(host='huggingface.co', port=443): Max retries exceeded with url: /datasets/Voxel51/WLASL/resolve/main/data/data_28/16526.mp4 (Caused by NameResolutionError("HTTPSConnection(host='huggingface.co', port=443): Failed to resolve 'huggingface.co' ([Errno 11001] getaddrinfo failed)"))
    failed data/data_28/16527.mp4: HTTPSConnectionPool(host='huggingface.co', port=443): Max retries exceeded with url: /datasets/Voxel51/WLASL/resolve/main/data/data_28/16527.mp4 (Caused by NameResolutionError("HTTPSConnection(host='huggingface.co', port=443): Failed to resolve 'huggingface.co' ([Errno 11001] getaddrinfo failed)"))
    failed data/data_28/16528.mp4: HTTPSConnectionPool(host='huggingface.co', port=443): Max retries exceeded with url: /datasets/Voxel51/WLASL/resolve/main/data/data_28/16528.mp4 (Caused by NameResolutionError("HTTPSConnection(host='huggingface.co', port=443): Failed to resolve 'huggingface.co' ([Errno 11001] getaddrinfo failed)"))
    failed data/data_28/16530.mp4: HTTPSConnectionPool(host='huggingface.co', port=443): Max retries exceeded with url: /datasets/Voxel51/WLASL/resolve/main/data/data_28/16530.mp4 (Caused by NameResolutionError("HTTPSConnection(host='huggingface.co', port=443): Failed to resolve 'huggingface.co' ([Errno 11001] getaddrinfo failed)"))
    failed data/data_28/16531.mp4: HTTPSConnectionPool(host='huggingface.co', port=443): Max retries exceeded with url: /datasets/Voxel51/WLASL/resolve/main/data/data_28/16531.mp4 (Caused by NameResolutionError("HTTPSConnection(host='huggingface.co', port=443): Failed to resolve 'huggingface.co' ([Errno 11001] getaddrinfo failed)"))
    failed data/data_110/65488.mp4: HTTPSConnectionPool(host='huggingface.co', port=443): Max retries exceeded with url: /datasets/Voxel51/WLASL/resolve/main/data/data_110/65488.mp4 (Caused by NameResolutionError("HTTPSConnection(host='huggingface.co', port=443): Failed to resolve 'huggingface.co' ([Errno 11001] getaddrinfo failed)"))
    failed data/data_110/65489.mp4: HTTPSConnectionPool(host='huggingface.co', port=443): Max retries exceeded with url: /datasets/Voxel51/WLASL/resolve/main/data/data_110/65489.mp4 (Caused by NameResolutionError("HTTPSConnection(host='huggingface.co', port=443): Failed to resolve 'huggingface.co' ([Errno 11001] getaddrinfo failed)"))
  disconnect     0/8 clips

967 clips across 214 glosses -> D:\sign-language-translator\backend\data\raw
next: python -m ml.preprocess
