2026-09-27 18:28:49.872533: I tensorflow/core/util/port.cc:153] oneDNN custom operations are on. You may see slightly different numerical results due to floating-point round-off errors from different computation orders. To turn them off, set the environment variable `TF_ENABLE_ONEDNN_OPTS=0`.
2026-09-27 18:28:51.350737: I tensorflow/core/util/port.cc:153] oneDNN custom operations are on. You may see slightly different numerical results due to floating-point round-off errors from different computation orders. To turn them off, set the environment variable `TF_ENABLE_ONEDNN_OPTS=0`.
2026-09-27 18:31:30.965224: I tensorflow/core/platform/cpu_feature_guard.cc:210] This TensorFlow binary is optimized to use available CPU instructions in performance-critical operations.
To enable the following instructions: AVX2 AVX_VNNI FMA, in other operations, rebuild TensorFlow with the appropriate compiler flags.
14032 samples across 200 signs: accident, add, africa, ago, alone, animal, apple, appointment, argue, australia, baby, bad, balance, ball, balloon, banana, bar, barely, basketball, beard, because, bed, before, big, bird, black, blanket, bowling, brother, buy, california, call, can, candy, careful, champion, change, cheat, check, child, cold, come here, computer, convince, cool, corn, cousin, cry, dark, daughter, deaf, delay, delicious, discuss, doctor, dog, dollar, down, dress, drink, ear, east, eight, enjoy, environment, escape, example, exchange, expensive, face, family, far, farm, fat, find, fine, finish, fish, five, fly, four, front, full, girl, give, go, good, government, graduate, group, happy, hearing, heart, helicopter, help, her, history, hot, how, humble, idea, important, interest, internet, jealous, join, know, language, last, late, later, laugh, learn, leave, lemon, letter, light, like, man, many, match, mean, meat, medicine, meet, mirror, miss, more, mother, move, music, nine, no, now, one, onion, orange, order, overwhelm, pants, paper, perspective, pizza, play, police, possible, postpone, potato, present, presentation, purple, rabbit, ready, ride, rob, room, sandwich, school, score, secretary, seven, shirt, short, sign, silly, six, snow, son, soon, speech, study, sweet, take, tall, tell, ten, thanksgiving, theory, thin, three, thursday, toast, today, trade, two, wait, walk, want, water, what, white, who, why, woman, work, write, year, yes, yesterday, zero
11668 train / 2364 held-out (316 unseen source clips)
Model: "sequential"
+--------------------------------------------------------------------------+
| Layer (type)                    | Output Shape           |       Param # |
|---------------------------------+------------------------+---------------|
| masking (Masking)               | (None, 30, 258)        |             0 |
|---------------------------------+------------------------+---------------|
| lstm (LSTM)                     | (None, 30, 64)         |        82,688 |
|---------------------------------+------------------------+---------------|
| dropout (Dropout)               | (None, 30, 64)         |             0 |
|---------------------------------+------------------------+---------------|
| lstm_1 (LSTM)                   | (None, 30, 128)        |        98,816 |
|---------------------------------+------------------------+---------------|
| dropout_1 (Dropout)             | (None, 30, 128)        |             0 |
|---------------------------------+------------------------+---------------|
| lstm_2 (LSTM)                   | (None, 64)             |        49,408 |
|---------------------------------+------------------------+---------------|
| dense (Dense)                   | (None, 64)             |         4,160 |
|---------------------------------+------------------------+---------------|
| dropout_2 (Dropout)             | (None, 64)             |             0 |
|---------------------------------+------------------------+---------------|
| dense_1 (Dense)                 | (None, 200)            |        13,000 |
+--------------------------------------------------------------------------+
 Total params: 248,072 (969.03 KB)
 Trainable params: 248,072 (969.03 KB)
 Non-trainable params: 0 (0.00 B)
Epoch 1/15
2026-09-27 18:31:37.628168: E tensorflow/core/util/util.cc:131] oneDNN supports DT_BOOL only on platforms with AVX-512. Falling back to the default Eigen-based implementation if present.

[1m  1/183[0m [37m====================[0m [1m19:22[0m 6s/step - accuracy: 0.0156 - loss: 5.2938
[1m  2/183[0m [37m====================[0m [1m22s[0m 124ms/step - accuracy: 0.0078 - loss: 5.2924
[1m  3/183[0m [37m====================[0m [1m19s[0m 106ms/step - accuracy: 0.0052 - loss: 5.3008
[1m  4/183[0m [37m====================[0m [1m18s[0m 105ms/step - accuracy: 0.0156 - loss: 5.3031
[1m  5/183[0m [37m====================[0m [1m18s[0m 101ms/step - accuracy: 0.0156 - loss: 5.3092
[1m  6/183[0m [37m====================[0m [1m17s[0m 101ms/step - accuracy: 0.0156 - loss: 5.3070
[1m  7/183[0m [37m====================[0m [1m17s[0m 98ms/step - accuracy: 0.0134 - loss: 5.3043 
[1m  8/183[0m [37m====================[0m [1m16s[0m 96ms/step - accuracy: 0.0117 - loss: 5.2996
[1m  9/183[0m [37m====================[0m [1m16s[0m 94ms/step - accuracy: 0.0122 - loss: 5.2985
[1m 10/183[0m [32m=[0m[37m===================[0m [1m16s[0m 95ms/step - accuracy: 0.0109 - loss: 5.2977
[1m 11/183[0m [32m=[0m[37m===================[0m [1m16s[0m 95ms/step - accuracy: 0.0099 - loss: 5.2982
[1m 12/183[0m [32m=[0m[37m===================[0m [1m16s[0m 95ms/step - accuracy: 0.0091 - loss: 5.2983
[1m 13/183[0m [32m=[0m[37m===================[0m [1m16s[0m 95ms/step - accuracy: 0.0084 - loss: 5.2995
[1m 14/183[0m [32m=[0m[37m===================[0m [1m16s[0m 96ms/step - accuracy: 0.0078 - loss: 5.2999
[1m 15/183[0m [32m=[0m[37m===================[0m [1m16s[0m 98ms/step - accuracy: 0.0073 - loss: 5.3006
[1m 16/183[0m [32m=[0m[37m===================[0m [1m16s[0m 100ms/step - accuracy: 0.0078 - loss: 5.2997
[1m 17/183[0m [32m=[0m[37m===================[0m [1m16s[0m 100ms/step - accuracy: 0.0074 - loss: 5.2984
[1m 18/183[0m [32m=[0m[37m===================[0m [1m16s[0m 102ms/step - accuracy: 0.0069 - loss: 5.2988
[1m 19/183[0m [32m==[0m[37m==================[0m [1m16s[0m 102ms/step - accuracy: 0.0066 - loss: 5.2963
[1m 20/183[0m [32m==[0m[37m==================[0m [1m16s[0m 103ms/step - accuracy: 0.0070 - loss: 5.2950
[1m 21/183[0m [32m==[0m[37m==================[0m [1m16s[0m 104ms/step - accuracy: 0.0067 - loss: 5.2944
[1m 22/183[0m [32m==[0m[37m==================[0m [1m16s[0m 105ms/step - accuracy: 0.0078 - loss: 5.2936
[1m 23/183[0m [32m==[0m[37m==================[0m [1m16s[0m 106ms/step - accuracy: 0.0075 - loss: 5.2925
[1m 24/183[0m [32m==[0m[37m==================[0m [1m16s[0m 106ms/step - accuracy: 0.0078 - loss: 5.2914
[1m 25/183[0m [32m==[0m[37m==================[0m [1m16s[0m 107ms/step - accuracy: 0.0075 - loss: 5.2927
[1m 26/183[0m [32m==[0m[37m==================[0m [1m16s[0m 107ms/step - accuracy: 0.0078 - loss: 5.2927
[1m 27/183[0m [32m==[0m[37m==================[0m [1m16s[0m 107ms/step - accuracy: 0.0075 - loss: 5.2936
[1m 28/183[0m [32m===[0m[37m=================[0m [1m16s[0m 107ms/step - accuracy: 0.0084 - loss: 5.2932
[1m 29/183[0m [32m===[0m[37m=================[0m [1m16s[0m 106ms/step - accuracy: 0.0092 - loss: 5.2927
[1m 30/183[0m [32m===[0m[37m=================[0m [1m16s[0m 106ms/step - accuracy: 0.0089 - loss: 5.2929
[1m 31/183[0m [32m===[0m[37m=================[0m [1m15s[0m 105ms/step - accuracy: 0.0086 - loss: 5.2928
[1m 32/183[0m [32m===[0m[37m=================[0m [1m15s[0m 105ms/step - accuracy: 0.0088 - loss: 5.2926
[1m 33/183[0m [32m===[0m[37m=================[0m [1m15s[0m 105ms/step - accuracy: 0.0085 - loss: 5.2924
[1m 34/183[0m [32m===[0m[37m=================[0m [1m15s[0m 105ms/step - accuracy: 0.0083 - loss: 5.2917
[1m 35/183[0m [32m===[0m[37m=================[0m [1m15s[0m 105ms/step - accuracy: 0.0080 - loss: 5.2919
[1m 36/183[0m [32m===[0m[37m=================[0m [1m15s[0m 105ms/step - accuracy: 0.0078 - loss: 5.2912
[1m 37/183[0m [32m====[0m[37m================[0m [1m15s[0m 106ms/step - accuracy: 0.0080 - loss: 5.2898
[1m 38/183[0m [32m====[0m[37m================[0m [1m15s[0m 106ms/step - accuracy: 0.0082 - loss: 5.2894
[1m 39/183[0m [32m====[0m[37m================[0m [1m15s[0m 107ms/step - accuracy: 0.0092 - loss: 5.2886
[1m 40/183[0m [32m====[0m[37m================[0m [1m15s[0m 107ms/step - accuracy: 0.0094 - loss: 5.2868
[1m 41/183[0m [32m====[0m[37m================[0m [1m15s[0m 108ms/step - accuracy: 0.0099 - loss: 5.2871
[1m 42/183[0m [32m====[0m[37m================[0m [1m15s[0m 108ms/step - accuracy: 0.0097 - loss: 5.2862
[1m 43/183[0m [32m====[0m[37m================[0m [1m15s[0m 108ms/step - accuracy: 0.0094 - loss: 5.2855
[1m 44/183[0m [32m====[0m[37m================[0m [1m15s[0m 109ms/step - accuracy: 0.0099 - loss: 5.2850
[1m 45/183[0m [32m====[0m[37m================[0m [1m15s[0m 109ms/step - accuracy: 0.0101 - loss: 5.2849
[1m 46/183[0m [32m=====[0m[37m===============[0m [1m15s[0m 110ms/step - accuracy: 0.0099 - loss: 5.2831
[1m 47/183[0m [32m=====[0m[37m===============[0m [1m14s[0m 110ms/step - accuracy: 0.0096 - loss: 5.2819
[1m 48/183[0m [32m=====[0m[37m===============[0m [1m14s[0m 110ms/step - accuracy: 0.0098 - loss: 5.2807
[1m 49/183[0m [32m=====[0m[37m===============[0m [1m14s[0m 110ms/step - accuracy: 0.0096 - loss: 5.2805
[1m 50/183[0m [32m=====[0m[37m===============[0m [1m14s[0m 110ms/step - accuracy: 0.0094 - loss: 5.2798
[1m 51/183[0m [32m=====[0m[37m===============[0m [1m14s[0m 111ms/step - accuracy: 0.0095 - loss: 5.2787
[1m 52/183[0m [32m=====[0m[37m===============[0m [1m14s[0m 111ms/step - accuracy: 0.0093 - loss: 5.2782
[1m 53/183[0m [32m=====[0m[37m===============[0m [1m14s[0m 111ms/step - accuracy: 0.0097 - loss: 5.2775
[1m 54/183[0m [32m=====[0m[37m===============[0m [1m14s[0m 111ms/step - accuracy: 0.0095 - loss: 5.2782
[1m 55/183[0m [32m======[0m[37m==============[0m [1m14s[0m 110ms/step - accuracy: 0.0097 - loss: 5.2779
[1m 56/183[0m [32m======[0m[37m==============[0m [1m14s[0m 111ms/step - accuracy: 0.0095 - loss: 5.2775
[1m 57/183[0m [32m======[0m[37m==============[0m [1m15:25[0m 7s/step - accuracy: 0.0093 - loss: 5.2766 
[1m 58/183[0m [32m======[0m[37m==============[0m [1m15:02[0m 7s/step - accuracy: 0.0094 - loss: 5.2748
[1m 59/183[0m [32m======[0m[37m==============[0m [1m14:39[0m 7s/step - accuracy: 0.0098 - loss: 5.2743
[1m 60/183[0m [32m======[0m[37m==============[0m [1m14:18[0m 7s/step - accuracy: 0.0096 - loss: 5.2732
[1m 61/183[0m [32m======[0m[37m==============[0m [1m13:57[0m 7s/step - accuracy: 0.0097 - loss: 5.2713
[1m 62/183[0m [32m======[0m[37m==============[0m [1m13:36[0m 7s/step - accuracy: 0.0096 - loss: 5.2710
[1m 63/183[0m [32m======[0m[37m==============[0m [1m13:17[0m 7s/step - accuracy: 0.0094 - loss: 5.2694
[1m 64/183[0m [32m======[0m[37m==============[0m [1m12:57[0m 7s/step - accuracy: 0.0093 - loss: 5.2684
[1m 65/183[0m [32m=======[0m[37m=============[0m [1m12:39[0m 6s/step - accuracy: 0.0091 - loss: 5.2669
[1m 66/183[0m [32m=======[0m[37m=============[0m [1m12:21[0m 6s/step - accuracy: 0.0097 - loss: 5.2655
[1m 67/183[0m [32m=======[0m[37m=============[0m [1m12:04[0m 6s/step - accuracy: 0.0096 - loss: 5.2640
[1m 68/183[0m [32m=======[0m[37m=============[0m [1m11:47[0m 6s/step - accuracy: 0.0097 - loss: 5.2626
[1m 69/183[0m [32m=======[0m[37m=============[0m [1m11:31[0m 6s/step - accuracy: 0.0095 - loss: 5.2624
[1m 70/183[0m [32m=======[0m[37m=============[0m [1m11:15[0m 6s/step - accuracy: 0.0096 - loss: 5.2608
[1m 71/183[0m [32m=======[0m[37m=============[0m [1m10:59[0m 6s/step - accuracy: 0.0099 - loss: 5.2584
[1m 72/183[0m [32m=======[0m[37m=============[0m [1m10:44[0m 6s/step - accuracy: 0.0098 - loss: 5.2572
[1m 73/183[0m [32m=======[0m[37m=============[0m [1m10:30[0m 6s/step - accuracy: 0.0098 - loss: 5.2566
[1m 74/183[0m [32m========[0m[37m============[0m [1m10:16[0m 6s/step - accuracy: 0.0099 - loss: 5.2552
[1m 75/183[0m [32m========[0m[37m============[0m [1m10:02[0m 6s/step - accuracy: 0.0100 - loss: 5.2535
[1m 76/183[0m [32m========[0m[37m============[0m [1m9:48[0m 6s/step - accuracy: 0.0101 - loss: 5.2516 
[1m 77/183[0m [32m========[0m[37m============[0m [1m9:35[0m 5s/step - accuracy: 0.0101 - loss: 5.2508
[1m 78/183[0m [32m========[0m[37m============[0m [1m9:22[0m 5s/step - accuracy: 0.0102 - loss: 5.2477
[1m 79/183[0m [32m========[0m[37m============[0m [1m9:10[0m 5s/step - accuracy: 0.0103 - loss: 5.2452
[1m 80/183[0m [32m========[0m[37m============[0m [1m8:58[0m 5s/step - accuracy: 0.0104 - loss: 5.2432
[1m 81/183[0m [32m========[0m[37m============[0m [1m8:46[0m 5s/step - accuracy: 0.0102 - loss: 5.2423
[1m 83/183[0m [32m=========[0m[37m===========[0m [1m8:23[0m 5s/step - accuracy: 0.0100 - loss: 5.2396
[1m 84/183[0m [32m=========[0m[37m===========[0m [1m8:12[0m 5s/step - accuracy: 0.0100 - loss: 5.2384
[1m 85/183[0m [32m=========[0m[37m===========[0m [1m8:02[0m 5s/step - accuracy: 0.0103 - loss: 5.2357
[1m 87/183[0m [32m=========[0m[37m===========[0m [1m7:41[0m 5s/step - accuracy: 0.0106 - loss: 5.2323
[1m 88/183[0m [32m=========[0m[37m===========[0m [1m7:31[0m 5s/step - accuracy: 0.0107 - loss: 5.2304
[1m 89/183[0m [32m=========[0m[37m===========[0m [1m7:21[0m 5s/step - accuracy: 0.0105 - loss: 5.2291
[1m 90/183[0m [32m=========[0m[37m===========[0m [1m7:12[0m 5s/step - accuracy: 0.0106 - loss: 5.2266
[1m 91/183[0m [32m=========[0m[37m===========[0m [1m7:02[0m 5s/step - accuracy: 0.0106 - loss: 5.2251
[1m 92/183[0m [32m==========[0m[37m==========[0m [1m6:53[0m 5s/step - accuracy: 0.0105 - loss: 5.2236
[1m 93/183[0m [32m==========[0m[37m==========[0m [1m6:44[0m 4s/step - accuracy: 0.0104 - loss: 5.2224
[1m 94/183[0m [32m==========[0m[37m==========[0m [1m6:35[0m 4s/step - accuracy: 0.0103 - loss: 5.2219
[1m 95/183[0m [32m==========[0m[37m==========[0m [1m6:27[0m 4s/step - accuracy: 0.0105 - loss: 5.2208
[1m 96/183[0m [32m==========[0m[37m==========[0m [1m6:18[0m 4s/step - accuracy: 0.0104 - loss: 5.2197
[1m 97/183[0m [32m==========[0m[37m==========[0m [1m6:10[0m 4s/step - accuracy: 0.0103 - loss: 5.2176
[1m 98/183[0m [32m==========[0m[37m==========[0m [1m6:02[0m 4s/step - accuracy: 0.0102 - loss: 5.2157
[1m 99/183[0m [32m==========[0m[37m==========[0m [1m5:54[0m 4s/step - accuracy: 0.0101 - loss: 5.2139
[1m100/183[0m [32m==========[0m[37m==========[0m [1m5:47[0m 4s/step - accuracy: 0.0102 - loss: 5.2123
[1m101/183[0m [32m===========[0m[37m=========[0m [1m5:39[0m 4s/step - accuracy: 0.0102 - loss: 5.2101
[1m102/183[0m [32m===========[0m[37m=========[0m [1m5:32[0m 4s/step - accuracy: 0.0103 - loss: 5.2080
[1m103/183[0m [32m===========[0m[37m=========[0m [1m5:24[0m 4s/step - accuracy: 0.0103 - loss: 5.2060
[1m104/183[0m [32m===========[0m[37m=========[0m [1m5:17[0m 4s/step - accuracy: 0.0102 - loss: 5.2047
[1m105/183[0m [32m===========[0m[37m=========[0m [1m5:10[0m 4s/step - accuracy: 0.0101 - loss: 5.2036
[1m106/183[0m [32m===========[0m[37m=========[0m [1m5:03[0m 4s/step - accuracy: 0.0100 - loss: 5.2027
[1m107/183[0m [32m===========[0m[37m=========[0m [1m4:57[0m 4s/step - accuracy: 0.0101 - loss: 5.2009
[1m108/183[0m [32m===========[0m[37m=========[0m [1m4:50[0m 4s/step - accuracy: 0.0103 - loss: 5.1996
[1m109/183[0m [32m===========[0m[37m=========[0m [1m4:44[0m 4s/step - accuracy: 0.0102 - loss: 5.1971
[1m110/183[0m [32m============[0m[37m========[0m [1m4:38[0m 4s/step - accuracy: 0.0104 - loss: 5.1948
[1m111/183[0m [32m============[0m[37m========[0m [1m4:32[0m 4s/step - accuracy: 0.0103 - loss: 5.1936
[1m112/183[0m [32m============[0m[37m========[0m [1m4:25[0m 4s/step - accuracy: 0.0102 - loss: 5.1927
[1m113/183[0m [32m============[0m[37m========[0m [1m4:19[0m 4s/step - accuracy: 0.0102 - loss: 5.1907
[1m114/183[0m [32m============[0m[37m========[0m [1m4:13[0m 4s/step - accuracy: 0.0104 - loss: 5.1880
[1m115/183[0m [32m============[0m[37m========[0m [1m4:08[0m 4s/step - accuracy: 0.0103 - loss: 5.1857
[1m116/183[0m [32m============[0m[37m========[0m [1m4:02[0m 4s/step - accuracy: 0.0104 - loss: 5.1843
[1m117/183[0m [32m============[0m[37m========[0m [1m3:56[0m 4s/step - accuracy: 0.0106 - loss: 5.1826
[1m118/183[0m [32m============[0m[37m========[0m [1m3:51[0m 4s/step - accuracy: 0.0105 - loss: 5.1812
[1m119/183[0m [32m=============[0m[37m=======[0m [1m3:45[0m 4s/step - accuracy: 0.0105 - loss: 5.1788
[1m120/183[0m [32m=============[0m[37m=======[0m [1m3:40[0m 3s/step - accuracy: 0.0104 - loss: 5.1768
[1m121/183[0m [32m=============[0m[37m=======[0m [1m3:35[0m 3s/step - accuracy: 0.0107 - loss: 5.1750
[1m122/183[0m [32m=============[0m[37m=======[0m [1m3:29[0m 3s/step - accuracy: 0.0108 - loss: 5.1738
[1m123/183[0m [32m=============[0m[37m=======[0m [1m3:24[0m 3s/step - accuracy: 0.0109 - loss: 5.1721
[1m124/183[0m [32m=============[0m[37m=======[0m [1m3:19[0m 3s/step - accuracy: 0.0110 - loss: 5.1707
[1m125/183[0m [32m=============[0m[37m=======[0m [1m3:15[0m 3s/step - accuracy: 0.0110 - loss: 5.1681
[1m126/183[0m [32m=============[0m[37m=======[0m [1m3:10[0m 3s/step - accuracy: 0.0110 - loss: 5.1663
[1m127/183[0m [32m=============[0m[37m=======[0m [1m3:05[0m 3s/step - accuracy: 0.0111 - loss: 5.1650
[1m128/183[0m [32m=============[0m[37m=======[0m [1m3:00[0m 3s/step - accuracy: 0.0110 - loss: 5.1636
[1m129/183[0m [32m==============[0m[37m======[0m [1m2:56[0m 3s/step - accuracy: 0.0110 - loss: 5.1619
[1m130/183[0m [32m==============[0m[37m======[0m [1m2:51[0m 3s/step - accuracy: 0.0109 - loss: 5.1604
[1m131/183[0m [32m==============[0m[37m======[0m [1m2:47[0m 3s/step - accuracy: 0.0110 - loss: 5.1587
[1m132/183[0m [32m==============[0m[37m======[0m [1m2:42[0m 3s/step - accuracy: 0.0111 - loss: 5.1564
[1m133/183[0m [32m==============[0m[37m======[0m [1m2:38[0m 3s/step - accuracy: 0.0110 - loss: 5.1544
[1m134/183[0m [32m==============[0m[37m======[0m [1m2:34[0m 3s/step - accuracy: 0.0112 - loss: 5.1529
[1m135/183[0m [32m==============[0m[37m======[0m [1m2:29[0m 3s/step - accuracy: 0.0112 - loss: 5.1518
[1m136/183[0m [32m==============[0m[37m======[0m [1m2:25[0m 3s/step - accuracy: 0.0114 - loss: 5.1508
[1m137/183[0m [32m==============[0m[37m======[0m [1m2:21[0m 3s/step - accuracy: 0.0113 - loss: 5.1485
[1m138/183[0m [32m===============[0m[37m=====[0m [1m2:17[0m 3s/step - accuracy: 0.0113 - loss: 5.1464
[1m139/183[0m [32m===============[0m[37m=====[0m [1m2:13[0m 3s/step - accuracy: 0.0112 - loss: 5.1446
[1m140/183[0m [32m===============[0m[37m=====[0m [1m2:09[0m 3s/step - accuracy: 0.0112 - loss: 5.1427
[1m141/183[0m [32m===============[0m[37m=====[0m [1m2:05[0m 3s/step - accuracy: 0.0112 - loss: 5.1406
[1m142/183[0m [32m===============[0m[37m=====[0m [1m2:01[0m 3s/step - accuracy: 0.0111 - loss: 5.1389
[1m143/183[0m [32m===============[0m[37m=====[0m [1m1:58[0m 3s/step - accuracy: 0.0113 - loss: 5.1371
[1m144/183[0m [32m===============[0m[37m=====[0m [1m1:54[0m 3s/step - accuracy: 0.0114 - loss: 5.1354
[1m145/183[0m [32m===============[0m[37m=====[0m [1m1:50[0m 3s/step - accuracy: 0.0115 - loss: 5.1333
[1m146/183[0m [32m===============[0m[37m=====[0m [1m1:47[0m 3s/step - accuracy: 0.0117 - loss: 5.1312
[1m147/183[0m [32m================[0m[37m====[0m [1m1:43[0m 3s/step - accuracy: 0.0116 - loss: 5.1296
[1m148/183[0m [32m================[0m[37m====[0m [1m1:39[0m 3s/step - accuracy: 0.0115 - loss: 5.1290
[1m149/183[0m [32m================[0m[37m====[0m [1m1:36[0m 3s/step - accuracy: 0.0115 - loss: 5.1264
[1m150/183[0m [32m================[0m[37m====[0m [1m1:32[0m 3s/step - accuracy: 0.0115 - loss: 5.1240
[1m151/183[0m [32m================[0m[37m====[0m [1m1:29[0m 3s/step - accuracy: 0.0114 - loss: 5.1229
[1m152/183[0m [32m================[0m[37m====[0m [1m1:26[0m 3s/step - accuracy: 0.0114 - loss: 5.1220
[1m153/183[0m [32m================[0m[37m====[0m [1m1:22[0m 3s/step - accuracy: 0.0114 - loss: 5.1204
[1m154/183[0m [32m================[0m[37m====[0m [1m1:19[0m 3s/step - accuracy: 0.0118 - loss: 5.1186
[1m155/183[0m [32m================[0m[37m====[0m [1m1:16[0m 3s/step - accuracy: 0.0118 - loss: 5.1169
[1m156/183[0m [32m=================[0m[37m===[0m [1m1:13[0m 3s/step - accuracy: 0.0118 - loss: 5.1154
[1m158/183[0m [32m=================[0m[37m===[0m [1m1:06[0m 3s/step - accuracy: 0.0118 - loss: 5.1124
[1m159/183[0m [32m=================[0m[37m===[0m [1m1:03[0m 3s/step - accuracy: 0.0118 - loss: 5.1103
[1m160/183[0m [32m=================[0m[37m===[0m [1m1:00[0m 3s/step - accuracy: 0.0117 - loss: 5.1089
[1m161/183[0m [32m=================[0m[37m===[0m [1m57s[0m 3s/step - accuracy: 0.0117 - loss: 5.1074 
[1m162/183[0m [32m=================[0m[37m===[0m [1m54s[0m 3s/step - accuracy: 0.0117 - loss: 5.1062
[1m163/183[0m [32m=================[0m[37m===[0m [1m51s[0m 3s/step - accuracy: 0.0118 - loss: 5.1039
[1m164/183[0m [32m=================[0m[37m===[0m [1m49s[0m 3s/step - accuracy: 0.0119 - loss: 5.1025
[1m165/183[0m [32m==================[0m[37m==[0m [1m46s[0m 3s/step - accuracy: 0.0118 - loss: 5.1018
[1m166/183[0m [32m==================[0m[37m==[0m [1m43s[0m 3s/step - accuracy: 0.0120 - loss: 5.1001
[1m167/183[0m [32m==================[0m[37m==[0m [1m40s[0m 3s/step - accuracy: 0.0119 - loss: 5.0976
[1m168/183[0m [32m==================[0m[37m==[0m [1m37s[0m 3s/step - accuracy: 0.0119 - loss: 5.0956
[1m169/183[0m [32m==================[0m[37m==[0m [1m35s[0m 3s/step - accuracy: 0.0118 - loss: 5.0942
[1m170/183[0m [32m==================[0m[37m==[0m [1m32s[0m 2s/step - accuracy: 0.0118 - loss: 5.0940
[1m171/183[0m [32m==================[0m[37m==[0m [1m29s[0m 2s/step - accuracy: 0.0117 - loss: 5.0929
[1m172/183[0m [32m==================[0m[37m==[0m [1m27s[0m 2s/step - accuracy: 0.0116 - loss: 5.0922
[1m173/183[0m [32m==================[0m[37m==[0m [1m24s[0m 2s/step - accuracy: 0.0116 - loss: 5.0910
[1m174/183[0m [32m===================[0m[37m=[0m [1m21s[0m 2s/step - accuracy: 0.0117 - loss: 5.0903
[1m175/183[0m [32m===================[0m[37m=[0m [1m19s[0m 2s/step - accuracy: 0.0116 - loss: 5.0891
[1m176/183[0m [32m===================[0m[37m=[0m [1m16s[0m 2s/step - accuracy: 0.0116 - loss: 5.0881
[1m177/183[0m [32m===================[0m[37m=[0m [1m14s[0m 2s/step - accuracy: 0.0118 - loss: 5.0864
[1m179/183[0m [32m===================[0m[37m=[0m [1m9s[0m 2s/step - accuracy: 0.0119 - loss: 5.0842 
[1m180/183[0m [32m===================[0m[37m=[0m [1m7s[0m 2s/step - accuracy: 0.0118 - loss: 5.0830
[1m181/183[0m [32m===================[0m[37m=[0m [1m4s[0m 2s/step - accuracy: 0.0117 - loss: 5.0812
[1m182/183[0m [32m===================[0m[37m=[0m [1m2s[0m 2s/step - accuracy: 0.0118 - loss: 5.0803
[1m183/183[0m [32m====================[0m[37m[0m [1m430s[0m 2s/step - accuracy: 0.0118 - loss: 5.0798 - val_accuracy: 0.0123 - val_loss: 4.8485 - learning_rate: 0.0010
Epoch 2/15

[1m  1/183[0m [37m====================[0m [1m17s[0m 98ms/step - accuracy: 0.0312 - loss: 4.6871
[1m  2/183[0m [37m====================[0m [1m13s[0m 76ms/step - accuracy: 0.0391 - loss: 4.7251
[1m  3/183[0m [37m====================[0m [1m14s[0m 80ms/step - accuracy: 0.0417 - loss: 4.6769
[1m  4/183[0m [37m====================[0m [1m14s[0m 79ms/step - accuracy: 0.0352 - loss: 4.6953
[1m  5/183[0m [37m====================[0m [1m14s[0m 79ms/step - accuracy: 0.0344 - loss: 4.7344
[1m  6/183[0m [37m====================[0m [1m14s[0m 81ms/step - accuracy: 0.0286 - loss: 4.7431
[1m  7/183[0m [37m====================[0m [1m14s[0m 82ms/step - accuracy: 0.0268 - loss: 4.7393
[1m  8/183[0m [37m====================[0m [1m14s[0m 84ms/step - accuracy: 0.0254 - loss: 4.7417
[1m  9/183[0m [37m====================[0m [1m14s[0m 83ms/step - accuracy: 0.0260 - loss: 4.7490
[1m 10/183[0m [32m=[0m[37m===================[0m [1m14s[0m 82ms/step - accuracy: 0.0234 - loss: 4.7568
[1m 11/183[0m [32m=[0m[37m===================[0m [1m14s[0m 81ms/step - accuracy: 0.0227 - loss: 4.7663
[1m 12/183[0m [32m=[0m[37m===================[0m [1m13s[0m 79ms/step - accuracy: 0.0234 - loss: 4.7640
[1m 13/183[0m [32m=[0m[37m===================[0m [1m13s[0m 77ms/step - accuracy: 0.0240 - loss: 4.7731
[1m 14/183[0m [32m=[0m[37m===================[0m [1m12s[0m 76ms/step - accuracy: 0.0246 - loss: 4.7799
[1m 15/183[0m [32m=[0m[37m===================[0m [1m12s[0m 75ms/step - accuracy: 0.0240 - loss: 4.7839
[1m 16/183[0m [32m=[0m[37m===================[0m [1m12s[0m 75ms/step - accuracy: 0.0225 - loss: 4.7751
[1m 17/183[0m [32m=[0m[37m===================[0m [1m12s[0m 75ms/step - accuracy: 0.0230 - loss: 4.7703
[1m 18/183[0m [32m=[0m[37m===================[0m [1m12s[0m 75ms/step - accuracy: 0.0234 - loss: 4.7653
[1m 19/183[0m [32m==[0m[37m==================[0m [1m12s[0m 75ms/step - accuracy: 0.0238 - loss: 4.7636
[1m 20/183[0m [32m==[0m[37m==================[0m [1m12s[0m 76ms/step - accuracy: 0.0242 - loss: 4.7696
[1m 21/183[0m [32m==[0m[37m==================[0m [1m12s[0m 76ms/step - accuracy: 0.0231 - loss: 4.7685
[1m 22/183[0m [32m==[0m[37m==================[0m [1m12s[0m 76ms/step - accuracy: 0.0227 - loss: 4.7679
[1m 23/183[0m [32m==[0m[37m==================[0m [1m12s[0m 76ms/step - accuracy: 0.0217 - loss: 4.7760
[1m 24/183[0m [32m==[0m[37m==================[0m [1m12s[0m 77ms/step - accuracy: 0.0208 - loss: 4.7716
[1m 25/183[0m [32m==[0m[37m==================[0m [1m12s[0m 77ms/step - accuracy: 0.0200 - loss: 4.7739
[1m 26/183[0m [32m==[0m[37m==================[0m [1m12s[0m 77ms/step - accuracy: 0.0198 - loss: 4.7719
[1m 27/183[0m [32m==[0m[37m==================[0m [1m11s[0m 77ms/step - accuracy: 0.0197 - loss: 4.7655
[1m 29/183[0m [32m===[0m[37m=================[0m [1m11s[0m 75ms/step - accuracy: 0.0189 - loss: 4.7635
[1m 30/183[0m [32m===[0m[37m=================[0m [1m11s[0m 75ms/step - accuracy: 0.0188 - loss: 4.7593
[1m 31/183[0m [32m===[0m[37m=================[0m [1m11s[0m 74ms/step - accuracy: 0.0186 - loss: 4.7577
[1m 32/183[0m [32m===[0m[37m=================[0m [1m11s[0m 75ms/step - accuracy: 0.0195 - loss: 4.7520
[1m 33/183[0m [32m===[0m[37m=================[0m [1m11s[0m 75ms/step - accuracy: 0.0199 - loss: 4.7506
[1m 34/183[0m [32m===[0m[37m=================[0m [1m11s[0m 75ms/step - accuracy: 0.0198 - loss: 4.7504
[1m 35/183[0m [32m===[0m[37m=================[0m [1m11s[0m 75ms/step - accuracy: 0.0192 - loss: 4.7506
[1m 36/183[0m [32m===[0m[37m=================[0m [1m11s[0m 75ms/step - accuracy: 0.0187 - loss: 4.7471
[1m 37/183[0m [32m====[0m[37m================[0m [1m10s[0m 75ms/step - accuracy: 0.0186 - loss: 4.7440
[1m 38/183[0m [32m====[0m[37m================[0m [1m10s[0m 75ms/step - accuracy: 0.0185 - loss: 4.7454
[1m 39/183[0m [32m====[0m[37m================[0m [1m10s[0m 74ms/step - accuracy: 0.0184 - loss: 4.7415
[1m 40/183[0m [32m====[0m[37m================[0m [1m10s[0m 74ms/step - accuracy: 0.0199 - loss: 4.7385
[1m 41/183[0m [32m====[0m[37m================[0m [1m10s[0m 74ms/step - accuracy: 0.0206 - loss: 4.7399
[1m 42/183[0m [32m====[0m[37m================[0m [1m10s[0m 74ms/step - accuracy: 0.0208 - loss: 4.7392
[1m 43/183[0m [32m====[0m[37m================[0m [1m10s[0m 74ms/step - accuracy: 0.0207 - loss: 4.7394
[1m 44/183[0m [32m====[0m[37m================[0m [1m10s[0m 74ms/step - accuracy: 0.0202 - loss: 4.7401
[1m 45/183[0m [32m====[0m[37m================[0m [1m10s[0m 74ms/step - accuracy: 0.0198 - loss: 4.7429
[1m 46/183[0m [32m=====[0m[37m===============[0m [1m10s[0m 74ms/step - accuracy: 0.0197 - loss: 4.7446
[1m 47/183[0m [32m=====[0m[37m===============[0m [1m10s[0m 75ms/step - accuracy: 0.0196 - loss: 4.7432
[1m 48/183[0m [32m=====[0m[37m===============[0m [1m10s[0m 75ms/step - accuracy: 0.0192 - loss: 4.7440
[1m 49/183[0m [32m=====[0m[37m===============[0m [1m10s[0m 75ms/step - accuracy: 0.0195 - loss: 4.7453
[1m 50/183[0m [32m=====[0m[37m===============[0m [1m9s[0m 75ms/step - accuracy: 0.0197 - loss: 4.7446 
[1m 51/183[0m [32m=====[0m[37m===============[0m [1m9s[0m 75ms/step - accuracy: 0.0196 - loss: 4.7444
[1m 52/183[0m [32m=====[0m[37m===============[0m [1m9s[0m 75ms/step - accuracy: 0.0201 - loss: 4.7446
[1m 53/183[0m [32m=====[0m[37m===============[0m [1m9s[0m 74ms/step - accuracy: 0.0206 - loss: 4.7433
[1m 54/183[0m [32m=====[0m[37m===============[0m [1m9s[0m 75ms/step - accuracy: 0.0203 - loss: 4.7413
[1m 55/183[0m [32m======[0m[37m==============[0m [1m9s[0m 75ms/step - accuracy: 0.0205 - loss: 4.7423
[1m 56/183[0m [32m======[0m[37m==============[0m [1m9s[0m 75ms/step - accuracy: 0.0204 - loss: 4.7427
[1m 57/183[0m [32m======[0m[37m==============[0m [1m9s[0m 75ms/step - accuracy: 0.0200 - loss: 4.7427
[1m 58/183[0m [32m======[0m[37m==============[0m [1m9s[0m 75ms/step - accuracy: 0.0202 - loss: 4.7424
[1m 59/183[0m [32m======[0m[37m==============[0m [1m9s[0m 75ms/step - accuracy: 0.0204 - loss: 4.7405
[1m 60/183[0m [32m======[0m[37m==============[0m [1m9s[0m 75ms/step - accuracy: 0.0201 - loss: 4.7420
[1m 61/183[0m [32m======[0m[37m==============[0m [1m9s[0m 76ms/step - accuracy: 0.0200 - loss: 4.7400
[1m 62/183[0m [32m======[0m[37m==============[0m [1m9s[0m 76ms/step - accuracy: 0.0202 - loss: 4.7383
[1m 63/183[0m [32m======[0m[37m==============[0m [1m9s[0m 76ms/step - accuracy: 0.0203 - loss: 4.7365
[1m 64/183[0m [32m======[0m[37m==============[0m [1m9s[0m 76ms/step - accuracy: 0.0203 - loss: 4.7350
[1m 65/183[0m [32m=======[0m[37m=============[0m [1m8s[0m 76ms/step - accuracy: 0.0202 - loss: 4.7337
[1m 66/183[0m [32m=======[0m[37m=============[0m [1m8s[0m 76ms/step - accuracy: 0.0204 - loss: 4.7334
[1m 67/183[0m [32m=======[0m[37m=============[0m [1m8s[0m 77ms/step - accuracy: 0.0212 - loss: 4.7304
[1m 68/183[0m [32m=======[0m[37m=============[0m [1m8s[0m 77ms/step - accuracy: 0.0218 - loss: 4.7282
[1m 69/183[0m [32m=======[0m[37m=============[0m [1m8s[0m 77ms/step - accuracy: 0.0220 - loss: 4.7257
[1m 70/183[0m [32m=======[0m[37m=============[0m [1m8s[0m 78ms/step - accuracy: 0.0223 - loss: 4.7236
[1m 71/183[0m [32m=======[0m[37m=============[0m [1m8s[0m 78ms/step - accuracy: 0.0222 - loss: 4.7213
[1m 72/183[0m [32m=======[0m[37m=============[0m [1m8s[0m 78ms/step - accuracy: 0.0219 - loss: 4.7215
[1m 73/183[0m [32m=======[0m[37m=============[0m [1m8s[0m 78ms/step - accuracy: 0.0220 - loss: 4.7213
[1m 74/183[0m [32m========[0m[37m============[0m [1m8s[0m 79ms/step - accuracy: 0.0222 - loss: 4.7201
[1m 75/183[0m [32m========[0m[37m============[0m [1m8s[0m 79ms/step - accuracy: 0.0233 - loss: 4.7175
[1m 76/183[0m [32m========[0m[37m============[0m [1m8s[0m 80ms/step - accuracy: 0.0230 - loss: 4.7167
[1m 77/183[0m [32m========[0m[37m============[0m [1m8s[0m 80ms/step - accuracy: 0.0227 - loss: 4.7145
[1m 78/183[0m [32m========[0m[37m============[0m [1m8s[0m 80ms/step - accuracy: 0.0224 - loss: 4.7153
[1m 79/183[0m [32m========[0m[37m============[0m [1m8s[0m 81ms/step - accuracy: 0.0222 - loss: 4.7152
[1m 80/183[0m [32m========[0m[37m============[0m [1m8s[0m 81ms/step - accuracy: 0.0221 - loss: 4.7157
[1m 81/183[0m [32m========[0m[37m============[0m [1m8s[0m 82ms/step - accuracy: 0.0222 - loss: 4.7145
[1m 82/183[0m [32m========[0m[37m============[0m [1m8s[0m 82ms/step - accuracy: 0.0221 - loss: 4.7118
[1m 83/183[0m [32m=========[0m[37m===========[0m [1m8s[0m 82ms/step - accuracy: 0.0220 - loss: 4.7123
[1m 84/183[0m [32m=========[0m[37m===========[0m [1m8s[0m 83ms/step - accuracy: 0.0219 - loss: 4.7110
[1m 85/183[0m [32m=========[0m[37m===========[0m [1m8s[0m 83ms/step - accuracy: 0.0222 - loss: 4.7091
[1m 86/183[0m [32m=========[0m[37m===========[0m [1m8s[0m 83ms/step - accuracy: 0.0222 - loss: 4.7091
[1m 87/183[0m [32m=========[0m[37m===========[0m [1m8s[0m 83ms/step - accuracy: 0.0223 - loss: 4.7083
[1m 88/183[0m [32m=========[0m[37m===========[0m [1m7s[0m 84ms/step - accuracy: 0.0222 - loss: 4.7083
[1m 89/183[0m [32m=========[0m[37m===========[0m [1m7s[0m 84ms/step - accuracy: 0.0228 - loss: 4.7064
[1m 90/183[0m [32m=========[0m[37m===========[0m [1m7s[0m 84ms/step - accuracy: 0.0226 - loss: 4.7052
[1m 91/183[0m [32m=========[0m[37m===========[0m [1m7s[0m 84ms/step - accuracy: 0.0223 - loss: 4.7061
[1m 92/183[0m [32m==========[0m[37m==========[0m [1m7s[0m 85ms/step - accuracy: 0.0224 - loss: 4.7045
[1m 93/183[0m [32m==========[0m[37m==========[0m [1m7s[0m 85ms/step - accuracy: 0.0223 - loss: 4.7039
[1m 94/183[0m [32m==========[0m[37m==========[0m [1m7s[0m 85ms/step - accuracy: 0.0224 - loss: 4.7020
[1m 95/183[0m [32m==========[0m[37m==========[0m [1m7s[0m 85ms/step - accuracy: 0.0229 - loss: 4.7003
[1m 96/183[0m [32m==========[0m[37m==========[0m [1m7s[0m 85ms/step - accuracy: 0.0233 - loss: 4.6993
[1m 97/183[0m [32m==========[0m[37m==========[0m [1m7s[0m 86ms/step - accuracy: 0.0235 - loss: 4.6997
[1m 98/183[0m [32m==========[0m[37m==========[0m [1m7s[0m 86ms/step - accuracy: 0.0234 - loss: 4.6986
[1m 99/183[0m [32m==========[0m[37m==========[0m [1m7s[0m 86ms/step - accuracy: 0.0232 - loss: 4.6967
[1m100/183[0m [32m==========[0m[37m==========[0m [1m7s[0m 86ms/step - accuracy: 0.0233 - loss: 4.6964
[1m101/183[0m [32m===========[0m[37m=========[0m [1m7s[0m 87ms/step - accuracy: 0.0232 - loss: 4.6963
[1m102/183[0m [32m===========[0m[37m=========[0m [1m7s[0m 87ms/step - accuracy: 0.0234 - loss: 4.6955
[1m103/183[0m [32m===========[0m[37m=========[0m [1m6s[0m 87ms/step - accuracy: 0.0235 - loss: 4.6946
[1m104/183[0m [32m===========[0m[37m=========[0m [1m6s[0m 87ms/step - accuracy: 0.0233 - loss: 4.6945
[1m105/183[0m [32m===========[0m[37m=========[0m [1m6s[0m 88ms/step - accuracy: 0.0231 - loss: 4.6935
[1m106/183[0m [32m===========[0m[37m=========[0m [1m6s[0m 88ms/step - accuracy: 0.0236 - loss: 4.6911
[1m107/183[0m [32m===========[0m[37m=========[0m [1m6s[0m 88ms/step - accuracy: 0.0238 - loss: 4.6902
[1m108/183[0m [32m===========[0m[37m=========[0m [1m6s[0m 88ms/step - accuracy: 0.0239 - loss: 4.6890
[1m109/183[0m [32m===========[0m[37m=========[0m [1m6s[0m 88ms/step - accuracy: 0.0239 - loss: 4.6882
[1m110/183[0m [32m============[0m[37m========[0m [1m6s[0m 89ms/step - accuracy: 0.0239 - loss: 4.6874
[1m111/183[0m [32m============[0m[37m========[0m [1m6s[0m 89ms/step - accuracy: 0.0239 - loss: 4.6855
[1m112/183[0m [32m============[0m[37m========[0m [1m6s[0m 89ms/step - accuracy: 0.0240 - loss: 4.6836
[1m113/183[0m [32m============[0m[37m========[0m [1m6s[0m 89ms/step - accuracy: 0.0241 - loss: 4.6841
[1m114/183[0m [32m============[0m[37m========[0m [1m6s[0m 89ms/step - accuracy: 0.0240 - loss: 4.6830
[1m115/183[0m [32m============[0m[37m========[0m [1m6s[0m 90ms/step - accuracy: 0.0238 - loss: 4.6809
[1m116/183[0m [32m============[0m[37m========[0m [1m6s[0m 90ms/step - accuracy: 0.0237 - loss: 4.6794
[1m117/183[0m [32m============[0m[37m========[0m [1m5s[0m 90ms/step - accuracy: 0.0236 - loss: 4.6789
[1m118/183[0m [32m============[0m[37m========[0m [1m5s[0m 90ms/step - accuracy: 0.0238 - loss: 4.6770
[1m119/183[0m [32m=============[0m[37m=======[0m [1m5s[0m 90ms/step - accuracy: 0.0239 - loss: 4.6777
[1m120/183[0m [32m=============[0m[37m=======[0m [1m5s[0m 91ms/step - accuracy: 0.0240 - loss: 4.6756
[1m121/183[0m [32m=============[0m[37m=======[0m [1m5s[0m 91ms/step - accuracy: 0.0240 - loss: 4.6752
[1m122/183[0m [32m=============[0m[37m=======[0m [1m5s[0m 91ms/step - accuracy: 0.0241 - loss: 4.6748
[1m123/183[0m [32m=============[0m[37m=======[0m [1m5s[0m 91ms/step - accuracy: 0.0240 - loss: 4.6737
[1m124/183[0m [32m=============[0m[37m=======[0m [1m5s[0m 91ms/step - accuracy: 0.0241 - loss: 4.6733
[1m125/183[0m [32m=============[0m[37m=======[0m [1m5s[0m 92ms/step - accuracy: 0.0245 - loss: 4.6715
[1m126/183[0m [32m=============[0m[37m=======[0m [1m5s[0m 92ms/step - accuracy: 0.0243 - loss: 4.6716
[1m127/183[0m [32m=============[0m[37m=======[0m [1m5s[0m 92ms/step - accuracy: 0.0242 - loss: 4.6719
[1m128/183[0m [32m=============[0m[37m=======[0m [1m5s[0m 92ms/step - accuracy: 0.0244 - loss: 4.6715
[1m129/183[0m [32m==============[0m[37m======[0m [1m5s[0m 93ms/step - accuracy: 0.0243 - loss: 4.6708
[1m130/183[0m [32m==============[0m[37m======[0m [1m4s[0m 93ms/step - accuracy: 0.0245 - loss: 4.6699
[1m131/183[0m [32m==============[0m[37m======[0m [1m4s[0m 93ms/step - accuracy: 0.0245 - loss: 4.6681
[1m132/183[0m [32m==============[0m[37m======[0m [1m4s[0m 93ms/step - accuracy: 0.0245 - loss: 4.6674
[1m133/183[0m [32m==============[0m[37m======[0m [1m4s[0m 94ms/step - accuracy: 0.0246 - loss: 4.6660
[1m134/183[0m [32m==============[0m[37m======[0m [1m4s[0m 94ms/step - accuracy: 0.0246 - loss: 4.6644
[1m135/183[0m [32m==============[0m[37m======[0m [1m4s[0m 94ms/step - accuracy: 0.0252 - loss: 4.6630
[1m136/183[0m [32m==============[0m[37m======[0m [1m4s[0m 94ms/step - accuracy: 0.0252 - loss: 4.6625
[1m137/183[0m [32m==============[0m[37m======[0m [1m4s[0m 94ms/step - accuracy: 0.0252 - loss: 4.6622
[1m138/183[0m [32m===============[0m[37m=====[0m [1m4s[0m 94ms/step - accuracy: 0.0252 - loss: 4.6617
[1m139/183[0m [32m===============[0m[37m=====[0m [1m4s[0m 95ms/step - accuracy: 0.0252 - loss: 4.6610
[1m140/183[0m [32m===============[0m[37m=====[0m [1m4s[0m 95ms/step - accuracy: 0.0251 - loss: 4.6596
[1m141/183[0m [32m===============[0m[37m=====[0m [1m3s[0m 95ms/step - accuracy: 0.0252 - loss: 4.6592
[1m142/183[0m [32m===============[0m[37m=====[0m [1m3s[0m 95ms/step - accuracy: 0.0251 - loss: 4.6578
[1m143/183[0m [32m===============[0m[37m=====[0m [1m3s[0m 95ms/step - accuracy: 0.0249 - loss: 4.6566
[1m144/183[0m [32m===============[0m[37m=====[0m [1m3s[0m 95ms/step - accuracy: 0.0247 - loss: 4.6561
[1m145/183[0m [32m===============[0m[37m=====[0m [1m3s[0m 95ms/step - accuracy: 0.0247 - loss: 4.6557
[1m146/183[0m [32m===============[0m[37m=====[0m [1m3s[0m 96ms/step - accuracy: 0.0246 - loss: 4.6540
[1m147/183[0m [32m================[0m[37m====[0m [1m3s[0m 96ms/step - accuracy: 0.0248 - loss: 4.6522
[1m148/183[0m [32m================[0m[37m====[0m [1m3s[0m 96ms/step - accuracy: 0.0249 - loss: 4.6520
[1m149/183[0m [32m================[0m[37m====[0m [1m3s[0m 96ms/step - accuracy: 0.0249 - loss: 4.6514
[1m150/183[0m [32m================[0m[37m====[0m [1m3s[0m 96ms/step - accuracy: 0.0249 - loss: 4.6514
[1m151/183[0m [32m================[0m[37m====[0m [1m3s[0m 96ms/step - accuracy: 0.0247 - loss: 4.6510
[1m152/183[0m [32m================[0m[37m====[0m [1m2s[0m 96ms/step - accuracy: 0.0248 - loss: 4.6501
[1m153/183[0m [32m================[0m[37m====[0m [1m2s[0m 96ms/step - accuracy: 0.0247 - loss: 4.6491
[1m154/183[0m [32m================[0m[37m====[0m [1m2s[0m 96ms/step - accuracy: 0.0247 - loss: 4.6491
[1m155/183[0m [32m================[0m[37m====[0m [1m2s[0m 96ms/step - accuracy: 0.0246 - loss: 4.6484
[1m156/183[0m [32m=================[0m[37m===[0m [1m2s[0m 96ms/step - accuracy: 0.0246 - loss: 4.6483
[1m157/183[0m [32m=================[0m[37m===[0m [1m2s[0m 96ms/step - accuracy: 0.0249 - loss: 4.6476
[1m158/183[0m [32m=================[0m[37m===[0m [1m2s[0m 96ms/step - accuracy: 0.0249 - loss: 4.6459
[1m159/183[0m [32m=================[0m[37m===[0m [1m2s[0m 96ms/step - accuracy: 0.0252 - loss: 4.6444
[1m160/183[0m [32m=================[0m[37m===[0m [1m2s[0m 96ms/step - accuracy: 0.0251 - loss: 4.6438
[1m161/183[0m [32m=================[0m[37m===[0m [1m2s[0m 96ms/step - accuracy: 0.0252 - loss: 4.6425
[1m162/183[0m [32m=================[0m[37m===[0m [1m2s[0m 97ms/step - accuracy: 0.0253 - loss: 4.6412
[1m163/183[0m [32m=================[0m[37m===[0m [1m1s[0m 97ms/step - accuracy: 0.0255 - loss: 4.6398
[1m164/183[0m [32m=================[0m[37m===[0m [1m1s[0m 97ms/step - accuracy: 0.0260 - loss: 4.6387
[1m165/183[0m [32m==================[0m[37m==[0m [1m1s[0m 97ms/step - accuracy: 0.0260 - loss: 4.6382
[1m166/183[0m [32m==================[0m[37m==[0m [1m1s[0m 97ms/step - accuracy: 0.0262 - loss: 4.6373
[1m167/183[0m [32m==================[0m[37m==[0m [1m1s[0m 97ms/step - accuracy: 0.0261 - loss: 4.6375
[1m168/183[0m [32m==================[0m[37m==[0m [1m1s[0m 97ms/step - accuracy: 0.0260 - loss: 4.6368
[1m169/183[0m [32m==================[0m[37m==[0m [1m1s[0m 97ms/step - accuracy: 0.0261 - loss: 4.6363
[1m170/183[0m [32m==================[0m[37m==[0m [1m1s[0m 97ms/step - accuracy: 0.0260 - loss: 4.6361
[1m171/183[0m [32m==================[0m[37m==[0m [1m1s[0m 97ms/step - accuracy: 0.0260 - loss: 4.6347
[1m172/183[0m [32m==================[0m[37m==[0m [1m1s[0m 97ms/step - accuracy: 0.0261 - loss: 4.6356
[1m173/183[0m [32m==================[0m[37m==[0m [1m0s[0m 97ms/step - accuracy: 0.0264 - loss: 4.6342
[1m174/183[0m [32m===================[0m[37m=[0m [1m0s[0m 98ms/step - accuracy: 0.0264 - loss: 4.6340
[1m175/183[0m [32m===================[0m[37m=[0m [1m0s[0m 97ms/step - accuracy: 0.0264 - loss: 4.6340
[1m176/183[0m [32m===================[0m[37m=[0m [1m0s[0m 97ms/step - accuracy: 0.0265 - loss: 4.6328
[1m177/183[0m [32m===================[0m[37m=[0m [1m0s[0m 97ms/step - accuracy: 0.0264 - loss: 4.6324
[1m178/183[0m [32m===================[0m[37m=[0m [1m0s[0m 97ms/step - accuracy: 0.0265 - loss: 4.6318
[1m179/183[0m [32m===================[0m[37m=[0m [1m0s[0m 97ms/step - accuracy: 0.0265 - loss: 4.6306
[1m180/183[0m [32m===================[0m[37m=[0m [1m0s[0m 97ms/step - accuracy: 0.0267 - loss: 4.6300
[1m181/183[0m [32m===================[0m[37m=[0m [1m0s[0m 98ms/step - accuracy: 0.0269 - loss: 4.6299
[1m182/183[0m [32m===================[0m[37m=[0m [1m0s[0m 98ms/step - accuracy: 0.0269 - loss: 4.6295
[1m183/183[0m [32m====================[0m[37m[0m [1m0s[0m 97ms/step - accuracy: 0.0269 - loss: 4.6289
[1m183/183[0m [32m====================[0m[37m[0m [1m20s[0m 107ms/step - accuracy: 0.0269 - loss: 4.6289 - val_accuracy: 0.0233 - val_loss: 4.5554 - learning_rate: 0.0010
Epoch 3/15

[1m  1/183[0m [37m====================[0m [1m28s[0m 155ms/step - accuracy: 0.0156 - loss: 4.4806
[1m  2/183[0m [37m====================[0m [1m19s[0m 108ms/step - accuracy: 0.0078 - loss: 4.5232
[1m  3/183[0m [37m====================[0m [1m20s[0m 112ms/step - accuracy: 0.0208 - loss: 4.4794
[1m  4/183[0m [37m====================[0m [1m18s[0m 106ms/step - accuracy: 0.0234 - loss: 4.4702
[1m  5/183[0m [37m====================[0m [1m18s[0m 106ms/step - accuracy: 0.0312 - loss: 4.4551
[1m  6/183[0m [37m====================[0m [1m19s[0m 109ms/step - accuracy: 0.0365 - loss: 4.4515
[1m  7/183[0m [37m====================[0m [1m18s[0m 104ms/step - accuracy: 0.0513 - loss: 4.4340
[1m  8/183[0m [37m====================[0m [1m18s[0m 105ms/step - accuracy: 0.0488 - loss: 4.4320
[1m  9/183[0m [37m====================[0m [1m18s[0m 104ms/step - accuracy: 0.0451 - loss: 4.4322
[1m 10/183[0m [32m=[0m[37m===================[0m [1m18s[0m 104ms/step - accuracy: 0.0437 - loss: 4.4279
[1m 11/183[0m [32m=[0m[37m===================[0m [1m18s[0m 105ms/step - accuracy: 0.0412 - loss: 4.4190
[1m 12/183[0m [32m=[0m[37m===================[0m [1m17s[0m 101ms/step - accuracy: 0.0404 - loss: 4.3895
[1m 13/183[0m [32m=[0m[37m===================[0m [1m16s[0m 98ms/step - accuracy: 0.0373 - loss: 4.3971 
[1m 14/183[0m [32m=[0m[37m===================[0m [1m15s[0m 94ms/step - accuracy: 0.0368 - loss: 4.3903
[1m 15/183[0m [32m=[0m[37m===================[0m [1m15s[0m 93ms/step - accuracy: 0.0375 - loss: 4.3831
[1m 16/183[0m [32m=[0m[37m===================[0m [1m15s[0m 93ms/step - accuracy: 0.0371 - loss: 4.3935
[1m 17/183[0m [32m=[0m[37m===================[0m [1m15s[0m 93ms/step - accuracy: 0.0358 - loss: 4.4049
[1m 18/183[0m [32m=[0m[37m===================[0m [1m15s[0m 94ms/step - accuracy: 0.0373 - loss: 4.4046
[1m 19/183[0m [32m==[0m[37m==================[0m [1m15s[0m 94ms/step - accuracy: 0.0378 - loss: 4.4116
[1m 20/183[0m [32m==[0m[37m==================[0m [1m15s[0m 93ms/step - accuracy: 0.0375 - loss: 4.4166
[1m 21/183[0m [32m==[0m[37m==================[0m [1m15s[0m 93ms/step - accuracy: 0.0387 - loss: 4.4132
[1m 22/183[0m [32m==[0m[37m==================[0m [1m15s[0m 93ms/step - accuracy: 0.0384 - loss: 4.4200
[1m 23/183[0m [32m==[0m[37m==================[0m [1m14s[0m 93ms/step - accuracy: 0.0374 - loss: 4.4284
[1m 24/183[0m [32m==[0m[37m==================[0m [1m14s[0m 93ms/step - accuracy: 0.0378 - loss: 4.4335
[1m 25/183[0m [32m==[0m[37m==================[0m [1m14s[0m 92ms/step - accuracy: 0.0362 - loss: 4.4273
[1m 26/183[0m [32m==[0m[37m==================[0m [1m14s[0m 91ms/step - accuracy: 0.0355 - loss: 4.4275
[1m 27/183[0m [32m==[0m[37m==================[0m [1m13s[0m 89ms/step - accuracy: 0.0359 - loss: 4.4285
[1m 28/183[0m [32m===[0m[37m=================[0m [1m13s[0m 88ms/step - accuracy: 0.0357 - loss: 4.4309
[1m 29/183[0m [32m===[0m[37m=================[0m [1m13s[0m 87ms/step - accuracy: 0.0356 - loss: 4.4347
[1m 30/183[0m [32m===[0m[37m=================[0m [1m13s[0m 87ms/step - accuracy: 0.0354 - loss: 4.4332
[1m 31/183[0m [32m===[0m[37m=================[0m [1m13s[0m 88ms/step - accuracy: 0.0358 - loss: 4.4358
[1m 32/183[0m [32m===[0m[37m=================[0m [1m13s[0m 88ms/step - accuracy: 0.0352 - loss: 4.4354
[1m 33/183[0m [32m===[0m[37m=================[0m [1m13s[0m 89ms/step - accuracy: 0.0346 - loss: 4.4379
[1m 34/183[0m [32m===[0m[37m=================[0m [1m13s[0m 89ms/step - accuracy: 0.0349 - loss: 4.4370
[1m 35/183[0m [32m===[0m[37m=================[0m [1m13s[0m 90ms/step - accuracy: 0.0353 - loss: 4.4362
[1m 36/183[0m [32m===[0m[37m=================[0m [1m13s[0m 90ms/step - accuracy: 0.0356 - loss: 4.4349
[1m 37/183[0m [32m====[0m[37m================[0m [1m13s[0m 90ms/step - accuracy: 0.0363 - loss: 4.4303
[1m 38/183[0m [32m====[0m[37m================[0m [1m13s[0m 90ms/step - accuracy: 0.0362 - loss: 4.4289
[1m 39/183[0m [32m====[0m[37m================[0m [1m13s[0m 91ms/step - accuracy: 0.0369 - loss: 4.4286
[1m 40/183[0m [32m====[0m[37m================[0m [1m13s[0m 91ms/step - accuracy: 0.0367 - loss: 4.4292
[1m 41/183[0m [32m====[0m[37m================[0m [1m12s[0m 91ms/step - accuracy: 0.0366 - loss: 4.4297
[1m 42/183[0m [32m====[0m[37m================[0m [1m12s[0m 91ms/step - accuracy: 0.0376 - loss: 4.4256
[1m 43/183[0m [32m====[0m[37m================[0m [1m12s[0m 91ms/step - accuracy: 0.0371 - loss: 4.4222
[1m 44/183[0m [32m====[0m[37m================[0m [1m12s[0m 91ms/step - accuracy: 0.0369 - loss: 4.4250
[1m 45/183[0m [32m====[0m[37m================[0m [1m12s[0m 92ms/step - accuracy: 0.0368 - loss: 4.4263
[1m 46/183[0m [32m=====[0m[37m===============[0m [1m12s[0m 92ms/step - accuracy: 0.0380 - loss: 4.4242
[1m 47/183[0m [32m=====[0m[37m===============[0m [1m12s[0m 92ms/step - accuracy: 0.0376 - loss: 4.4282
[1m 48/183[0m [32m=====[0m[37m===============[0m [1m12s[0m 92ms/step - accuracy: 0.0378 - loss: 4.4283
[1m 49/183[0m [32m=====[0m[37m===============[0m [1m12s[0m 92ms/step - accuracy: 0.0386 - loss: 4.4245
[1m 50/183[0m [32m=====[0m[37m===============[0m [1m12s[0m 92ms/step - accuracy: 0.0378 - loss: 4.4227
[1m 51/183[0m [32m=====[0m[37m===============[0m [1m12s[0m 93ms/step - accuracy: 0.0374 - loss: 4.4181
[1m 52/183[0m [32m=====[0m[37m===============[0m [1m12s[0m 93ms/step - accuracy: 0.0376 - loss: 4.4150
[1m 53/183[0m [32m=====[0m[37m===============[0m [1m12s[0m 93ms/step - accuracy: 0.0374 - loss: 4.4162
[1m 54/183[0m [32m=====[0m[37m===============[0m [1m12s[0m 93ms/step - accuracy: 0.0373 - loss: 4.4162
[1m 55/183[0m [32m======[0m[37m==============[0m [1m11s[0m 93ms/step - accuracy: 0.0372 - loss: 4.4174
[1m 56/183[0m [32m======[0m[37m==============[0m [1m11s[0m 93ms/step - accuracy: 0.0371 - loss: 4.4171
[1m 57/183[0m [32m======[0m[37m==============[0m [1m11s[0m 93ms/step - accuracy: 0.0367 - loss: 4.4168
[1m 58/183[0m [32m======[0m[37m==============[0m [1m11s[0m 93ms/step - accuracy: 0.0366 - loss: 4.4192
[1m 59/183[0m [32m======[0m[37m==============[0m [1m11s[0m 94ms/step - accuracy: 0.0365 - loss: 4.4247
[1m 60/183[0m [32m======[0m[37m==============[0m [1m11s[0m 94ms/step - accuracy: 0.0367 - loss: 4.4251
[1m 61/183[0m [32m======[0m[37m==============[0m [1m11s[0m 94ms/step - accuracy: 0.0366 - loss: 4.4237
[1m 62/183[0m [32m======[0m[37m==============[0m [1m11s[0m 94ms/step - accuracy: 0.0363 - loss: 4.4244
[1m 63/183[0m [32m======[0m[37m==============[0m [1m11s[0m 94ms/step - accuracy: 0.0367 - loss: 4.4232
[1m 64/183[0m [32m======[0m[37m==============[0m [1m11s[0m 94ms/step - accuracy: 0.0366 - loss: 4.4215
[1m 65/183[0m [32m=======[0m[37m=============[0m [1m11s[0m 94ms/step - accuracy: 0.0365 - loss: 4.4220
[1m 66/183[0m [32m=======[0m[37m=============[0m [1m11s[0m 95ms/step - accuracy: 0.0362 - loss: 4.4238
[1m 67/183[0m [32m=======[0m[37m=============[0m [1m11s[0m 95ms/step - accuracy: 0.0357 - loss: 4.4241
[1m 68/183[0m [32m=======[0m[37m=============[0m [1m10s[0m 95ms/step - accuracy: 0.0361 - loss: 4.4241
[1m 69/183[0m [32m=======[0m[37m=============[0m [1m10s[0m 95ms/step - accuracy: 0.0360 - loss: 4.4244
[1m 70/183[0m [32m=======[0m[37m=============[0m [1m10s[0m 95ms/step - accuracy: 0.0357 - loss: 4.4245
[1m 71/183[0m [32m=======[0m[37m=============[0m [1m10s[0m 95ms/step - accuracy: 0.0352 - loss: 4.4272
[1m 72/183[0m [32m=======[0m[37m=============[0m [1m10s[0m 95ms/step - accuracy: 0.0354 - loss: 4.4268
[1m 73/183[0m [32m=======[0m[37m=============[0m [1m10s[0m 95ms/step - accuracy: 0.0353 - loss: 4.4260
[1m 74/183[0m [32m========[0m[37m============[0m [1m10s[0m 95ms/step - accuracy: 0.0351 - loss: 4.4267
[1m 75/183[0m [32m========[0m[37m============[0m [1m10s[0m 95ms/step - accuracy: 0.0348 - loss: 4.4268
[1m 76/183[0m [32m========[0m[37m============[0m [1m10s[0m 94ms/step - accuracy: 0.0350 - loss: 4.4272
[1m 77/183[0m [32m========[0m[37m============[0m [1m9s[0m 94ms/step - accuracy: 0.0347 - loss: 4.4259 
[1m 78/183[0m [32m========[0m[37m============[0m [1m9s[0m 94ms/step - accuracy: 0.0347 - loss: 4.4262
[1m 79/183[0m [32m========[0m[37m============[0m [1m9s[0m 93ms/step - accuracy: 0.0344 - loss: 4.4253
[1m 80/183[0m [32m========[0m[37m============[0m [1m9s[0m 93ms/step - accuracy: 0.0344 - loss: 4.4278
[1m 81/183[0m [32m========[0m[37m============[0m [1m9s[0m 93ms/step - accuracy: 0.0343 - loss: 4.4273
[1m 82/183[0m [32m========[0m[37m============[0m [1m9s[0m 93ms/step - accuracy: 0.0347 - loss: 4.4239
[1m 83/183[0m [32m=========[0m[37m===========[0m [1m9s[0m 93ms/step - accuracy: 0.0346 - loss: 4.4230
[1m 84/183[0m [32m=========[0m[37m===========[0m [1m9s[0m 94ms/step - accuracy: 0.0348 - loss: 4.4216
[1m 85/183[0m [32m=========[0m[37m===========[0m [1m9s[0m 94ms/step - accuracy: 0.0347 - loss: 4.4209
[1m 86/183[0m [32m=========[0m[37m===========[0m [1m9s[0m 94ms/step - accuracy: 0.0351 - loss: 4.4230
[1m 87/183[0m [32m=========[0m[37m===========[0m [1m9s[0m 95ms/step - accuracy: 0.0354 - loss: 4.4215
[1m 88/183[0m [32m=========[0m[37m===========[0m [1m9s[0m 95ms/step - accuracy: 0.0359 - loss: 4.4184
[1m 89/183[0m [32m=========[0m[37m===========[0m [1m8s[0m 95ms/step - accuracy: 0.0360 - loss: 4.4190
[1m 90/183[0m [32m=========[0m[37m===========[0m [1m8s[0m 95ms/step - accuracy: 0.0363 - loss: 4.4176
[1m 91/183[0m [32m=========[0m[37m===========[0m [1m8s[0m 96ms/step - accuracy: 0.0364 - loss: 4.4173
[1m 92/183[0m [32m==========[0m[37m==========[0m [1m8s[0m 96ms/step - accuracy: 0.0365 - loss: 4.4156
[1m 93/183[0m [32m==========[0m[37m==========[0m [1m8s[0m 96ms/step - accuracy: 0.0368 - loss: 4.4148
[1m 94/183[0m [32m==========[0m[37m==========[0m [1m8s[0m 96ms/step - accuracy: 0.0371 - loss: 4.4112
[1m 95/183[0m [32m==========[0m[37m==========[0m [1m8s[0m 96ms/step - accuracy: 0.0368 - loss: 4.4116
[1m 96/183[0m [32m==========[0m[37m==========[0m [1m8s[0m 96ms/step - accuracy: 0.0369 - loss: 4.4117
[1m 97/183[0m [32m==========[0m[37m==========[0m [1m8s[0m 96ms/step - accuracy: 0.0370 - loss: 4.4106
[1m 98/183[0m [32m==========[0m[37m==========[0m [1m8s[0m 96ms/step - accuracy: 0.0370 - loss: 4.4099
[1m 99/183[0m [32m==========[0m[37m==========[0m [1m8s[0m 96ms/step - accuracy: 0.0369 - loss: 4.4097
[1m100/183[0m [32m==========[0m[37m==========[0m [1m7s[0m 96ms/step - accuracy: 0.0372 - loss: 4.4082
[1m101/183[0m [32m===========[0m[37m=========[0m [1m7s[0m 96ms/step - accuracy: 0.0370 - loss: 4.4089
[1m102/183[0m [32m===========[0m[37m=========[0m [1m7s[0m 96ms/step - accuracy: 0.0369 - loss: 4.4088
[1m103/183[0m [32m===========[0m[37m=========[0m [1m7s[0m 96ms/step - accuracy: 0.0370 - loss: 4.4070
[1m104/183[0m [32m===========[0m[37m=========[0m [1m7s[0m 96ms/step - accuracy: 0.0368 - loss: 4.4075
[1m105/183[0m [32m===========[0m[37m=========[0m [1m7s[0m 96ms/step - accuracy: 0.0368 - loss: 4.4061
[1m106/183[0m [32m===========[0m[37m=========[0m [1m7s[0m 96ms/step - accuracy: 0.0366 - loss: 4.4044
[1m107/183[0m [32m===========[0m[37m=========[0m [1m7s[0m 96ms/step - accuracy: 0.0365 - loss: 4.4032
[1m108/183[0m [32m===========[0m[37m=========[0m [1m7s[0m 96ms/step - accuracy: 0.0362 - loss: 4.4019
[1m109/183[0m [32m===========[0m[37m=========[0m [1m7s[0m 96ms/step - accuracy: 0.0366 - loss: 4.4007
[1m110/183[0m [32m============[0m[37m========[0m [1m7s[0m 97ms/step - accuracy: 0.0368 - loss: 4.3994
[1m111/183[0m [32m============[0m[37m========[0m [1m6s[0m 97ms/step - accuracy: 0.0370 - loss: 4.3985
[1m112/183[0m [32m============[0m[37m========[0m [1m6s[0m 97ms/step - accuracy: 0.0368 - loss: 4.3976
[1m113/183[0m [32m============[0m[37m========[0m [1m6s[0m 97ms/step - accuracy: 0.0371 - loss: 4.3980
[1m114/183[0m [32m============[0m[37m========[0m [1m6s[0m 97ms/step - accuracy: 0.0373 - loss: 4.3964
[1m115/183[0m [32m============[0m[37m========[0m [1m6s[0m 97ms/step - accuracy: 0.0378 - loss: 4.3937
[1m116/183[0m [32m============[0m[37m========[0m [1m6s[0m 98ms/step - accuracy: 0.0383 - loss: 4.3918
[1m117/183[0m [32m============[0m[37m========[0m [1m6s[0m 98ms/step - accuracy: 0.0382 - loss: 4.3914
[1m118/183[0m [32m============[0m[37m========[0m [1m6s[0m 98ms/step - accuracy: 0.0381 - loss: 4.3894
[1m119/183[0m [32m=============[0m[37m=======[0m [1m6s[0m 98ms/step - accuracy: 0.0381 - loss: 4.3895
[1m120/183[0m [32m=============[0m[37m=======[0m [1m6s[0m 98ms/step - accuracy: 0.0379 - loss: 4.3889
[1m121/183[0m [32m=============[0m[37m=======[0m [1m6s[0m 98ms/step - accuracy: 0.0378 - loss: 4.3884
[1m122/183[0m [32m=============[0m[37m=======[0m [1m6s[0m 99ms/step - accuracy: 0.0377 - loss: 4.3882
[1m123/183[0m [32m=============[0m[37m=======[0m [1m5s[0m 99ms/step - accuracy: 0.0380 - loss: 4.3876
[1m124/183[0m [32m=============[0m[37m=======[0m [1m5s[0m 99ms/step - accuracy: 0.0382 - loss: 4.3874
[1m125/183[0m [32m=============[0m[37m=======[0m [1m5s[0m 99ms/step - accuracy: 0.0382 - loss: 4.3884
[1m126/183[0m [32m=============[0m[37m=======[0m [1m5s[0m 100ms/step - accuracy: 0.0382 - loss: 4.3863
[1m127/183[0m [32m=============[0m[37m=======[0m [1m5s[0m 100ms/step - accuracy: 0.0388 - loss: 4.3860
[1m128/183[0m [32m=============[0m[37m=======[0m [1m5s[0m 100ms/step - accuracy: 0.0387 - loss: 4.3852
[1m129/183[0m [32m==============[0m[37m======[0m [1m5s[0m 100ms/step - accuracy: 0.0389 - loss: 4.3839
[1m130/183[0m [32m==============[0m[37m======[0m [1m5s[0m 100ms/step - accuracy: 0.0391 - loss: 4.3834
[1m131/183[0m [32m==============[0m[37m======[0m [1m5s[0m 100ms/step - accuracy: 0.0390 - loss: 4.3832
[1m132/183[0m [32m==============[0m[37m======[0m [1m5s[0m 100ms/step - accuracy: 0.0388 - loss: 4.3832
[1m133/183[0m [32m==============[0m[37m======[0m [1m5s[0m 100ms/step - accuracy: 0.0387 - loss: 4.3831
[1m134/183[0m [32m==============[0m[37m======[0m [1m4s[0m 100ms/step - accuracy: 0.0387 - loss: 4.3827
[1m135/183[0m [32m==============[0m[37m======[0m [1m4s[0m 100ms/step - accuracy: 0.0391 - loss: 4.3818
[1m136/183[0m [32m==============[0m[37m======[0m [1m4s[0m 100ms/step - accuracy: 0.0391 - loss: 4.3797
[1m137/183[0m [32m==============[0m[37m======[0m [1m4s[0m 100ms/step - accuracy: 0.0393 - loss: 4.3796
[1m138/183[0m [32m===============[0m[37m=====[0m [1m4s[0m 100ms/step - accuracy: 0.0393 - loss: 4.3806
[1m139/183[0m [32m===============[0m[37m=====[0m [1m4s[0m 100ms/step - accuracy: 0.0393 - loss: 4.3800
[1m140/183[0m [32m===============[0m[37m=====[0m [1m4s[0m 100ms/step - accuracy: 0.0394 - loss: 4.3789
[1m141/183[0m [32m===============[0m[37m=====[0m [1m4s[0m 99ms/step - accuracy: 0.0391 - loss: 4.3796 
[1m142/183[0m [32m===============[0m[37m=====[0m [1m4s[0m 99ms/step - accuracy: 0.0388 - loss: 4.3800
[1m143/183[0m [32m===============[0m[37m=====[0m [1m3s[0m 99ms/step - accuracy: 0.0389 - loss: 4.3790
[1m144/183[0m [32m===============[0m[37m=====[0m [1m3s[0m 99ms/step - accuracy: 0.0390 - loss: 4.3779
[1m145/183[0m [32m===============[0m[37m=====[0m [1m3s[0m 99ms/step - accuracy: 0.0391 - loss: 4.3769
[1m146/183[0m [32m===============[0m[37m=====[0m [1m3s[0m 99ms/step - accuracy: 0.0393 - loss: 4.3755
[1m147/183[0m [32m================[0m[37m====[0m [1m3s[0m 99ms/step - accuracy: 0.0399 - loss: 4.3746
[1m148/183[0m [32m================[0m[37m====[0m [1m3s[0m 99ms/step - accuracy: 0.0396 - loss: 4.3756
[1m149/183[0m [32m================[0m[37m====[0m [1m3s[0m 99ms/step - accuracy: 0.0393 - loss: 4.3748
[1m150/183[0m [32m================[0m[37m====[0m [1m3s[0m 99ms/step - accuracy: 0.0396 - loss: 4.3742
[1m151/183[0m [32m================[0m[37m====[0m [1m3s[0m 99ms/step - accuracy: 0.0397 - loss: 4.3732
[1m152/183[0m [32m================[0m[37m====[0m [1m3s[0m 99ms/step - accuracy: 0.0398 - loss: 4.3742
[1m153/183[0m [32m================[0m[37m====[0m [1m2s[0m 99ms/step - accuracy: 0.0396 - loss: 4.3737
[1m154/183[0m [32m================[0m[37m====[0m [1m2s[0m 99ms/step - accuracy: 0.0396 - loss: 4.3735
[1m155/183[0m [32m================[0m[37m====[0m [1m2s[0m 99ms/step - accuracy: 0.0398 - loss: 4.3724
[1m156/183[0m [32m=================[0m[37m===[0m [1m2s[0m 99ms/step - accuracy: 0.0399 - loss: 4.3718
[1m157/183[0m [32m=================[0m[37m===[0m [1m2s[0m 99ms/step - accuracy: 0.0397 - loss: 4.3717
[1m158/183[0m [32m=================[0m[37m===[0m [1m2s[0m 99ms/step - accuracy: 0.0401 - loss: 4.3695
[1m159/183[0m [32m=================[0m[37m===[0m [1m2s[0m 99ms/step - accuracy: 0.0400 - loss: 4.3678
[1m160/183[0m [32m=================[0m[37m===[0m [1m2s[0m 99ms/step - accuracy: 0.0401 - loss: 4.3675
[1m161/183[0m [32m=================[0m[37m===[0m [1m2s[0m 99ms/step - accuracy: 0.0401 - loss: 4.3674
[1m162/183[0m [32m=================[0m[37m===[0m [1m2s[0m 99ms/step - accuracy: 0.0398 - loss: 4.3664
[1m163/183[0m [32m=================[0m[37m===[0m [1m1s[0m 99ms/step - accuracy: 0.0397 - loss: 4.3664
[1m164/183[0m [32m=================[0m[37m===[0m [1m1s[0m 99ms/step - accuracy: 0.0396 - loss: 4.3654
[1m165/183[0m [32m==================[0m[37m==[0m [1m1s[0m 99ms/step - accuracy: 0.0397 - loss: 4.3648
[1m166/183[0m [32m==================[0m[37m==[0m [1m1s[0m 100ms/step - accuracy: 0.0397 - loss: 4.3643
[1m167/183[0m [32m==================[0m[37m==[0m [1m1s[0m 100ms/step - accuracy: 0.0398 - loss: 4.3642
[1m168/183[0m [32m==================[0m[37m==[0m [1m1s[0m 100ms/step - accuracy: 0.0401 - loss: 4.3637
[1m169/183[0m [32m==================[0m[37m==[0m [1m1s[0m 100ms/step - accuracy: 0.0401 - loss: 4.3621
[1m170/183[0m [32m==================[0m[37m==[0m [1m1s[0m 100ms/step - accuracy: 0.0402 - loss: 4.3607
[1m171/183[0m [32m==================[0m[37m==[0m [1m1s[0m 100ms/step - accuracy: 0.0404 - loss: 4.3597
[1m172/183[0m [32m==================[0m[37m==[0m [1m1s[0m 100ms/step - accuracy: 0.0405 - loss: 4.3581
[1m173/183[0m [32m==================[0m[37m==[0m [1m1s[0m 100ms/step - accuracy: 0.0406 - loss: 4.3568
[1m174/183[0m [32m===================[0m[37m=[0m [1m0s[0m 101ms/step - accuracy: 0.0406 - loss: 4.3549
[1m175/183[0m [32m===================[0m[37m=[0m [1m0s[0m 101ms/step - accuracy: 0.0407 - loss: 4.3540
[1m176/183[0m [32m===================[0m[37m=[0m [1m0s[0m 101ms/step - accuracy: 0.0406 - loss: 4.3536
[1m177/183[0m [32m===================[0m[37m=[0m [1m0s[0m 101ms/step - accuracy: 0.0405 - loss: 4.3523
[1m178/183[0m [32m===================[0m[37m=[0m [1m0s[0m 101ms/step - accuracy: 0.0406 - loss: 4.3509
[1m179/183[0m [32m===================[0m[37m=[0m [1m0s[0m 101ms/step - accuracy: 0.0407 - loss: 4.3508
[1m180/183[0m [32m===================[0m[37m=[0m [1m0s[0m 101ms/step - accuracy: 0.0410 - loss: 4.3489
[1m181/183[0m [32m===================[0m[37m=[0m [1m0s[0m 101ms/step - accuracy: 0.0411 - loss: 4.3484
[1m182/183[0m [32m===================[0m[37m=[0m [1m0s[0m 101ms/step - accuracy: 0.0416 - loss: 4.3473
[1m183/183[0m [32m====================[0m[37m[0m [1m0s[0m 101ms/step - accuracy: 0.0415 - loss: 4.3474
[1m183/183[0m [32m====================[0m[37m[0m [1m21s[0m 112ms/step - accuracy: 0.0415 - loss: 4.3474 - val_accuracy: 0.0283 - val_loss: 4.4567 - learning_rate: 0.0010
Epoch 4/15

[1m  1/183[0m [37m====================[0m [1m27s[0m 152ms/step - accuracy: 0.0156 - loss: 4.3109
[1m  2/183[0m [37m====================[0m [1m22s[0m 124ms/step - accuracy: 0.0625 - loss: 4.1490
[1m  3/183[0m [37m====================[0m [1m21s[0m 119ms/step - accuracy: 0.0469 - loss: 4.2110
[1m  4/183[0m [37m====================[0m [1m20s[0m 117ms/step - accuracy: 0.0430 - loss: 4.2153
[1m  5/183[0m [37m====================[0m [1m21s[0m 120ms/step - accuracy: 0.0469 - loss: 4.1800
[1m  6/183[0m [37m====================[0m [1m20s[0m 118ms/step - accuracy: 0.0443 - loss: 4.1940
[1m  7/183[0m [37m====================[0m [1m20s[0m 119ms/step - accuracy: 0.0446 - loss: 4.2132
[1m  8/183[0m [37m====================[0m [1m20s[0m 118ms/step - accuracy: 0.0410 - loss: 4.1917
[1m  9/183[0m [37m====================[0m [1m20s[0m 119ms/step - accuracy: 0.0365 - loss: 4.2174
[1m 10/183[0m [32m=[0m[37m===================[0m [1m20s[0m 119ms/step - accuracy: 0.0328 - loss: 4.2292
[1m 11/183[0m [32m=[0m[37m===================[0m [1m20s[0m 121ms/step - accuracy: 0.0327 - loss: 4.2271
[1m 12/183[0m [32m=[0m[37m===================[0m [1m20s[0m 122ms/step - accuracy: 0.0352 - loss: 4.2207
[1m 13/183[0m [32m=[0m[37m===================[0m [1m20s[0m 122ms/step - accuracy: 0.0361 - loss: 4.2106
[1m 14/183[0m [32m=[0m[37m===================[0m [1m20s[0m 122ms/step - accuracy: 0.0391 - loss: 4.2020
[1m 15/183[0m [32m=[0m[37m===================[0m [1m20s[0m 122ms/step - accuracy: 0.0396 - loss: 4.1989
[1m 16/183[0m [32m=[0m[37m===================[0m [1m20s[0m 122ms/step - accuracy: 0.0400 - loss: 4.2085
[1m 17/183[0m [32m=[0m[37m===================[0m [1m20s[0m 122ms/step - accuracy: 0.0414 - loss: 4.2022
[1m 18/183[0m [32m=[0m[37m===================[0m [1m20s[0m 122ms/step - accuracy: 0.0443 - loss: 4.2031
[1m 19/183[0m [32m==[0m[37m==================[0m [1m19s[0m 122ms/step - accuracy: 0.0436 - loss: 4.1974
[1m 20/183[0m [32m==[0m[37m==================[0m [1m19s[0m 122ms/step - accuracy: 0.0430 - loss: 4.2034
[1m 21/183[0m [32m==[0m[37m==================[0m [1m19s[0m 121ms/step - accuracy: 0.0439 - loss: 4.1952
[1m 22/183[0m [32m==[0m[37m==================[0m [1m19s[0m 122ms/step - accuracy: 0.0440 - loss: 4.1971
[1m 23/183[0m [32m==[0m[37m==================[0m [1m19s[0m 122ms/step - accuracy: 0.0448 - loss: 4.1947
[1m 24/183[0m [32m==[0m[37m==================[0m [1m19s[0m 121ms/step - accuracy: 0.0443 - loss: 4.1840
[1m 25/183[0m [32m==[0m[37m==================[0m [1m19s[0m 121ms/step - accuracy: 0.0444 - loss: 4.1825
[1m 26/183[0m [32m==[0m[37m==================[0m [1m18s[0m 121ms/step - accuracy: 0.0463 - loss: 4.1819
[1m 27/183[0m [32m==[0m[37m==================[0m [1m18s[0m 120ms/step - accuracy: 0.0463 - loss: 4.1812
[1m 28/183[0m [32m===[0m[37m=================[0m [1m18s[0m 119ms/step - accuracy: 0.0463 - loss: 4.1810
[1m 29/183[0m [32m===[0m[37m=================[0m [1m18s[0m 119ms/step - accuracy: 0.0474 - loss: 4.1793
[1m 30/183[0m [32m===[0m[37m=================[0m [1m18s[0m 118ms/step - accuracy: 0.0469 - loss: 4.1768
[1m 31/183[0m [32m===[0m[37m=================[0m [1m17s[0m 118ms/step - accuracy: 0.0459 - loss: 4.1726
[1m 32/183[0m [32m===[0m[37m=================[0m [1m17s[0m 117ms/step - accuracy: 0.0469 - loss: 4.1720
[1m 33/183[0m [32m===[0m[37m=================[0m [1m17s[0m 117ms/step - accuracy: 0.0469 - loss: 4.1696
[1m 34/183[0m [32m===[0m[37m=================[0m [1m17s[0m 116ms/step - accuracy: 0.0469 - loss: 4.1730
[1m 35/183[0m [32m===[0m[37m=================[0m [1m17s[0m 116ms/step - accuracy: 0.0455 - loss: 4.1697
[1m 36/183[0m [32m===[0m[37m=================[0m [1m16s[0m 115ms/step - accuracy: 0.0451 - loss: 4.1682
[1m 37/183[0m [32m====[0m[37m================[0m [1m16s[0m 115ms/step - accuracy: 0.0452 - loss: 4.1682
[1m 38/183[0m [32m====[0m[37m================[0m [1m16s[0m 115ms/step - accuracy: 0.0456 - loss: 4.1664
[1m 39/183[0m [32m====[0m[37m================[0m [1m16s[0m 115ms/step - accuracy: 0.0469 - loss: 4.1670
[1m 40/183[0m [32m====[0m[37m================[0m [1m16s[0m 115ms/step - accuracy: 0.0465 - loss: 4.1687
[1m 41/183[0m [32m====[0m[37m================[0m [1m16s[0m 115ms/step - accuracy: 0.0473 - loss: 4.1694
[1m 42/183[0m [32m====[0m[37m================[0m [1m16s[0m 115ms/step - accuracy: 0.0476 - loss: 4.1697
[1m 43/183[0m [32m====[0m[37m================[0m [1m15s[0m 114ms/step - accuracy: 0.0480 - loss: 4.1638
[1m 44/183[0m [32m====[0m[37m================[0m [1m15s[0m 114ms/step - accuracy: 0.0472 - loss: 4.1680
[1m 45/183[0m [32m====[0m[37m================[0m [1m15s[0m 113ms/step - accuracy: 0.0483 - loss: 4.1681
[1m 46/183[0m [32m=====[0m[37m===============[0m [1m15s[0m 113ms/step - accuracy: 0.0472 - loss: 4.1680
[1m 47/183[0m [32m=====[0m[37m===============[0m [1m15s[0m 112ms/step - accuracy: 0.0465 - loss: 4.1657
[1m 48/183[0m [32m=====[0m[37m===============[0m [1m15s[0m 112ms/step - accuracy: 0.0475 - loss: 4.1685
[1m 49/183[0m [32m=====[0m[37m===============[0m [1m14s[0m 112ms/step - accuracy: 0.0482 - loss: 4.1636
[1m 50/183[0m [32m=====[0m[37m===============[0m [1m14s[0m 112ms/step - accuracy: 0.0484 - loss: 4.1613
[1m 51/183[0m [32m=====[0m[37m===============[0m [1m14s[0m 111ms/step - accuracy: 0.0490 - loss: 4.1605
[1m 52/183[0m [32m=====[0m[37m===============[0m [1m14s[0m 111ms/step - accuracy: 0.0499 - loss: 4.1583
[1m 53/183[0m [32m=====[0m[37m===============[0m [1m14s[0m 111ms/step - accuracy: 0.0495 - loss: 4.1591
[1m 54/183[0m [32m=====[0m[37m===============[0m [1m14s[0m 110ms/step - accuracy: 0.0495 - loss: 4.1607
[1m 55/183[0m [32m======[0m[37m==============[0m [1m14s[0m 110ms/step - accuracy: 0.0491 - loss: 4.1617
[1m 56/183[0m [32m======[0m[37m==============[0m [1m13s[0m 110ms/step - accuracy: 0.0494 - loss: 4.1610
[1m 57/183[0m [32m======[0m[37m==============[0m [1m13s[0m 110ms/step - accuracy: 0.0499 - loss: 4.1582
[1m 58/183[0m [32m======[0m[37m==============[0m [1m13s[0m 110ms/step - accuracy: 0.0496 - loss: 4.1551
[1m 59/183[0m [32m======[0m[37m==============[0m [1m13s[0m 110ms/step - accuracy: 0.0503 - loss: 4.1537
[1m 60/183[0m [32m======[0m[37m==============[0m [1m13s[0m 110ms/step - accuracy: 0.0508 - loss: 4.1558
[1m 61/183[0m [32m======[0m[37m==============[0m [1m13s[0m 110ms/step - accuracy: 0.0515 - loss: 4.1572
[1m 62/183[0m [32m======[0m[37m==============[0m [1m13s[0m 110ms/step - accuracy: 0.0519 - loss: 4.1561
[1m 63/183[0m [32m======[0m[37m==============[0m [1m13s[0m 110ms/step - accuracy: 0.0521 - loss: 4.1542
[1m 64/183[0m [32m======[0m[37m==============[0m [1m13s[0m 110ms/step - accuracy: 0.0520 - loss: 4.1548
[1m 65/183[0m [32m=======[0m[37m=============[0m [1m12s[0m 110ms/step - accuracy: 0.0519 - loss: 4.1553
[1m 66/183[0m [32m=======[0m[37m=============[0m [1m12s[0m 110ms/step - accuracy: 0.0523 - loss: 4.1531
[1m 67/183[0m [32m=======[0m[37m=============[0m [1m12s[0m 110ms/step - accuracy: 0.0525 - loss: 4.1527
[1m 68/183[0m [32m=======[0m[37m=============[0m [1m12s[0m 110ms/step - accuracy: 0.0519 - loss: 4.1544
[1m 69/183[0m [32m=======[0m[37m=============[0m [1m12s[0m 110ms/step - accuracy: 0.0521 - loss: 4.1526
[1m 70/183[0m [32m=======[0m[37m=============[0m [1m12s[0m 110ms/step - accuracy: 0.0518 - loss: 4.1504
[1m 71/183[0m [32m=======[0m[37m=============[0m [1m12s[0m 110ms/step - accuracy: 0.0511 - loss: 4.1499
[1m 72/183[0m [32m=======[0m[37m=============[0m [1m12s[0m 110ms/step - accuracy: 0.0512 - loss: 4.1487
[1m 73/183[0m [32m=======[0m[37m=============[0m [1m12s[0m 111ms/step - accuracy: 0.0512 - loss: 4.1482
[1m 74/183[0m [32m========[0m[37m============[0m [1m12s[0m 111ms/step - accuracy: 0.0507 - loss: 4.1507
[1m 75/183[0m [32m========[0m[37m============[0m [1m11s[0m 110ms/step - accuracy: 0.0510 - loss: 4.1491
[1m 76/183[0m [32m========[0m[37m============[0m [1m11s[0m 110ms/step - accuracy: 0.0520 - loss: 4.1475
[1m 77/183[0m [32m========[0m[37m============[0m [1m11s[0m 109ms/step - accuracy: 0.0517 - loss: 4.1511
[1m 78/183[0m [32m========[0m[37m============[0m [1m11s[0m 108ms/step - accuracy: 0.0515 - loss: 4.1503
[1m 79/183[0m [32m========[0m[37m============[0m [1m11s[0m 108ms/step - accuracy: 0.0514 - loss: 4.1491
[1m 80/183[0m [32m========[0m[37m============[0m [1m11s[0m 108ms/step - accuracy: 0.0512 - loss: 4.1497
[1m 81/183[0m [32m========[0m[37m============[0m [1m10s[0m 108ms/step - accuracy: 0.0509 - loss: 4.1496
[1m 82/183[0m [32m========[0m[37m============[0m [1m10s[0m 107ms/step - accuracy: 0.0509 - loss: 4.1477
[1m 83/183[0m [32m=========[0m[37m===========[0m [1m10s[0m 107ms/step - accuracy: 0.0512 - loss: 4.1470
[1m 84/183[0m [32m=========[0m[37m===========[0m [1m10s[0m 107ms/step - accuracy: 0.0512 - loss: 4.1464
[1m 85/183[0m [32m=========[0m[37m===========[0m [1m10s[0m 107ms/step - accuracy: 0.0515 - loss: 4.1429
[1m 86/183[0m [32m=========[0m[37m===========[0m [1m10s[0m 106ms/step - accuracy: 0.0514 - loss: 4.1424
[1m 87/183[0m [32m=========[0m[37m===========[0m [1m10s[0m 106ms/step - accuracy: 0.0512 - loss: 4.1437
[1m 88/183[0m [32m=========[0m[37m===========[0m [1m10s[0m 106ms/step - accuracy: 0.0518 - loss: 4.1417
[1m 89/183[0m [32m=========[0m[37m===========[0m [1m10s[0m 107ms/step - accuracy: 0.0527 - loss: 4.1396
[1m 90/183[0m [32m=========[0m[37m===========[0m [1m9s[0m 107ms/step - accuracy: 0.0528 - loss: 4.1395 
[1m 91/183[0m [32m=========[0m[37m===========[0m [1m9s[0m 107ms/step - accuracy: 0.0529 - loss: 4.1417
[1m 92/183[0m [32m==========[0m[37m==========[0m [1m9s[0m 107ms/step - accuracy: 0.0535 - loss: 4.1405
[1m 93/183[0m [32m==========[0m[37m==========[0m [1m9s[0m 107ms/step - accuracy: 0.0534 - loss: 4.1396
[1m 94/183[0m [32m==========[0m[37m==========[0m [1m9s[0m 107ms/step - accuracy: 0.0534 - loss: 4.1395
[1m 95/183[0m [32m==========[0m[37m==========[0m [1m9s[0m 107ms/step - accuracy: 0.0535 - loss: 4.1380
[1m 96/183[0m [32m==========[0m[37m==========[0m [1m9s[0m 107ms/step - accuracy: 0.0532 - loss: 4.1402
[1m 97/183[0m [32m==========[0m[37m==========[0m [1m9s[0m 107ms/step - accuracy: 0.0535 - loss: 4.1393
[1m 98/183[0m [32m==========[0m[37m==========[0m [1m9s[0m 107ms/step - accuracy: 0.0536 - loss: 4.1391
[1m 99/183[0m [32m==========[0m[37m==========[0m [1m8s[0m 107ms/step - accuracy: 0.0532 - loss: 4.1398
[1m100/183[0m [32m==========[0m[37m==========[0m [1m8s[0m 107ms/step - accuracy: 0.0534 - loss: 4.1396
[1m101/183[0m [32m===========[0m[37m=========[0m [1m8s[0m 107ms/step - accuracy: 0.0532 - loss: 4.1387
[1m102/183[0m [32m===========[0m[37m=========[0m [1m8s[0m 107ms/step - accuracy: 0.0532 - loss: 4.1381
[1m103/183[0m [32m===========[0m[37m=========[0m [1m8s[0m 108ms/step - accuracy: 0.0531 - loss: 4.1375
[1m104/183[0m [32m===========[0m[37m=========[0m [1m8s[0m 108ms/step - accuracy: 0.0532 - loss: 4.1371
[1m105/183[0m [32m===========[0m[37m=========[0m [1m8s[0m 108ms/step - accuracy: 0.0531 - loss: 4.1386
[1m106/183[0m [32m===========[0m[37m=========[0m [1m8s[0m 108ms/step - accuracy: 0.0528 - loss: 4.1396
[1m107/183[0m [32m===========[0m[37m=========[0m [1m8s[0m 108ms/step - accuracy: 0.0527 - loss: 4.1401
[1m108/183[0m [32m===========[0m[37m=========[0m [1m8s[0m 108ms/step - accuracy: 0.0528 - loss: 4.1403
[1m109/183[0m [32m===========[0m[37m=========[0m [1m8s[0m 108ms/step - accuracy: 0.0526 - loss: 4.1408
[1m110/183[0m [32m============[0m[37m========[0m [1m7s[0m 108ms/step - accuracy: 0.0524 - loss: 4.1393
[1m111/183[0m [32m============[0m[37m========[0m [1m7s[0m 108ms/step - accuracy: 0.0525 - loss: 4.1389
[1m112/183[0m [32m============[0m[37m========[0m [1m7s[0m 108ms/step - accuracy: 0.0526 - loss: 4.1385
[1m113/183[0m [32m============[0m[37m========[0m [1m7s[0m 109ms/step - accuracy: 0.0531 - loss: 4.1372
[1m114/183[0m [32m============[0m[37m========[0m [1m7s[0m 109ms/step - accuracy: 0.0529 - loss: 4.1384
[1m115/183[0m [32m============[0m[37m========[0m [1m7s[0m 108ms/step - accuracy: 0.0529 - loss: 4.1373
[1m116/183[0m [32m============[0m[37m========[0m [1m7s[0m 109ms/step - accuracy: 0.0529 - loss: 4.1380
[1m117/183[0m [32m============[0m[37m========[0m [1m7s[0m 108ms/step - accuracy: 0.0530 - loss: 4.1385
[1m118/183[0m [32m============[0m[37m========[0m [1m7s[0m 108ms/step - accuracy: 0.0531 - loss: 4.1384
[1m119/183[0m [32m=============[0m[37m=======[0m [1m6s[0m 108ms/step - accuracy: 0.0532 - loss: 4.1381
[1m120/183[0m [32m=============[0m[37m=======[0m [1m6s[0m 108ms/step - accuracy: 0.0535 - loss: 4.1371
[1m121/183[0m [32m=============[0m[37m=======[0m [1m6s[0m 108ms/step - accuracy: 0.0537 - loss: 4.1367
[1m122/183[0m [32m=============[0m[37m=======[0m [1m6s[0m 108ms/step - accuracy: 0.0535 - loss: 4.1383
[1m123/183[0m [32m=============[0m[37m=======[0m [1m6s[0m 108ms/step - accuracy: 0.0535 - loss: 4.1390
[1m124/183[0m [32m=============[0m[37m=======[0m [1m6s[0m 108ms/step - accuracy: 0.0538 - loss: 4.1398
[1m125/183[0m [32m=============[0m[37m=======[0m [1m6s[0m 109ms/step - accuracy: 0.0536 - loss: 4.1391
[1m126/183[0m [32m=============[0m[37m=======[0m [1m6s[0m 109ms/step - accuracy: 0.0538 - loss: 4.1391
[1m127/183[0m [32m=============[0m[37m=======[0m [1m6s[0m 109ms/step - accuracy: 0.0540 - loss: 4.1364
[1m128/183[0m [32m=============[0m[37m=======[0m [1m5s[0m 109ms/step - accuracy: 0.0538 - loss: 4.1358
[1m129/183[0m [32m==============[0m[37m======[0m [1m5s[0m 109ms/step - accuracy: 0.0539 - loss: 4.1354
[1m130/183[0m [32m==============[0m[37m======[0m [1m5s[0m 109ms/step - accuracy: 0.0544 - loss: 4.1331
[1m131/183[0m [32m==============[0m[37m======[0m [1m5s[0m 109ms/step - accuracy: 0.0545 - loss: 4.1338
[1m132/183[0m [32m==============[0m[37m======[0m [1m5s[0m 109ms/step - accuracy: 0.0543 - loss: 4.1331
[1m133/183[0m [32m==============[0m[37m======[0m [1m5s[0m 109ms/step - accuracy: 0.0543 - loss: 4.1320
[1m134/183[0m [32m==============[0m[37m======[0m [1m5s[0m 109ms/step - accuracy: 0.0542 - loss: 4.1313
[1m135/183[0m [32m==============[0m[37m======[0m [1m5s[0m 109ms/step - accuracy: 0.0547 - loss: 4.1305
[1m136/183[0m [32m==============[0m[37m======[0m [1m5s[0m 109ms/step - accuracy: 0.0546 - loss: 4.1292
[1m137/183[0m [32m==============[0m[37m======[0m [1m5s[0m 109ms/step - accuracy: 0.0547 - loss: 4.1280
[1m138/183[0m [32m===============[0m[37m=====[0m [1m4s[0m 109ms/step - accuracy: 0.0547 - loss: 4.1265
[1m139/183[0m [32m===============[0m[37m=====[0m [1m4s[0m 109ms/step - accuracy: 0.0549 - loss: 4.1246
[1m140/183[0m [32m===============[0m[37m=====[0m [1m4s[0m 109ms/step - accuracy: 0.0549 - loss: 4.1231
[1m141/183[0m [32m===============[0m[37m=====[0m [1m4s[0m 109ms/step - accuracy: 0.0553 - loss: 4.1215
[1m142/183[0m [32m===============[0m[37m=====[0m [1m4s[0m 109ms/step - accuracy: 0.0555 - loss: 4.1204
[1m143/183[0m [32m===============[0m[37m=====[0m [1m4s[0m 109ms/step - accuracy: 0.0555 - loss: 4.1206
[1m144/183[0m [32m===============[0m[37m=====[0m [1m4s[0m 109ms/step - accuracy: 0.0554 - loss: 4.1203
[1m145/183[0m [32m===============[0m[37m=====[0m [1m4s[0m 109ms/step - accuracy: 0.0555 - loss: 4.1202
[1m146/183[0m [32m===============[0m[37m=====[0m [1m4s[0m 109ms/step - accuracy: 0.0557 - loss: 4.1202
[1m147/183[0m [32m================[0m[37m====[0m [1m3s[0m 108ms/step - accuracy: 0.0556 - loss: 4.1203
[1m148/183[0m [32m================[0m[37m====[0m [1m3s[0m 108ms/step - accuracy: 0.0556 - loss: 4.1201
[1m149/183[0m [32m================[0m[37m====[0m [1m3s[0m 108ms/step - accuracy: 0.0555 - loss: 4.1204
[1m150/183[0m [32m================[0m[37m====[0m [1m3s[0m 109ms/step - accuracy: 0.0558 - loss: 4.1189
[1m151/183[0m [32m================[0m[37m====[0m [1m3s[0m 109ms/step - accuracy: 0.0560 - loss: 4.1183
[1m152/183[0m [32m================[0m[37m====[0m [1m3s[0m 109ms/step - accuracy: 0.0561 - loss: 4.1173
[1m153/183[0m [32m================[0m[37m====[0m [1m3s[0m 109ms/step - accuracy: 0.0564 - loss: 4.1175
[1m154/183[0m [32m================[0m[37m====[0m [1m3s[0m 109ms/step - accuracy: 0.0567 - loss: 4.1169
[1m155/183[0m [32m================[0m[37m====[0m [1m3s[0m 109ms/step - accuracy: 0.0569 - loss: 4.1166
[1m156/183[0m [32m=================[0m[37m===[0m [1m2s[0m 109ms/step - accuracy: 0.0567 - loss: 4.1159
[1m157/183[0m [32m=================[0m[37m===[0m [1m2s[0m 109ms/step - accuracy: 0.0565 - loss: 4.1159
[1m158/183[0m [32m=================[0m[37m===[0m [1m2s[0m 109ms/step - accuracy: 0.0565 - loss: 4.1147
[1m159/183[0m [32m=================[0m[37m===[0m [1m2s[0m 109ms/step - accuracy: 0.0563 - loss: 4.1134
[1m160/183[0m [32m=================[0m[37m===[0m [1m2s[0m 109ms/step - accuracy: 0.0564 - loss: 4.1123
[1m161/183[0m [32m=================[0m[37m===[0m [1m2s[0m 109ms/step - accuracy: 0.0564 - loss: 4.1130
[1m162/183[0m [32m=================[0m[37m===[0m [1m2s[0m 109ms/step - accuracy: 0.0567 - loss: 4.1106
[1m163/183[0m [32m=================[0m[37m===[0m [1m2s[0m 109ms/step - accuracy: 0.0569 - loss: 4.1105
[1m164/183[0m [32m=================[0m[37m===[0m [1m2s[0m 109ms/step - accuracy: 0.0573 - loss: 4.1109
[1m165/183[0m [32m==================[0m[37m==[0m [1m1s[0m 109ms/step - accuracy: 0.0574 - loss: 4.1102
[1m166/183[0m [32m==================[0m[37m==[0m [1m1s[0m 109ms/step - accuracy: 0.0575 - loss: 4.1101
[1m167/183[0m [32m==================[0m[37m==[0m [1m1s[0m 109ms/step - accuracy: 0.0577 - loss: 4.1099
[1m168/183[0m [32m==================[0m[37m==[0m [1m1s[0m 109ms/step - accuracy: 0.0579 - loss: 4.1099
[1m169/183[0m [32m==================[0m[37m==[0m [1m1s[0m 109ms/step - accuracy: 0.0579 - loss: 4.1106
[1m170/183[0m [32m==================[0m[37m==[0m [1m1s[0m 109ms/step - accuracy: 0.0581 - loss: 4.1089
[1m171/183[0m [32m==================[0m[37m==[0m [1m1s[0m 109ms/step - accuracy: 0.0582 - loss: 4.1086
[1m172/183[0m [32m==================[0m[37m==[0m [1m1s[0m 109ms/step - accuracy: 0.0588 - loss: 4.1061
[1m173/183[0m [32m==================[0m[37m==[0m [1m1s[0m 109ms/step - accuracy: 0.0588 - loss: 4.1063
[1m174/183[0m [32m===================[0m[37m=[0m [1m0s[0m 109ms/step - accuracy: 0.0586 - loss: 4.1062
[1m175/183[0m [32m===================[0m[37m=[0m [1m0s[0m 109ms/step - accuracy: 0.0588 - loss: 4.1045
[1m176/183[0m [32m===================[0m[37m=[0m [1m0s[0m 109ms/step - accuracy: 0.0588 - loss: 4.1024
[1m177/183[0m [32m===================[0m[37m=[0m [1m0s[0m 109ms/step - accuracy: 0.0585 - loss: 4.1014
[1m178/183[0m [32m===================[0m[37m=[0m [1m0s[0m 109ms/step - accuracy: 0.0583 - loss: 4.1022
[1m179/183[0m [32m===================[0m[37m=[0m [1m0s[0m 109ms/step - accuracy: 0.0582 - loss: 4.1006
[1m180/183[0m [32m===================[0m[37m=[0m [1m0s[0m 109ms/step - accuracy: 0.0582 - loss: 4.1007
[1m181/183[0m [32m===================[0m[37m=[0m [1m0s[0m 109ms/step - accuracy: 0.0584 - loss: 4.1005
[1m182/183[0m [32m===================[0m[37m=[0m [1m0s[0m 109ms/step - accuracy: 0.0583 - loss: 4.0997
[1m183/183[0m [32m====================[0m[37m[0m [1m0s[0m 109ms/step - accuracy: 0.0584 - loss: 4.1000
[1m183/183[0m [32m====================[0m[37m[0m [1m22s[0m 120ms/step - accuracy: 0.0584 - loss: 4.1000 - val_accuracy: 0.0465 - val_loss: 4.3640 - learning_rate: 0.0010
Epoch 5/15

[1m  1/183[0m [37m====================[0m [1m24s[0m 135ms/step - accuracy: 0.0469 - loss: 4.1637
[1m  2/183[0m [37m====================[0m [1m20s[0m 112ms/step - accuracy: 0.0703 - loss: 4.0646
[1m  3/183[0m [37m====================[0m [1m19s[0m 110ms/step - accuracy: 0.0677 - loss: 4.0906
[1m  4/183[0m [37m====================[0m [1m18s[0m 106ms/step - accuracy: 0.0625 - loss: 4.0669
[1m  5/183[0m [37m====================[0m [1m19s[0m 107ms/step - accuracy: 0.0594 - loss: 4.0461
[1m  6/183[0m [37m====================[0m [1m19s[0m 108ms/step - accuracy: 0.0651 - loss: 4.0258
[1m  7/183[0m [37m====================[0m [1m18s[0m 107ms/step - accuracy: 0.0625 - loss: 4.0262
[1m  8/183[0m [37m====================[0m [1m18s[0m 108ms/step - accuracy: 0.0605 - loss: 4.0324
[1m  9/183[0m [37m====================[0m [1m18s[0m 108ms/step - accuracy: 0.0590 - loss: 4.0358
[1m 10/183[0m [32m=[0m[37m===================[0m [1m18s[0m 108ms/step - accuracy: 0.0562 - loss: 4.0545
[1m 11/183[0m [32m=[0m[37m===================[0m [1m18s[0m 110ms/step - accuracy: 0.0526 - loss: 4.0482
[1m 12/183[0m [32m=[0m[37m===================[0m [1m18s[0m 109ms/step - accuracy: 0.0521 - loss: 4.0515
[1m 13/183[0m [32m=[0m[37m===================[0m [1m18s[0m 110ms/step - accuracy: 0.0553 - loss: 4.0379
[1m 14/183[0m [32m=[0m[37m===================[0m [1m18s[0m 110ms/step - accuracy: 0.0547 - loss: 4.0448
[1m 15/183[0m [32m=[0m[37m===================[0m [1m18s[0m 111ms/step - accuracy: 0.0562 - loss: 4.0349
[1m 16/183[0m [32m=[0m[37m===================[0m [1m18s[0m 111ms/step - accuracy: 0.0547 - loss: 4.0484
[1m 17/183[0m [32m=[0m[37m===================[0m [1m18s[0m 111ms/step - accuracy: 0.0570 - loss: 4.0410
[1m 18/183[0m [32m=[0m[37m===================[0m [1m18s[0m 110ms/step - accuracy: 0.0590 - loss: 4.0354
[1m 19/183[0m [32m==[0m[37m==================[0m [1m18s[0m 110ms/step - accuracy: 0.0584 - loss: 4.0357
[1m 20/183[0m [32m==[0m[37m==================[0m [1m17s[0m 109ms/step - accuracy: 0.0617 - loss: 4.0242
[1m 21/183[0m [32m==[0m[37m==================[0m [1m17s[0m 109ms/step - accuracy: 0.0625 - loss: 4.0173
[1m 22/183[0m [32m==[0m[37m==================[0m [1m17s[0m 109ms/step - accuracy: 0.0618 - loss: 4.0124
[1m 23/183[0m [32m==[0m[37m==================[0m [1m17s[0m 109ms/step - accuracy: 0.0611 - loss: 4.0073
[1m 24/183[0m [32m==[0m[37m==================[0m [1m17s[0m 109ms/step - accuracy: 0.0638 - loss: 4.0046
[1m 25/183[0m [32m==[0m[37m==================[0m [1m17s[0m 109ms/step - accuracy: 0.0644 - loss: 4.0088
[1m 26/183[0m [32m==[0m[37m==================[0m [1m17s[0m 109ms/step - accuracy: 0.0643 - loss: 4.0096
[1m 27/183[0m [32m==[0m[37m==================[0m [1m16s[0m 108ms/step - accuracy: 0.0637 - loss: 4.0127
[1m 28/183[0m [32m===[0m[37m=================[0m [1m16s[0m 108ms/step - accuracy: 0.0647 - loss: 4.0100
[1m 29/183[0m [32m===[0m[37m=================[0m [1m16s[0m 108ms/step - accuracy: 0.0641 - loss: 4.0080
[1m 30/183[0m [32m===[0m[37m=================[0m [1m16s[0m 108ms/step - accuracy: 0.0646 - loss: 4.0055
[1m 31/183[0m [32m===[0m[37m=================[0m [1m16s[0m 108ms/step - accuracy: 0.0640 - loss: 4.0062
[1m 32/183[0m [32m===[0m[37m=================[0m [1m16s[0m 108ms/step - accuracy: 0.0635 - loss: 4.0005
[1m 33/183[0m [32m===[0m[37m=================[0m [1m16s[0m 108ms/step - accuracy: 0.0639 - loss: 3.9953
[1m 34/183[0m [32m===[0m[37m=================[0m [1m16s[0m 109ms/step - accuracy: 0.0639 - loss: 3.9991
[1m 35/183[0m [32m===[0m[37m=================[0m [1m16s[0m 109ms/step - accuracy: 0.0638 - loss: 3.9964
[1m 36/183[0m [32m===[0m[37m=================[0m [1m16s[0m 109ms/step - accuracy: 0.0634 - loss: 3.9952
[1m 37/183[0m [32m====[0m[37m================[0m [1m15s[0m 109ms/step - accuracy: 0.0633 - loss: 3.9975
[1m 38/183[0m [32m====[0m[37m================[0m [1m15s[0m 109ms/step - accuracy: 0.0629 - loss: 3.9976
[1m 39/183[0m [32m====[0m[37m================[0m [1m15s[0m 109ms/step - accuracy: 0.0637 - loss: 3.9969
[1m 40/183[0m [32m====[0m[37m================[0m [1m15s[0m 109ms/step - accuracy: 0.0625 - loss: 3.9946
[1m 41/183[0m [32m====[0m[37m================[0m [1m15s[0m 110ms/step - accuracy: 0.0633 - loss: 3.9936
[1m 42/183[0m [32m====[0m[37m================[0m [1m15s[0m 110ms/step - accuracy: 0.0647 - loss: 3.9888
[1m 43/183[0m [32m====[0m[37m================[0m [1m15s[0m 110ms/step - accuracy: 0.0650 - loss: 3.9839
[1m 44/183[0m [32m====[0m[37m================[0m [1m15s[0m 110ms/step - accuracy: 0.0657 - loss: 3.9806
[1m 45/183[0m [32m====[0m[37m================[0m [1m15s[0m 110ms/step - accuracy: 0.0656 - loss: 3.9835
[1m 46/183[0m [32m=====[0m[37m===============[0m [1m15s[0m 110ms/step - accuracy: 0.0662 - loss: 3.9800
[1m 47/183[0m [32m=====[0m[37m===============[0m [1m14s[0m 109ms/step - accuracy: 0.0668 - loss: 3.9846
[1m 48/183[0m [32m=====[0m[37m===============[0m [1m14s[0m 109ms/step - accuracy: 0.0690 - loss: 3.9829
[1m 49/183[0m [32m=====[0m[37m===============[0m [1m14s[0m 109ms/step - accuracy: 0.0689 - loss: 3.9840
[1m 50/183[0m [32m=====[0m[37m===============[0m [1m14s[0m 109ms/step - accuracy: 0.0688 - loss: 3.9798
[1m 51/183[0m [32m=====[0m[37m===============[0m [1m14s[0m 109ms/step - accuracy: 0.0692 - loss: 3.9771
[1m 52/183[0m [32m=====[0m[37m===============[0m [1m14s[0m 109ms/step - accuracy: 0.0703 - loss: 3.9784
[1m 53/183[0m [32m=====[0m[37m===============[0m [1m14s[0m 109ms/step - accuracy: 0.0693 - loss: 3.9764
[1m 54/183[0m [32m=====[0m[37m===============[0m [1m14s[0m 109ms/step - accuracy: 0.0686 - loss: 3.9733
[1m 55/183[0m [32m======[0m[37m==============[0m [1m13s[0m 109ms/step - accuracy: 0.0679 - loss: 3.9713
[1m 56/183[0m [32m======[0m[37m==============[0m [1m13s[0m 109ms/step - accuracy: 0.0689 - loss: 3.9695
[1m 57/183[0m [32m======[0m[37m==============[0m [1m13s[0m 109ms/step - accuracy: 0.0694 - loss: 3.9733
[1m 58/183[0m [32m======[0m[37m==============[0m [1m13s[0m 109ms/step - accuracy: 0.0695 - loss: 3.9722
[1m 59/183[0m [32m======[0m[37m==============[0m [1m13s[0m 109ms/step - accuracy: 0.0697 - loss: 3.9720
[1m 60/183[0m [32m======[0m[37m==============[0m [1m13s[0m 109ms/step - accuracy: 0.0695 - loss: 3.9697
[1m 61/183[0m [32m======[0m[37m==============[0m [1m13s[0m 110ms/step - accuracy: 0.0692 - loss: 3.9723
[1m 62/183[0m [32m======[0m[37m==============[0m [1m13s[0m 110ms/step - accuracy: 0.0698 - loss: 3.9737
[1m 63/183[0m [32m======[0m[37m==============[0m [1m13s[0m 110ms/step - accuracy: 0.0694 - loss: 3.9735
[1m 64/183[0m [32m======[0m[37m==============[0m [1m13s[0m 110ms/step - accuracy: 0.0696 - loss: 3.9735
[1m 65/183[0m [32m=======[0m[37m=============[0m [1m13s[0m 111ms/step - accuracy: 0.0690 - loss: 3.9733
[1m 66/183[0m [32m=======[0m[37m=============[0m [1m12s[0m 110ms/step - accuracy: 0.0687 - loss: 3.9744
[1m 67/183[0m [32m=======[0m[37m=============[0m [1m12s[0m 110ms/step - accuracy: 0.0679 - loss: 3.9710
[1m 68/183[0m [32m=======[0m[37m=============[0m [1m12s[0m 110ms/step - accuracy: 0.0676 - loss: 3.9674
[1m 69/183[0m [32m=======[0m[37m=============[0m [1m12s[0m 110ms/step - accuracy: 0.0675 - loss: 3.9673
[1m 70/183[0m [32m=======[0m[37m=============[0m [1m12s[0m 110ms/step - accuracy: 0.0679 - loss: 3.9687
[1m 71/183[0m [32m=======[0m[37m=============[0m [1m12s[0m 110ms/step - accuracy: 0.0678 - loss: 3.9701
[1m 72/183[0m [32m=======[0m[37m=============[0m [1m12s[0m 110ms/step - accuracy: 0.0673 - loss: 3.9721
[1m 73/183[0m [32m=======[0m[37m=============[0m [1m12s[0m 111ms/step - accuracy: 0.0674 - loss: 3.9706
[1m 74/183[0m [32m========[0m[37m============[0m [1m12s[0m 111ms/step - accuracy: 0.0682 - loss: 3.9697
[1m 75/183[0m [32m========[0m[37m============[0m [1m11s[0m 111ms/step - accuracy: 0.0690 - loss: 3.9693
[1m 76/183[0m [32m========[0m[37m============[0m [1m11s[0m 111ms/step - accuracy: 0.0689 - loss: 3.9677
[1m 77/183[0m [32m========[0m[37m============[0m [1m11s[0m 111ms/step - accuracy: 0.0692 - loss: 3.9716
[1m 78/183[0m [32m========[0m[37m============[0m [1m11s[0m 111ms/step - accuracy: 0.0689 - loss: 3.9728
[1m 79/183[0m [32m========[0m[37m============[0m [1m11s[0m 111ms/step - accuracy: 0.0692 - loss: 3.9689
[1m 80/183[0m [32m========[0m[37m============[0m [1m11s[0m 111ms/step - accuracy: 0.0697 - loss: 3.9690
[1m 81/183[0m [32m========[0m[37m============[0m [1m11s[0m 111ms/step - accuracy: 0.0702 - loss: 3.9677
[1m 82/183[0m [32m========[0m[37m============[0m [1m11s[0m 111ms/step - accuracy: 0.0705 - loss: 3.9652
[1m 83/183[0m [32m=========[0m[37m===========[0m [1m11s[0m 111ms/step - accuracy: 0.0710 - loss: 3.9652
[1m 84/183[0m [32m=========[0m[37m===========[0m [1m10s[0m 111ms/step - accuracy: 0.0711 - loss: 3.9646
[1m 85/183[0m [32m=========[0m[37m===========[0m [1m10s[0m 111ms/step - accuracy: 0.0711 - loss: 3.9642
[1m 86/183[0m [32m=========[0m[37m===========[0m [1m10s[0m 111ms/step - accuracy: 0.0707 - loss: 3.9649
[1m 87/183[0m [32m=========[0m[37m===========[0m [1m10s[0m 111ms/step - accuracy: 0.0715 - loss: 3.9634
[1m 88/183[0m [32m=========[0m[37m===========[0m [1m10s[0m 110ms/step - accuracy: 0.0721 - loss: 3.9615
[1m 89/183[0m [32m=========[0m[37m===========[0m [1m10s[0m 110ms/step - accuracy: 0.0723 - loss: 3.9610
[1m 90/183[0m [32m=========[0m[37m===========[0m [1m10s[0m 110ms/step - accuracy: 0.0729 - loss: 3.9607
[1m 91/183[0m [32m=========[0m[37m===========[0m [1m10s[0m 110ms/step - accuracy: 0.0730 - loss: 3.9607
[1m 92/183[0m [32m==========[0m[37m==========[0m [1m10s[0m 110ms/step - accuracy: 0.0727 - loss: 3.9599
[1m 93/183[0m [32m==========[0m[37m==========[0m [1m9s[0m 110ms/step - accuracy: 0.0729 - loss: 3.9608 
[1m 94/183[0m [32m==========[0m[37m==========[0m [1m9s[0m 110ms/step - accuracy: 0.0733 - loss: 3.9585
[1m 95/183[0m [32m==========[0m[37m==========[0m [1m9s[0m 110ms/step - accuracy: 0.0729 - loss: 3.9576
[1m 96/183[0m [32m==========[0m[37m==========[0m [1m9s[0m 110ms/step - accuracy: 0.0726 - loss: 3.9571
[1m 97/183[0m [32m==========[0m[37m==========[0m [1m9s[0m 110ms/step - accuracy: 0.0726 - loss: 3.9563
[1m 98/183[0m [32m==========[0m[37m==========[0m [1m9s[0m 110ms/step - accuracy: 0.0727 - loss: 3.9555
[1m 99/183[0m [32m==========[0m[37m==========[0m [1m9s[0m 110ms/step - accuracy: 0.0723 - loss: 3.9571
[1m100/183[0m [32m==========[0m[37m==========[0m [1m9s[0m 110ms/step - accuracy: 0.0722 - loss: 3.9564
[1m101/183[0m [32m===========[0m[37m=========[0m [1m9s[0m 110ms/step - accuracy: 0.0722 - loss: 3.9566
[1m102/183[0m [32m===========[0m[37m=========[0m [1m8s[0m 110ms/step - accuracy: 0.0725 - loss: 3.9559
[1m103/183[0m [32m===========[0m[37m=========[0m [1m8s[0m 110ms/step - accuracy: 0.0724 - loss: 3.9550
[1m104/183[0m [32m===========[0m[37m=========[0m [1m8s[0m 110ms/step - accuracy: 0.0729 - loss: 3.9535
[1m105/183[0m [32m===========[0m[37m=========[0m [1m8s[0m 110ms/step - accuracy: 0.0726 - loss: 3.9531
[1m106/183[0m [32m===========[0m[37m=========[0m [1m8s[0m 110ms/step - accuracy: 0.0730 - loss: 3.9518
[1m107/183[0m [32m===========[0m[37m=========[0m [1m8s[0m 110ms/step - accuracy: 0.0733 - loss: 3.9496
[1m108/183[0m [32m===========[0m[37m=========[0m [1m8s[0m 110ms/step - accuracy: 0.0734 - loss: 3.9498
[1m109/183[0m [32m===========[0m[37m=========[0m [1m8s[0m 110ms/step - accuracy: 0.0735 - loss: 3.9497
[1m110/183[0m [32m============[0m[37m========[0m [1m8s[0m 110ms/step - accuracy: 0.0733 - loss: 3.9497
[1m111/183[0m [32m============[0m[37m========[0m [1m7s[0m 110ms/step - accuracy: 0.0736 - loss: 3.9501
[1m112/183[0m [32m============[0m[37m========[0m [1m7s[0m 110ms/step - accuracy: 0.0739 - loss: 3.9504
[1m113/183[0m [32m============[0m[37m========[0m [1m7s[0m 110ms/step - accuracy: 0.0741 - loss: 3.9494
[1m114/183[0m [32m============[0m[37m========[0m [1m7s[0m 110ms/step - accuracy: 0.0744 - loss: 3.9485
[1m115/183[0m [32m============[0m[37m========[0m [1m7s[0m 110ms/step - accuracy: 0.0746 - loss: 3.9474
[1m116/183[0m [32m============[0m[37m========[0m [1m7s[0m 110ms/step - accuracy: 0.0742 - loss: 3.9465
[1m117/183[0m [32m============[0m[37m========[0m [1m7s[0m 109ms/step - accuracy: 0.0743 - loss: 3.9464
[1m118/183[0m [32m============[0m[37m========[0m [1m7s[0m 109ms/step - accuracy: 0.0743 - loss: 3.9456
[1m119/183[0m [32m=============[0m[37m=======[0m [1m6s[0m 109ms/step - accuracy: 0.0744 - loss: 3.9438
[1m120/183[0m [32m=============[0m[37m=======[0m [1m6s[0m 109ms/step - accuracy: 0.0747 - loss: 3.9426
[1m121/183[0m [32m=============[0m[37m=======[0m [1m6s[0m 109ms/step - accuracy: 0.0746 - loss: 3.9418
[1m122/183[0m [32m=============[0m[37m=======[0m [1m6s[0m 109ms/step - accuracy: 0.0745 - loss: 3.9425
[1m123/183[0m [32m=============[0m[37m=======[0m [1m6s[0m 109ms/step - accuracy: 0.0747 - loss: 3.9419
[1m124/183[0m [32m=============[0m[37m=======[0m [1m6s[0m 109ms/step - accuracy: 0.0743 - loss: 3.9427
[1m125/183[0m [32m=============[0m[37m=======[0m [1m6s[0m 109ms/step - accuracy: 0.0747 - loss: 3.9420
[1m126/183[0m [32m=============[0m[37m=======[0m [1m6s[0m 109ms/step - accuracy: 0.0747 - loss: 3.9414
[1m127/183[0m [32m=============[0m[37m=======[0m [1m6s[0m 108ms/step - accuracy: 0.0746 - loss: 3.9405
[1m128/183[0m [32m=============[0m[37m=======[0m [1m5s[0m 108ms/step - accuracy: 0.0748 - loss: 3.9387
[1m129/183[0m [32m==============[0m[37m======[0m [1m5s[0m 108ms/step - accuracy: 0.0749 - loss: 3.9387
[1m130/183[0m [32m==============[0m[37m======[0m [1m5s[0m 108ms/step - accuracy: 0.0746 - loss: 3.9382
[1m131/183[0m [32m==============[0m[37m======[0m [1m5s[0m 108ms/step - accuracy: 0.0745 - loss: 3.9386
[1m132/183[0m [32m==============[0m[37m======[0m [1m5s[0m 108ms/step - accuracy: 0.0745 - loss: 3.9384
[1m133/183[0m [32m==============[0m[37m======[0m [1m5s[0m 108ms/step - accuracy: 0.0745 - loss: 3.9380
[1m134/183[0m [32m==============[0m[37m======[0m [1m5s[0m 108ms/step - accuracy: 0.0744 - loss: 3.9381
[1m135/183[0m [32m==============[0m[37m======[0m [1m5s[0m 107ms/step - accuracy: 0.0743 - loss: 3.9381
[1m136/183[0m [32m==============[0m[37m======[0m [1m5s[0m 107ms/step - accuracy: 0.0746 - loss: 3.9369
[1m137/183[0m [32m==============[0m[37m======[0m [1m4s[0m 107ms/step - accuracy: 0.0741 - loss: 3.9370
[1m138/183[0m [32m===============[0m[37m=====[0m [1m4s[0m 107ms/step - accuracy: 0.0747 - loss: 3.9362
[1m139/183[0m [32m===============[0m[37m=====[0m [1m4s[0m 107ms/step - accuracy: 0.0748 - loss: 3.9352
[1m140/183[0m [32m===============[0m[37m=====[0m [1m4s[0m 107ms/step - accuracy: 0.0750 - loss: 3.9337
[1m141/183[0m [32m===============[0m[37m=====[0m [1m4s[0m 107ms/step - accuracy: 0.0751 - loss: 3.9322
[1m142/183[0m [32m===============[0m[37m=====[0m [1m4s[0m 107ms/step - accuracy: 0.0754 - loss: 3.9321
[1m143/183[0m [32m===============[0m[37m=====[0m [1m4s[0m 107ms/step - accuracy: 0.0755 - loss: 3.9315
[1m144/183[0m [32m===============[0m[37m=====[0m [1m4s[0m 107ms/step - accuracy: 0.0753 - loss: 3.9314
[1m145/183[0m [32m===============[0m[37m=====[0m [1m4s[0m 107ms/step - accuracy: 0.0754 - loss: 3.9318
[1m146/183[0m [32m===============[0m[37m=====[0m [1m3s[0m 106ms/step - accuracy: 0.0754 - loss: 3.9317
[1m147/183[0m [32m================[0m[37m====[0m [1m3s[0m 107ms/step - accuracy: 0.0751 - loss: 3.9311
[1m148/183[0m [32m================[0m[37m====[0m [1m3s[0m 107ms/step - accuracy: 0.0750 - loss: 3.9318
[1m149/183[0m [32m================[0m[37m====[0m [1m3s[0m 107ms/step - accuracy: 0.0750 - loss: 3.9300
[1m150/183[0m [32m================[0m[37m====[0m [1m3s[0m 107ms/step - accuracy: 0.0754 - loss: 3.9287
[1m151/183[0m [32m================[0m[37m====[0m [1m3s[0m 107ms/step - accuracy: 0.0752 - loss: 3.9285
[1m152/183[0m [32m================[0m[37m====[0m [1m3s[0m 107ms/step - accuracy: 0.0752 - loss: 3.9284
[1m153/183[0m [32m================[0m[37m====[0m [1m3s[0m 107ms/step - accuracy: 0.0750 - loss: 3.9296
[1m154/183[0m [32m================[0m[37m====[0m [1m3s[0m 107ms/step - accuracy: 0.0750 - loss: 3.9288
[1m155/183[0m [32m================[0m[37m====[0m [1m2s[0m 107ms/step - accuracy: 0.0754 - loss: 3.9278
[1m156/183[0m [32m=================[0m[37m===[0m [1m2s[0m 107ms/step - accuracy: 0.0753 - loss: 3.9287
[1m157/183[0m [32m=================[0m[37m===[0m [1m2s[0m 106ms/step - accuracy: 0.0759 - loss: 3.9268
[1m158/183[0m [32m=================[0m[37m===[0m [1m2s[0m 106ms/step - accuracy: 0.0759 - loss: 3.9258
[1m159/183[0m [32m=================[0m[37m===[0m [1m2s[0m 106ms/step - accuracy: 0.0758 - loss: 3.9253
[1m160/183[0m [32m=================[0m[37m===[0m [1m2s[0m 106ms/step - accuracy: 0.0759 - loss: 3.9244
[1m161/183[0m [32m=================[0m[37m===[0m [1m2s[0m 106ms/step - accuracy: 0.0758 - loss: 3.9244
[1m162/183[0m [32m=================[0m[37m===[0m [1m2s[0m 106ms/step - accuracy: 0.0756 - loss: 3.9250
[1m163/183[0m [32m=================[0m[37m===[0m [1m2s[0m 106ms/step - accuracy: 0.0758 - loss: 3.9245
[1m164/183[0m [32m=================[0m[37m===[0m [1m2s[0m 106ms/step - accuracy: 0.0759 - loss: 3.9244
[1m165/183[0m [32m==================[0m[37m==[0m [1m1s[0m 106ms/step - accuracy: 0.0759 - loss: 3.9242
[1m166/183[0m [32m==================[0m[37m==[0m [1m1s[0m 106ms/step - accuracy: 0.0761 - loss: 3.9234
[1m167/183[0m [32m==================[0m[37m==[0m [1m1s[0m 106ms/step - accuracy: 0.0763 - loss: 3.9217
[1m168/183[0m [32m==================[0m[37m==[0m [1m1s[0m 106ms/step - accuracy: 0.0764 - loss: 3.9203
[1m169/183[0m [32m==================[0m[37m==[0m [1m1s[0m 105ms/step - accuracy: 0.0765 - loss: 3.9211
[1m170/183[0m [32m==================[0m[37m==[0m [1m1s[0m 105ms/step - accuracy: 0.0767 - loss: 3.9187
[1m171/183[0m [32m==================[0m[37m==[0m [1m1s[0m 105ms/step - accuracy: 0.0768 - loss: 3.9188
[1m172/183[0m [32m==================[0m[37m==[0m [1m1s[0m 105ms/step - accuracy: 0.0768 - loss: 3.9189
[1m173/183[0m [32m==================[0m[37m==[0m [1m1s[0m 105ms/step - accuracy: 0.0767 - loss: 3.9181
[1m174/183[0m [32m===================[0m[37m=[0m [1m0s[0m 105ms/step - accuracy: 0.0769 - loss: 3.9170
[1m175/183[0m [32m===================[0m[37m=[0m [1m0s[0m 105ms/step - accuracy: 0.0770 - loss: 3.9163
[1m176/183[0m [32m===================[0m[37m=[0m [1m0s[0m 105ms/step - accuracy: 0.0771 - loss: 3.9162
[1m177/183[0m [32m===================[0m[37m=[0m [1m0s[0m 104ms/step - accuracy: 0.0772 - loss: 3.9154
[1m178/183[0m [32m===================[0m[37m=[0m [1m0s[0m 104ms/step - accuracy: 0.0772 - loss: 3.9150
[1m179/183[0m [32m===================[0m[37m=[0m [1m0s[0m 104ms/step - accuracy: 0.0773 - loss: 3.9141
[1m180/183[0m [32m===================[0m[37m=[0m [1m0s[0m 104ms/step - accuracy: 0.0775 - loss: 3.9125
[1m181/183[0m [32m===================[0m[37m=[0m [1m0s[0m 104ms/step - accuracy: 0.0776 - loss: 3.9114
[1m182/183[0m [32m===================[0m[37m=[0m [1m0s[0m 104ms/step - accuracy: 0.0775 - loss: 3.9106
[1m183/183[0m [32m====================[0m[37m[0m [1m0s[0m 104ms/step - accuracy: 0.0774 - loss: 3.9109
[1m183/183[0m [32m====================[0m[37m[0m [1m21s[0m 114ms/step - accuracy: 0.0774 - loss: 3.9109 - val_accuracy: 0.0698 - val_loss: 4.2313 - learning_rate: 0.0010
Epoch 6/15

[1m  1/183[0m [37m====================[0m [1m36s[0m 202ms/step - accuracy: 0.0938 - loss: 3.8567
[1m  2/183[0m [37m====================[0m [1m14s[0m 81ms/step - accuracy: 0.1016 - loss: 3.8620 
[1m  3/183[0m [37m====================[0m [1m12s[0m 70ms/step - accuracy: 0.1146 - loss: 3.7622
[1m  4/183[0m [37m====================[0m [1m11s[0m 64ms/step - accuracy: 0.1055 - loss: 3.7778
[1m  5/183[0m [37m====================[0m [1m11s[0m 65ms/step - accuracy: 0.1000 - loss: 3.7661
[1m  6/183[0m [37m====================[0m [1m11s[0m 67ms/step - accuracy: 0.0990 - loss: 3.7813
[1m  7/183[0m [37m====================[0m [1m13s[0m 75ms/step - accuracy: 0.0982 - loss: 3.7920
[1m  8/183[0m [37m====================[0m [1m13s[0m 76ms/step - accuracy: 0.0957 - loss: 3.8132
[1m  9/183[0m [37m====================[0m [1m13s[0m 77ms/step - accuracy: 0.0972 - loss: 3.8009
[1m 10/183[0m [32m=[0m[37m===================[0m [1m13s[0m 78ms/step - accuracy: 0.0969 - loss: 3.8043
[1m 11/183[0m [32m=[0m[37m===================[0m [1m13s[0m 79ms/step - accuracy: 0.0966 - loss: 3.8031
[1m 12/183[0m [32m=[0m[37m===================[0m [1m13s[0m 80ms/step - accuracy: 0.0977 - loss: 3.8052
[1m 13/183[0m [32m=[0m[37m===================[0m [1m13s[0m 79ms/step - accuracy: 0.0950 - loss: 3.7999
[1m 14/183[0m [32m=[0m[37m===================[0m [1m13s[0m 80ms/step - accuracy: 0.0971 - loss: 3.7940
[1m 15/183[0m [32m=[0m[37m===================[0m [1m13s[0m 81ms/step - accuracy: 0.0948 - loss: 3.8068
[1m 16/183[0m [32m=[0m[37m===================[0m [1m13s[0m 80ms/step - accuracy: 0.0918 - loss: 3.8089
[1m 17/183[0m [32m=[0m[37m===================[0m [1m13s[0m 81ms/step - accuracy: 0.0947 - loss: 3.8111
[1m 18/183[0m [32m=[0m[37m===================[0m [1m13s[0m 82ms/step - accuracy: 0.0955 - loss: 3.8080
[1m 19/183[0m [32m==[0m[37m==================[0m [1m13s[0m 83ms/step - accuracy: 0.0970 - loss: 3.8054
[1m 20/183[0m [32m==[0m[37m==================[0m [1m13s[0m 83ms/step - accuracy: 0.0977 - loss: 3.8093
[1m 21/183[0m [32m==[0m[37m==================[0m [1m13s[0m 83ms/step - accuracy: 0.0967 - loss: 3.8128
[1m 22/183[0m [32m==[0m[37m==================[0m [1m13s[0m 84ms/step - accuracy: 0.1009 - loss: 3.7998
[1m 23/183[0m [32m==[0m[37m==================[0m [1m13s[0m 86ms/step - accuracy: 0.1012 - loss: 3.8041
[1m 24/183[0m [32m==[0m[37m==================[0m [1m13s[0m 88ms/step - accuracy: 0.1009 - loss: 3.8017
[1m 25/183[0m [32m==[0m[37m==================[0m [1m13s[0m 89ms/step - accuracy: 0.0988 - loss: 3.8042
[1m 26/183[0m [32m==[0m[37m==================[0m [1m13s[0m 89ms/step - accuracy: 0.0986 - loss: 3.7989
[1m 27/183[0m [32m==[0m[37m==================[0m [1m13s[0m 89ms/step - accuracy: 0.1024 - loss: 3.7953
[1m 28/183[0m [32m===[0m[37m=================[0m [1m13s[0m 90ms/step - accuracy: 0.1004 - loss: 3.7959
[1m 29/183[0m [32m===[0m[37m=================[0m [1m13s[0m 90ms/step - accuracy: 0.0991 - loss: 3.7941
[1m 30/183[0m [32m===[0m[37m=================[0m [1m13s[0m 90ms/step - accuracy: 0.1005 - loss: 3.7911
[1m 31/183[0m [32m===[0m[37m=================[0m [1m13s[0m 90ms/step - accuracy: 0.0993 - loss: 3.7909
[1m 32/183[0m [32m===[0m[37m=================[0m [1m13s[0m 90ms/step - accuracy: 0.1001 - loss: 3.7878
[1m 33/183[0m [32m===[0m[37m=================[0m [1m13s[0m 91ms/step - accuracy: 0.1009 - loss: 3.7807
[1m 34/183[0m [32m===[0m[37m=================[0m [1m13s[0m 91ms/step - accuracy: 0.1011 - loss: 3.7766
[1m 35/183[0m [32m===[0m[37m=================[0m [1m13s[0m 91ms/step - accuracy: 0.1022 - loss: 3.7775
[1m 36/183[0m [32m===[0m[37m=================[0m [1m13s[0m 91ms/step - accuracy: 0.1016 - loss: 3.7797
[1m 37/183[0m [32m====[0m[37m================[0m [1m13s[0m 92ms/step - accuracy: 0.1026 - loss: 3.7787
[1m 38/183[0m [32m====[0m[37m================[0m [1m13s[0m 92ms/step - accuracy: 0.1024 - loss: 3.7782
[1m 39/183[0m [32m====[0m[37m================[0m [1m13s[0m 92ms/step - accuracy: 0.1010 - loss: 3.7749
[1m 40/183[0m [32m====[0m[37m================[0m [1m13s[0m 92ms/step - accuracy: 0.1004 - loss: 3.7735
[1m 41/183[0m [32m====[0m[37m================[0m [1m13s[0m 92ms/step - accuracy: 0.1006 - loss: 3.7702
[1m 42/183[0m [32m====[0m[37m================[0m [1m12s[0m 91ms/step - accuracy: 0.1031 - loss: 3.7644
[1m 43/183[0m [32m====[0m[37m================[0m [1m12s[0m 91ms/step - accuracy: 0.1039 - loss: 3.7589
[1m 44/183[0m [32m====[0m[37m================[0m [1m12s[0m 91ms/step - accuracy: 0.1044 - loss: 3.7597
[1m 45/183[0m [32m====[0m[37m================[0m [1m12s[0m 91ms/step - accuracy: 0.1052 - loss: 3.7522
[1m 46/183[0m [32m=====[0m[37m===============[0m [1m12s[0m 91ms/step - accuracy: 0.1056 - loss: 3.7573
[1m 47/183[0m [32m=====[0m[37m===============[0m [1m12s[0m 91ms/step - accuracy: 0.1057 - loss: 3.7547
[1m 48/183[0m [32m=====[0m[37m===============[0m [1m12s[0m 90ms/step - accuracy: 0.1061 - loss: 3.7515
[1m 49/183[0m [32m=====[0m[37m===============[0m [1m12s[0m 90ms/step - accuracy: 0.1059 - loss: 3.7531
[1m 50/183[0m [32m=====[0m[37m===============[0m [1m11s[0m 90ms/step - accuracy: 0.1056 - loss: 3.7546
[1m 51/183[0m [32m=====[0m[37m===============[0m [1m11s[0m 91ms/step - accuracy: 0.1057 - loss: 3.7545
[1m 52/183[0m [32m=====[0m[37m===============[0m [1m11s[0m 90ms/step - accuracy: 0.1070 - loss: 3.7516
[1m 53/183[0m [32m=====[0m[37m===============[0m [1m11s[0m 89ms/step - accuracy: 0.1073 - loss: 3.7501
[1m 54/183[0m [32m=====[0m[37m===============[0m [1m11s[0m 89ms/step - accuracy: 0.1071 - loss: 3.7505
[1m 55/183[0m [32m======[0m[37m==============[0m [1m11s[0m 89ms/step - accuracy: 0.1077 - loss: 3.7516
[1m 56/183[0m [32m======[0m[37m==============[0m [1m11s[0m 89ms/step - accuracy: 0.1077 - loss: 3.7549
[1m 57/183[0m [32m======[0m[37m==============[0m [1m11s[0m 89ms/step - accuracy: 0.1066 - loss: 3.7554
[1m 58/183[0m [32m======[0m[37m==============[0m [1m11s[0m 89ms/step - accuracy: 0.1072 - loss: 3.7525
[1m 59/183[0m [32m======[0m[37m==============[0m [1m10s[0m 89ms/step - accuracy: 0.1078 - loss: 3.7524
[1m 60/183[0m [32m======[0m[37m==============[0m [1m10s[0m 88ms/step - accuracy: 0.1076 - loss: 3.7531
[1m 61/183[0m [32m======[0m[37m==============[0m [1m10s[0m 88ms/step - accuracy: 0.1066 - loss: 3.7567
[1m 62/183[0m [32m======[0m[37m==============[0m [1m10s[0m 88ms/step - accuracy: 0.1074 - loss: 3.7532
[1m 63/183[0m [32m======[0m[37m==============[0m [1m10s[0m 88ms/step - accuracy: 0.1066 - loss: 3.7557
[1m 64/183[0m [32m======[0m[37m==============[0m [1m10s[0m 88ms/step - accuracy: 0.1069 - loss: 3.7575
[1m 65/183[0m [32m=======[0m[37m=============[0m [1m10s[0m 87ms/step - accuracy: 0.1072 - loss: 3.7570
[1m 66/183[0m [32m=======[0m[37m=============[0m [1m10s[0m 87ms/step - accuracy: 0.1070 - loss: 3.7546
[1m 67/183[0m [32m=======[0m[37m=============[0m [1m10s[0m 87ms/step - accuracy: 0.1066 - loss: 3.7555
[1m 68/183[0m [32m=======[0m[37m=============[0m [1m9s[0m 86ms/step - accuracy: 0.1064 - loss: 3.7551 
[1m 69/183[0m [32m=======[0m[37m=============[0m [1m9s[0m 86ms/step - accuracy: 0.1073 - loss: 3.7517
[1m 70/183[0m [32m=======[0m[37m=============[0m [1m9s[0m 86ms/step - accuracy: 0.1069 - loss: 3.7526
[1m 71/183[0m [32m=======[0m[37m=============[0m [1m9s[0m 86ms/step - accuracy: 0.1070 - loss: 3.7549
[1m 72/183[0m [32m=======[0m[37m=============[0m [1m9s[0m 86ms/step - accuracy: 0.1074 - loss: 3.7571
[1m 73/183[0m [32m=======[0m[37m=============[0m [1m9s[0m 86ms/step - accuracy: 0.1074 - loss: 3.7550
[1m 74/183[0m [32m========[0m[37m============[0m [1m9s[0m 86ms/step - accuracy: 0.1071 - loss: 3.7561
[1m 75/183[0m [32m========[0m[37m============[0m [1m9s[0m 86ms/step - accuracy: 0.1060 - loss: 3.7572
[1m 76/183[0m [32m========[0m[37m============[0m [1m9s[0m 86ms/step - accuracy: 0.1069 - loss: 3.7562
[1m 77/183[0m [32m========[0m[37m============[0m [1m9s[0m 86ms/step - accuracy: 0.1071 - loss: 3.7555
[1m 78/183[0m [32m========[0m[37m============[0m [1m9s[0m 86ms/step - accuracy: 0.1074 - loss: 3.7542
[1m 79/183[0m [32m========[0m[37m============[0m [1m8s[0m 86ms/step - accuracy: 0.1080 - loss: 3.7543
[1m 80/183[0m [32m========[0m[37m============[0m [1m8s[0m 86ms/step - accuracy: 0.1084 - loss: 3.7531
[1m 81/183[0m [32m========[0m[37m============[0m [1m8s[0m 86ms/step - accuracy: 0.1080 - loss: 3.7512
[1m 82/183[0m [32m========[0m[37m============[0m [1m8s[0m 86ms/step - accuracy: 0.1077 - loss: 3.7512
[1m 83/183[0m [32m=========[0m[37m===========[0m [1m8s[0m 85ms/step - accuracy: 0.1071 - loss: 3.7534
[1m 84/183[0m [32m=========[0m[37m===========[0m [1m8s[0m 85ms/step - accuracy: 0.1070 - loss: 3.7540
[1m 85/183[0m [32m=========[0m[37m===========[0m [1m8s[0m 85ms/step - accuracy: 0.1070 - loss: 3.7542
[1m 86/183[0m [32m=========[0m[37m===========[0m [1m8s[0m 85ms/step - accuracy: 0.1065 - loss: 3.7559
[1m 87/183[0m [32m=========[0m[37m===========[0m [1m8s[0m 85ms/step - accuracy: 0.1076 - loss: 3.7531
[1m 88/183[0m [32m=========[0m[37m===========[0m [1m8s[0m 85ms/step - accuracy: 0.1076 - loss: 3.7538
[1m 89/183[0m [32m=========[0m[37m===========[0m [1m8s[0m 85ms/step - accuracy: 0.1078 - loss: 3.7543
[1m 90/183[0m [32m=========[0m[37m===========[0m [1m7s[0m 86ms/step - accuracy: 0.1071 - loss: 3.7544
[1m 91/183[0m [32m=========[0m[37m===========[0m [1m7s[0m 85ms/step - accuracy: 0.1065 - loss: 3.7578
[1m 92/183[0m [32m==========[0m[37m==========[0m [1m7s[0m 86ms/step - accuracy: 0.1067 - loss: 3.7557
[1m 93/183[0m [32m==========[0m[37m==========[0m [1m7s[0m 86ms/step - accuracy: 0.1067 - loss: 3.7576
[1m 94/183[0m [32m==========[0m[37m==========[0m [1m7s[0m 86ms/step - accuracy: 0.1062 - loss: 3.7575
[1m 95/183[0m [32m==========[0m[37m==========[0m [1m7s[0m 86ms/step - accuracy: 0.1064 - loss: 3.7579
[1m 96/183[0m [32m==========[0m[37m==========[0m [1m7s[0m 86ms/step - accuracy: 0.1063 - loss: 3.7569
[1m 97/183[0m [32m==========[0m[37m==========[0m [1m7s[0m 87ms/step - accuracy: 0.1062 - loss: 3.7575
[1m 98/183[0m [32m==========[0m[37m==========[0m [1m7s[0m 87ms/step - accuracy: 0.1062 - loss: 3.7556
[1m 99/183[0m [32m==========[0m[37m==========[0m [1m7s[0m 87ms/step - accuracy: 0.1059 - loss: 3.7551
[1m100/183[0m [32m==========[0m[37m==========[0m [1m7s[0m 87ms/step - accuracy: 0.1052 - loss: 3.7582
[1m101/183[0m [32m===========[0m[37m=========[0m [1m7s[0m 87ms/step - accuracy: 0.1052 - loss: 3.7579
[1m102/183[0m [32m===========[0m[37m=========[0m [1m7s[0m 87ms/step - accuracy: 0.1057 - loss: 3.7571
[1m103/183[0m [32m===========[0m[37m=========[0m [1m6s[0m 87ms/step - accuracy: 0.1059 - loss: 3.7568
[1m104/183[0m [32m===========[0m[37m=========[0m [1m6s[0m 88ms/step - accuracy: 0.1062 - loss: 3.7554
[1m105/183[0m [32m===========[0m[37m=========[0m [1m6s[0m 88ms/step - accuracy: 0.1068 - loss: 3.7530
[1m106/183[0m [32m===========[0m[37m=========[0m [1m6s[0m 88ms/step - accuracy: 0.1064 - loss: 3.7537
[1m107/183[0m [32m===========[0m[37m=========[0m [1m6s[0m 88ms/step - accuracy: 0.1066 - loss: 3.7536
[1m108/183[0m [32m===========[0m[37m=========[0m [1m6s[0m 88ms/step - accuracy: 0.1066 - loss: 3.7535
[1m109/183[0m [32m===========[0m[37m=========[0m [1m6s[0m 88ms/step - accuracy: 0.1064 - loss: 3.7545
[1m110/183[0m [32m============[0m[37m========[0m [1m6s[0m 88ms/step - accuracy: 0.1064 - loss: 3.7561
[1m111/183[0m [32m============[0m[37m========[0m [1m6s[0m 88ms/step - accuracy: 0.1068 - loss: 3.7536
[1m112/183[0m [32m============[0m[37m========[0m [1m6s[0m 88ms/step - accuracy: 0.1070 - loss: 3.7533
[1m113/183[0m [32m============[0m[37m========[0m [1m6s[0m 88ms/step - accuracy: 0.1072 - loss: 3.7531
[1m114/183[0m [32m============[0m[37m========[0m [1m6s[0m 88ms/step - accuracy: 0.1070 - loss: 3.7533
[1m115/183[0m [32m============[0m[37m========[0m [1m5s[0m 88ms/step - accuracy: 0.1068 - loss: 3.7542
[1m116/183[0m [32m============[0m[37m========[0m [1m5s[0m 88ms/step - accuracy: 0.1065 - loss: 3.7525
[1m117/183[0m [32m============[0m[37m========[0m [1m5s[0m 88ms/step - accuracy: 0.1066 - loss: 3.7498
[1m118/183[0m [32m============[0m[37m========[0m [1m5s[0m 89ms/step - accuracy: 0.1065 - loss: 3.7483
[1m119/183[0m [32m=============[0m[37m=======[0m [1m5s[0m 89ms/step - accuracy: 0.1065 - loss: 3.7473
[1m120/183[0m [32m=============[0m[37m=======[0m [1m5s[0m 89ms/step - accuracy: 0.1066 - loss: 3.7460
[1m121/183[0m [32m=============[0m[37m=======[0m [1m5s[0m 89ms/step - accuracy: 0.1058 - loss: 3.7485
[1m122/183[0m [32m=============[0m[37m=======[0m [1m5s[0m 89ms/step - accuracy: 0.1058 - loss: 3.7468
[1m123/183[0m [32m=============[0m[37m=======[0m [1m5s[0m 89ms/step - accuracy: 0.1056 - loss: 3.7468
[1m124/183[0m [32m=============[0m[37m=======[0m [1m5s[0m 89ms/step - accuracy: 0.1052 - loss: 3.7493
[1m125/183[0m [32m=============[0m[37m=======[0m [1m5s[0m 89ms/step - accuracy: 0.1053 - loss: 3.7491
[1m126/183[0m [32m=============[0m[37m=======[0m [1m5s[0m 89ms/step - accuracy: 0.1052 - loss: 3.7483
[1m127/183[0m [32m=============[0m[37m=======[0m [1m5s[0m 90ms/step - accuracy: 0.1048 - loss: 3.7461
[1m128/183[0m [32m=============[0m[37m=======[0m [1m4s[0m 90ms/step - accuracy: 0.1047 - loss: 3.7456
[1m129/183[0m [32m==============[0m[37m======[0m [1m4s[0m 90ms/step - accuracy: 0.1048 - loss: 3.7463
[1m130/183[0m [32m==============[0m[37m======[0m [1m4s[0m 90ms/step - accuracy: 0.1044 - loss: 3.7457
[1m131/183[0m [32m==============[0m[37m======[0m [1m4s[0m 90ms/step - accuracy: 0.1039 - loss: 3.7467
[1m132/183[0m [32m==============[0m[37m======[0m [1m4s[0m 90ms/step - accuracy: 0.1043 - loss: 3.7469
[1m133/183[0m [32m==============[0m[37m======[0m [1m4s[0m 90ms/step - accuracy: 0.1043 - loss: 3.7486
[1m134/183[0m [32m==============[0m[37m======[0m [1m4s[0m 90ms/step - accuracy: 0.1041 - loss: 3.7503
[1m135/183[0m [32m==============[0m[37m======[0m [1m4s[0m 90ms/step - accuracy: 0.1039 - loss: 3.7501
[1m136/183[0m [32m==============[0m[37m======[0m [1m4s[0m 90ms/step - accuracy: 0.1040 - loss: 3.7490
[1m137/183[0m [32m==============[0m[37m======[0m [1m4s[0m 90ms/step - accuracy: 0.1040 - loss: 3.7477
[1m138/183[0m [32m===============[0m[37m=====[0m [1m4s[0m 90ms/step - accuracy: 0.1039 - loss: 3.7480
[1m139/183[0m [32m===============[0m[37m=====[0m [1m3s[0m 90ms/step - accuracy: 0.1040 - loss: 3.7488
[1m140/183[0m [32m===============[0m[37m=====[0m [1m3s[0m 90ms/step - accuracy: 0.1040 - loss: 3.7476
[1m141/183[0m [32m===============[0m[37m=====[0m [1m3s[0m 90ms/step - accuracy: 0.1037 - loss: 3.7486
[1m142/183[0m [32m===============[0m[37m=====[0m [1m3s[0m 90ms/step - accuracy: 0.1033 - loss: 3.7478
[1m143/183[0m [32m===============[0m[37m=====[0m [1m3s[0m 90ms/step - accuracy: 0.1033 - loss: 3.7470
[1m144/183[0m [32m===============[0m[37m=====[0m [1m3s[0m 91ms/step - accuracy: 0.1029 - loss: 3.7461
[1m145/183[0m [32m===============[0m[37m=====[0m [1m3s[0m 91ms/step - accuracy: 0.1028 - loss: 3.7467
[1m146/183[0m [32m===============[0m[37m=====[0m [1m3s[0m 91ms/step - accuracy: 0.1027 - loss: 3.7474
[1m147/183[0m [32m================[0m[37m====[0m [1m3s[0m 91ms/step - accuracy: 0.1029 - loss: 3.7469
[1m148/183[0m [32m================[0m[37m====[0m [1m3s[0m 91ms/step - accuracy: 0.1025 - loss: 3.7471
[1m149/183[0m [32m================[0m[37m====[0m [1m3s[0m 91ms/step - accuracy: 0.1026 - loss: 3.7466
[1m150/183[0m [32m================[0m[37m====[0m [1m3s[0m 91ms/step - accuracy: 0.1026 - loss: 3.7465
[1m151/183[0m [32m================[0m[37m====[0m [1m2s[0m 92ms/step - accuracy: 0.1024 - loss: 3.7461
[1m152/183[0m [32m================[0m[37m====[0m [1m2s[0m 92ms/step - accuracy: 0.1026 - loss: 3.7456
[1m153/183[0m [32m================[0m[37m====[0m [1m2s[0m 92ms/step - accuracy: 0.1023 - loss: 3.7461
[1m154/183[0m [32m================[0m[37m====[0m [1m2s[0m 92ms/step - accuracy: 0.1026 - loss: 3.7449
[1m155/183[0m [32m================[0m[37m====[0m [1m2s[0m 92ms/step - accuracy: 0.1025 - loss: 3.7448
[1m156/183[0m [32m=================[0m[37m===[0m [1m2s[0m 92ms/step - accuracy: 0.1025 - loss: 3.7449
[1m157/183[0m [32m=================[0m[37m===[0m [1m2s[0m 92ms/step - accuracy: 0.1026 - loss: 3.7446
[1m158/183[0m [32m=================[0m[37m===[0m [1m2s[0m 92ms/step - accuracy: 0.1027 - loss: 3.7437
[1m159/183[0m [32m=================[0m[37m===[0m [1m2s[0m 92ms/step - accuracy: 0.1027 - loss: 3.7442
[1m160/183[0m [32m=================[0m[37m===[0m [1m2s[0m 92ms/step - accuracy: 0.1030 - loss: 3.7425
[1m161/183[0m [32m=================[0m[37m===[0m [1m2s[0m 92ms/step - accuracy: 0.1028 - loss: 3.7422
[1m162/183[0m [32m=================[0m[37m===[0m [1m1s[0m 92ms/step - accuracy: 0.1026 - loss: 3.7415
[1m163/183[0m [32m=================[0m[37m===[0m [1m1s[0m 91ms/step - accuracy: 0.1026 - loss: 3.7412
[1m164/183[0m [32m=================[0m[37m===[0m [1m1s[0m 91ms/step - accuracy: 0.1028 - loss: 3.7397
[1m165/183[0m [32m==================[0m[37m==[0m [1m1s[0m 91ms/step - accuracy: 0.1027 - loss: 3.7408
[1m166/183[0m [32m==================[0m[37m==[0m [1m1s[0m 91ms/step - accuracy: 0.1026 - loss: 3.7421
[1m167/183[0m [32m==================[0m[37m==[0m [1m1s[0m 91ms/step - accuracy: 0.1028 - loss: 3.7419
[1m168/183[0m [32m==================[0m[37m==[0m [1m1s[0m 91ms/step - accuracy: 0.1029 - loss: 3.7417
[1m169/183[0m [32m==================[0m[37m==[0m [1m1s[0m 91ms/step - accuracy: 0.1030 - loss: 3.7405
[1m170/183[0m [32m==================[0m[37m==[0m [1m1s[0m 91ms/step - accuracy: 0.1033 - loss: 3.7388
[1m171/183[0m [32m==================[0m[37m==[0m [1m1s[0m 91ms/step - accuracy: 0.1032 - loss: 3.7388
[1m172/183[0m [32m==================[0m[37m==[0m [1m1s[0m 91ms/step - accuracy: 0.1035 - loss: 3.7368
[1m173/183[0m [32m==================[0m[37m==[0m [1m0s[0m 91ms/step - accuracy: 0.1035 - loss: 3.7370
[1m174/183[0m [32m===================[0m[37m=[0m [1m0s[0m 91ms/step - accuracy: 0.1036 - loss: 3.7364
[1m175/183[0m [32m===================[0m[37m=[0m [1m0s[0m 91ms/step - accuracy: 0.1037 - loss: 3.7347
[1m176/183[0m [32m===================[0m[37m=[0m [1m0s[0m 91ms/step - accuracy: 0.1036 - loss: 3.7361
[1m177/183[0m [32m===================[0m[37m=[0m [1m0s[0m 91ms/step - accuracy: 0.1037 - loss: 3.7354
[1m178/183[0m [32m===================[0m[37m=[0m [1m0s[0m 91ms/step - accuracy: 0.1038 - loss: 3.7357
[1m179/183[0m [32m===================[0m[37m=[0m [1m0s[0m 91ms/step - accuracy: 0.1040 - loss: 3.7356
[1m180/183[0m [32m===================[0m[37m=[0m [1m0s[0m 91ms/step - accuracy: 0.1037 - loss: 3.7359
[1m181/183[0m [32m===================[0m[37m=[0m [1m0s[0m 91ms/step - accuracy: 0.1035 - loss: 3.7351
[1m182/183[0m [32m===================[0m[37m=[0m [1m0s[0m 91ms/step - accuracy: 0.1032 - loss: 3.7355
[1m183/183[0m [32m====================[0m[37m[0m [1m0s[0m 91ms/step - accuracy: 0.1030 - loss: 3.7358
[1m183/183[0m [32m====================[0m[37m[0m [1m19s[0m 101ms/step - accuracy: 0.1030 - loss: 3.7358 - val_accuracy: 0.0651 - val_loss: 4.1256 - learning_rate: 0.0010
Epoch 7/15

[1m  1/183[0m [37m====================[0m [1m17s[0m 94ms/step - accuracy: 0.1406 - loss: 3.5697
[1m  2/183[0m [37m====================[0m [1m13s[0m 75ms/step - accuracy: 0.1406 - loss: 3.5649
[1m  3/183[0m [37m====================[0m [1m14s[0m 78ms/step - accuracy: 0.1302 - loss: 3.6050
[1m  4/183[0m [37m====================[0m [1m13s[0m 77ms/step - accuracy: 0.1250 - loss: 3.6152
[1m  5/183[0m [37m====================[0m [1m13s[0m 75ms/step - accuracy: 0.1250 - loss: 3.6139
[1m  6/183[0m [37m====================[0m [1m13s[0m 76ms/step - accuracy: 0.1198 - loss: 3.6307
[1m  7/183[0m [37m====================[0m [1m12s[0m 74ms/step - accuracy: 0.1138 - loss: 3.6030
[1m  8/183[0m [37m====================[0m [1m12s[0m 73ms/step - accuracy: 0.1133 - loss: 3.5823
[1m  9/183[0m [37m====================[0m [1m12s[0m 72ms/step - accuracy: 0.1059 - loss: 3.6125
[1m 10/183[0m [32m=[0m[37m===================[0m [1m12s[0m 74ms/step - accuracy: 0.1219 - loss: 3.5966
[1m 11/183[0m [32m=[0m[37m===================[0m [1m12s[0m 72ms/step - accuracy: 0.1250 - loss: 3.6077
[1m 12/183[0m [32m=[0m[37m===================[0m [1m12s[0m 71ms/step - accuracy: 0.1276 - loss: 3.6144
[1m 13/183[0m [32m=[0m[37m===================[0m [1m12s[0m 72ms/step - accuracy: 0.1214 - loss: 3.6369
[1m 14/183[0m [32m=[0m[37m===================[0m [1m11s[0m 71ms/step - accuracy: 0.1150 - loss: 3.6526
[1m 15/183[0m [32m=[0m[37m===================[0m [1m11s[0m 71ms/step - accuracy: 0.1125 - loss: 3.6613
[1m 16/183[0m [32m=[0m[37m===================[0m [1m11s[0m 71ms/step - accuracy: 0.1113 - loss: 3.6597
[1m 17/183[0m [32m=[0m[37m===================[0m [1m11s[0m 71ms/step - accuracy: 0.1112 - loss: 3.6543
[1m 18/183[0m [32m=[0m[37m===================[0m [1m11s[0m 71ms/step - accuracy: 0.1111 - loss: 3.6495
[1m 19/183[0m [32m==[0m[37m==================[0m [1m11s[0m 72ms/step - accuracy: 0.1110 - loss: 3.6504
[1m 20/183[0m [32m==[0m[37m==================[0m [1m11s[0m 72ms/step - accuracy: 0.1125 - loss: 3.6427
[1m 21/183[0m [32m==[0m[37m==================[0m [1m11s[0m 72ms/step - accuracy: 0.1131 - loss: 3.6321
[1m 22/183[0m [32m==[0m[37m==================[0m [1m11s[0m 72ms/step - accuracy: 0.1129 - loss: 3.6253
[1m 23/183[0m [32m==[0m[37m==================[0m [1m11s[0m 72ms/step - accuracy: 0.1101 - loss: 3.6355
[1m 24/183[0m [32m==[0m[37m==================[0m [1m11s[0m 73ms/step - accuracy: 0.1113 - loss: 3.6304
[1m 25/183[0m [32m==[0m[37m==================[0m [1m11s[0m 73ms/step - accuracy: 0.1144 - loss: 3.6226
[1m 26/183[0m [32m==[0m[37m==================[0m [1m11s[0m 73ms/step - accuracy: 0.1160 - loss: 3.6206
[1m 27/183[0m [32m==[0m[37m==================[0m [1m11s[0m 73ms/step - accuracy: 0.1163 - loss: 3.6222
[1m 28/183[0m [32m===[0m[37m=================[0m [1m11s[0m 73ms/step - accuracy: 0.1155 - loss: 3.6195
[1m 29/183[0m [32m===[0m[37m=================[0m [1m11s[0m 74ms/step - accuracy: 0.1180 - loss: 3.6102
[1m 30/183[0m [32m===[0m[37m=================[0m [1m11s[0m 74ms/step - accuracy: 0.1198 - loss: 3.6080
[1m 31/183[0m [32m===[0m[37m=================[0m [1m11s[0m 74ms/step - accuracy: 0.1179 - loss: 3.6142
[1m 32/183[0m [32m===[0m[37m=================[0m [1m11s[0m 74ms/step - accuracy: 0.1182 - loss: 3.6154
[1m 33/183[0m [32m===[0m[37m=================[0m [1m11s[0m 74ms/step - accuracy: 0.1184 - loss: 3.6211
[1m 34/183[0m [32m===[0m[37m=================[0m [1m11s[0m 75ms/step - accuracy: 0.1167 - loss: 3.6291
[1m 35/183[0m [32m===[0m[37m=================[0m [1m11s[0m 75ms/step - accuracy: 0.1174 - loss: 3.6340
[1m 36/183[0m [32m===[0m[37m=================[0m [1m11s[0m 76ms/step - accuracy: 0.1172 - loss: 3.6304
[1m 37/183[0m [32m====[0m[37m================[0m [1m11s[0m 76ms/step - accuracy: 0.1182 - loss: 3.6260
[1m 38/183[0m [32m====[0m[37m================[0m [1m11s[0m 77ms/step - accuracy: 0.1176 - loss: 3.6241
[1m 39/183[0m [32m====[0m[37m================[0m [1m11s[0m 78ms/step - accuracy: 0.1166 - loss: 3.6242
[1m 40/183[0m [32m====[0m[37m================[0m [1m11s[0m 78ms/step - accuracy: 0.1164 - loss: 3.6235
[1m 41/183[0m [32m====[0m[37m================[0m [1m11s[0m 78ms/step - accuracy: 0.1174 - loss: 3.6226
[1m 42/183[0m [32m====[0m[37m================[0m [1m11s[0m 79ms/step - accuracy: 0.1205 - loss: 3.6155
[1m 43/183[0m [32m====[0m[37m================[0m [1m11s[0m 79ms/step - accuracy: 0.1203 - loss: 3.6090
[1m 44/183[0m [32m====[0m[37m================[0m [1m11s[0m 79ms/step - accuracy: 0.1193 - loss: 3.6116
[1m 45/183[0m [32m====[0m[37m================[0m [1m11s[0m 80ms/step - accuracy: 0.1208 - loss: 3.6061
[1m 46/183[0m [32m=====[0m[37m===============[0m [1m10s[0m 80ms/step - accuracy: 0.1209 - loss: 3.6001
[1m 47/183[0m [32m=====[0m[37m===============[0m [1m10s[0m 80ms/step - accuracy: 0.1203 - loss: 3.5978
[1m 48/183[0m [32m=====[0m[37m===============[0m [1m11s[0m 82ms/step - accuracy: 0.1201 - loss: 3.5957
[1m 49/183[0m [32m=====[0m[37m===============[0m [1m11s[0m 83ms/step - accuracy: 0.1205 - loss: 3.5919
[1m 50/183[0m [32m=====[0m[37m===============[0m [1m11s[0m 83ms/step - accuracy: 0.1197 - loss: 3.5904
[1m 51/183[0m [32m=====[0m[37m===============[0m [1m11s[0m 84ms/step - accuracy: 0.1195 - loss: 3.5877
[1m 52/183[0m [32m=====[0m[37m===============[0m [1m11s[0m 84ms/step - accuracy: 0.1184 - loss: 3.5882
[1m 53/183[0m [32m=====[0m[37m===============[0m [1m11s[0m 85ms/step - accuracy: 0.1197 - loss: 3.5880
[1m 54/183[0m [32m=====[0m[37m===============[0m [1m11s[0m 86ms/step - accuracy: 0.1186 - loss: 3.5918
[1m 55/183[0m [32m======[0m[37m==============[0m [1m11s[0m 86ms/step - accuracy: 0.1176 - loss: 3.5939
[1m 56/183[0m [32m======[0m[37m==============[0m [1m11s[0m 87ms/step - accuracy: 0.1177 - loss: 3.5960
[1m 57/183[0m [32m======[0m[37m==============[0m [1m11s[0m 87ms/step - accuracy: 0.1176 - loss: 3.5948
[1m 58/183[0m [32m======[0m[37m==============[0m [1m10s[0m 88ms/step - accuracy: 0.1175 - loss: 3.5956
[1m 59/183[0m [32m======[0m[37m==============[0m [1m10s[0m 88ms/step - accuracy: 0.1184 - loss: 3.5929
[1m 60/183[0m [32m======[0m[37m==============[0m [1m10s[0m 89ms/step - accuracy: 0.1198 - loss: 3.5890
[1m 61/183[0m [32m======[0m[37m==============[0m [1m10s[0m 89ms/step - accuracy: 0.1194 - loss: 3.5884
[1m 62/183[0m [32m======[0m[37m==============[0m [1m10s[0m 90ms/step - accuracy: 0.1187 - loss: 3.5892
[1m 63/183[0m [32m======[0m[37m==============[0m [1m10s[0m 90ms/step - accuracy: 0.1178 - loss: 3.5902
[1m 64/183[0m [32m======[0m[37m==============[0m [1m10s[0m 90ms/step - accuracy: 0.1169 - loss: 3.5941
[1m 65/183[0m [32m=======[0m[37m=============[0m [1m10s[0m 91ms/step - accuracy: 0.1166 - loss: 3.5946
[1m 66/183[0m [32m=======[0m[37m=============[0m [1m10s[0m 91ms/step - accuracy: 0.1170 - loss: 3.5949
[1m 67/183[0m [32m=======[0m[37m=============[0m [1m10s[0m 91ms/step - accuracy: 0.1166 - loss: 3.5980
[1m 68/183[0m [32m=======[0m[37m=============[0m [1m10s[0m 92ms/step - accuracy: 0.1174 - loss: 3.5957
[1m 69/183[0m [32m=======[0m[37m=============[0m [1m10s[0m 92ms/step - accuracy: 0.1173 - loss: 3.5959
[1m 70/183[0m [32m=======[0m[37m=============[0m [1m10s[0m 92ms/step - accuracy: 0.1185 - loss: 3.5927
[1m 71/183[0m [32m=======[0m[37m=============[0m [1m10s[0m 92ms/step - accuracy: 0.1186 - loss: 3.5914
[1m 72/183[0m [32m=======[0m[37m=============[0m [1m10s[0m 93ms/step - accuracy: 0.1189 - loss: 3.5888
[1m 73/183[0m [32m=======[0m[37m=============[0m [1m10s[0m 93ms/step - accuracy: 0.1196 - loss: 3.5875
[1m 74/183[0m [32m========[0m[37m============[0m [1m10s[0m 94ms/step - accuracy: 0.1204 - loss: 3.5866
[1m 75/183[0m [32m========[0m[37m============[0m [1m10s[0m 94ms/step - accuracy: 0.1213 - loss: 3.5836
[1m 76/183[0m [32m========[0m[37m============[0m [1m10s[0m 94ms/step - accuracy: 0.1209 - loss: 3.5849
[1m 77/183[0m [32m========[0m[37m============[0m [1m10s[0m 94ms/step - accuracy: 0.1213 - loss: 3.5853
[1m 78/183[0m [32m========[0m[37m============[0m [1m9s[0m 95ms/step - accuracy: 0.1218 - loss: 3.5865 
[1m 79/183[0m [32m========[0m[37m============[0m [1m9s[0m 95ms/step - accuracy: 0.1220 - loss: 3.5868
[1m 80/183[0m [32m========[0m[37m============[0m [1m9s[0m 95ms/step - accuracy: 0.1217 - loss: 3.5859
[1m 81/183[0m [32m========[0m[37m============[0m [1m9s[0m 95ms/step - accuracy: 0.1217 - loss: 3.5855
[1m 82/183[0m [32m========[0m[37m============[0m [1m9s[0m 96ms/step - accuracy: 0.1227 - loss: 3.5852
[1m 83/183[0m [32m=========[0m[37m===========[0m [1m9s[0m 96ms/step - accuracy: 0.1224 - loss: 3.5870
[1m 84/183[0m [32m=========[0m[37m===========[0m [1m9s[0m 96ms/step - accuracy: 0.1222 - loss: 3.5863
[1m 85/183[0m [32m=========[0m[37m===========[0m [1m9s[0m 96ms/step - accuracy: 0.1224 - loss: 3.5866
[1m 86/183[0m [32m=========[0m[37m===========[0m [1m9s[0m 96ms/step - accuracy: 0.1228 - loss: 3.5847
[1m 87/183[0m [32m=========[0m[37m===========[0m [1m9s[0m 96ms/step - accuracy: 0.1230 - loss: 3.5820
[1m 88/183[0m [32m=========[0m[37m===========[0m [1m9s[0m 97ms/step - accuracy: 0.1245 - loss: 3.5796
[1m 89/183[0m [32m=========[0m[37m===========[0m [1m9s[0m 97ms/step - accuracy: 0.1245 - loss: 3.5786
[1m 90/183[0m [32m=========[0m[37m===========[0m [1m8s[0m 97ms/step - accuracy: 0.1240 - loss: 3.5775
[1m 91/183[0m [32m=========[0m[37m===========[0m [1m8s[0m 97ms/step - accuracy: 0.1240 - loss: 3.5769
[1m 92/183[0m [32m==========[0m[37m==========[0m [1m8s[0m 97ms/step - accuracy: 0.1242 - loss: 3.5783
[1m 93/183[0m [32m==========[0m[37m==========[0m [1m8s[0m 97ms/step - accuracy: 0.1242 - loss: 3.5793
[1m 94/183[0m [32m==========[0m[37m==========[0m [1m8s[0m 97ms/step - accuracy: 0.1245 - loss: 3.5774
[1m 95/183[0m [32m==========[0m[37m==========[0m [1m8s[0m 97ms/step - accuracy: 0.1240 - loss: 3.5777
[1m 96/183[0m [32m==========[0m[37m==========[0m [1m8s[0m 98ms/step - accuracy: 0.1240 - loss: 3.5804
[1m 97/183[0m [32m==========[0m[37m==========[0m [1m8s[0m 98ms/step - accuracy: 0.1240 - loss: 3.5789
[1m 98/183[0m [32m==========[0m[37m==========[0m [1m8s[0m 98ms/step - accuracy: 0.1244 - loss: 3.5775
[1m 99/183[0m [32m==========[0m[37m==========[0m [1m8s[0m 98ms/step - accuracy: 0.1247 - loss: 3.5751
[1m100/183[0m [32m==========[0m[37m==========[0m [1m8s[0m 98ms/step - accuracy: 0.1242 - loss: 3.5762
[1m101/183[0m [32m===========[0m[37m=========[0m [1m8s[0m 98ms/step - accuracy: 0.1236 - loss: 3.5768
[1m102/183[0m [32m===========[0m[37m=========[0m [1m7s[0m 98ms/step - accuracy: 0.1236 - loss: 3.5784
[1m103/183[0m [32m===========[0m[37m=========[0m [1m7s[0m 98ms/step - accuracy: 0.1235 - loss: 3.5769
[1m104/183[0m [32m===========[0m[37m=========[0m [1m7s[0m 98ms/step - accuracy: 0.1239 - loss: 3.5751
[1m105/183[0m [32m===========[0m[37m=========[0m [1m7s[0m 98ms/step - accuracy: 0.1238 - loss: 3.5754
[1m106/183[0m [32m===========[0m[37m=========[0m [1m7s[0m 99ms/step - accuracy: 0.1235 - loss: 3.5747
[1m107/183[0m [32m===========[0m[37m=========[0m [1m7s[0m 99ms/step - accuracy: 0.1238 - loss: 3.5730
[1m108/183[0m [32m===========[0m[37m=========[0m [1m7s[0m 99ms/step - accuracy: 0.1237 - loss: 3.5740
[1m109/183[0m [32m===========[0m[37m=========[0m [1m7s[0m 99ms/step - accuracy: 0.1237 - loss: 3.5715
[1m110/183[0m [32m============[0m[37m========[0m [1m7s[0m 99ms/step - accuracy: 0.1237 - loss: 3.5704
[1m111/183[0m [32m============[0m[37m========[0m [1m7s[0m 99ms/step - accuracy: 0.1236 - loss: 3.5696
[1m112/183[0m [32m============[0m[37m========[0m [1m7s[0m 99ms/step - accuracy: 0.1239 - loss: 3.5679
[1m113/183[0m [32m============[0m[37m========[0m [1m6s[0m 100ms/step - accuracy: 0.1243 - loss: 3.5657
[1m114/183[0m [32m============[0m[37m========[0m [1m6s[0m 100ms/step - accuracy: 0.1246 - loss: 3.5664
[1m115/183[0m [32m============[0m[37m========[0m [1m6s[0m 100ms/step - accuracy: 0.1247 - loss: 3.5671
[1m116/183[0m [32m============[0m[37m========[0m [1m6s[0m 100ms/step - accuracy: 0.1247 - loss: 3.5663
[1m117/183[0m [32m============[0m[37m========[0m [1m6s[0m 100ms/step - accuracy: 0.1251 - loss: 3.5656
[1m118/183[0m [32m============[0m[37m========[0m [1m6s[0m 100ms/step - accuracy: 0.1251 - loss: 3.5667
[1m119/183[0m [32m=============[0m[37m=======[0m [1m6s[0m 100ms/step - accuracy: 0.1250 - loss: 3.5670
[1m120/183[0m [32m=============[0m[37m=======[0m [1m6s[0m 100ms/step - accuracy: 0.1249 - loss: 3.5645
[1m121/183[0m [32m=============[0m[37m=======[0m [1m6s[0m 100ms/step - accuracy: 0.1245 - loss: 3.5641
[1m122/183[0m [32m=============[0m[37m=======[0m [1m6s[0m 100ms/step - accuracy: 0.1246 - loss: 3.5634
[1m123/183[0m [32m=============[0m[37m=======[0m [1m6s[0m 101ms/step - accuracy: 0.1240 - loss: 3.5662
[1m124/183[0m [32m=============[0m[37m=======[0m [1m5s[0m 101ms/step - accuracy: 0.1242 - loss: 3.5661
[1m125/183[0m [32m=============[0m[37m=======[0m [1m5s[0m 101ms/step - accuracy: 0.1244 - loss: 3.5661
[1m126/183[0m [32m=============[0m[37m=======[0m [1m5s[0m 101ms/step - accuracy: 0.1244 - loss: 3.5657
[1m127/183[0m [32m=============[0m[37m=======[0m [1m5s[0m 101ms/step - accuracy: 0.1240 - loss: 3.5661
[1m128/183[0m [32m=============[0m[37m=======[0m [1m5s[0m 101ms/step - accuracy: 0.1234 - loss: 3.5658
[1m129/183[0m [32m==============[0m[37m======[0m [1m5s[0m 101ms/step - accuracy: 0.1234 - loss: 3.5661
[1m130/183[0m [32m==============[0m[37m======[0m [1m5s[0m 101ms/step - accuracy: 0.1240 - loss: 3.5661
[1m131/183[0m [32m==============[0m[37m======[0m [1m5s[0m 101ms/step - accuracy: 0.1240 - loss: 3.5653
[1m132/183[0m [32m==============[0m[37m======[0m [1m5s[0m 102ms/step - accuracy: 0.1237 - loss: 3.5648
[1m133/183[0m [32m==============[0m[37m======[0m [1m5s[0m 102ms/step - accuracy: 0.1238 - loss: 3.5636
[1m134/183[0m [32m==============[0m[37m======[0m [1m4s[0m 102ms/step - accuracy: 0.1236 - loss: 3.5627
[1m135/183[0m [32m==============[0m[37m======[0m [1m4s[0m 102ms/step - accuracy: 0.1236 - loss: 3.5615
[1m136/183[0m [32m==============[0m[37m======[0m [1m4s[0m 102ms/step - accuracy: 0.1228 - loss: 3.5632
[1m137/183[0m [32m==============[0m[37m======[0m [1m4s[0m 102ms/step - accuracy: 0.1233 - loss: 3.5621
[1m138/183[0m [32m===============[0m[37m=====[0m [1m4s[0m 102ms/step - accuracy: 0.1228 - loss: 3.5634
[1m139/183[0m [32m===============[0m[37m=====[0m [1m4s[0m 102ms/step - accuracy: 0.1228 - loss: 3.5636
[1m140/183[0m [32m===============[0m[37m=====[0m [1m4s[0m 102ms/step - accuracy: 0.1225 - loss: 3.5632
[1m141/183[0m [32m===============[0m[37m=====[0m [1m4s[0m 102ms/step - accuracy: 0.1227 - loss: 3.5633
[1m142/183[0m [32m===============[0m[37m=====[0m [1m4s[0m 102ms/step - accuracy: 0.1224 - loss: 3.5636
[1m143/183[0m [32m===============[0m[37m=====[0m [1m4s[0m 102ms/step - accuracy: 0.1218 - loss: 3.5644
[1m144/183[0m [32m===============[0m[37m=====[0m [1m3s[0m 102ms/step - accuracy: 0.1220 - loss: 3.5636
[1m145/183[0m [32m===============[0m[37m=====[0m [1m3s[0m 102ms/step - accuracy: 0.1220 - loss: 3.5626
[1m146/183[0m [32m===============[0m[37m=====[0m [1m3s[0m 102ms/step - accuracy: 0.1222 - loss: 3.5625
[1m147/183[0m [32m================[0m[37m====[0m [1m3s[0m 102ms/step - accuracy: 0.1222 - loss: 3.5618
[1m148/183[0m [32m================[0m[37m====[0m [1m3s[0m 102ms/step - accuracy: 0.1224 - loss: 3.5606
[1m149/183[0m [32m================[0m[37m====[0m [1m3s[0m 102ms/step - accuracy: 0.1226 - loss: 3.5605
[1m150/183[0m [32m================[0m[37m====[0m [1m3s[0m 102ms/step - accuracy: 0.1225 - loss: 3.5600
[1m151/183[0m [32m================[0m[37m====[0m [1m3s[0m 102ms/step - accuracy: 0.1224 - loss: 3.5616
[1m152/183[0m [32m================[0m[37m====[0m [1m3s[0m 102ms/step - accuracy: 0.1218 - loss: 3.5616
[1m153/183[0m [32m================[0m[37m====[0m [1m3s[0m 102ms/step - accuracy: 0.1216 - loss: 3.5617
[1m154/183[0m [32m================[0m[37m====[0m [1m2s[0m 102ms/step - accuracy: 0.1218 - loss: 3.5622
[1m155/183[0m [32m================[0m[37m====[0m [1m2s[0m 102ms/step - accuracy: 0.1216 - loss: 3.5634
[1m156/183[0m [32m=================[0m[37m===[0m [1m2s[0m 102ms/step - accuracy: 0.1213 - loss: 3.5635
[1m157/183[0m [32m=================[0m[37m===[0m [1m2s[0m 102ms/step - accuracy: 0.1214 - loss: 3.5629
[1m158/183[0m [32m=================[0m[37m===[0m [1m2s[0m 103ms/step - accuracy: 0.1216 - loss: 3.5634
[1m159/183[0m [32m=================[0m[37m===[0m [1m2s[0m 103ms/step - accuracy: 0.1213 - loss: 3.5647
[1m160/183[0m [32m=================[0m[37m===[0m [1m2s[0m 103ms/step - accuracy: 0.1216 - loss: 3.5654
[1m161/183[0m [32m=================[0m[37m===[0m [1m2s[0m 103ms/step - accuracy: 0.1213 - loss: 3.5657
[1m162/183[0m [32m=================[0m[37m===[0m [1m2s[0m 103ms/step - accuracy: 0.1214 - loss: 3.5647
[1m163/183[0m [32m=================[0m[37m===[0m [1m2s[0m 103ms/step - accuracy: 0.1215 - loss: 3.5642
[1m164/183[0m [32m=================[0m[37m===[0m [1m1s[0m 103ms/step - accuracy: 0.1220 - loss: 3.5638
[1m165/183[0m [32m==================[0m[37m==[0m [1m1s[0m 103ms/step - accuracy: 0.1222 - loss: 3.5634
[1m166/183[0m [32m==================[0m[37m==[0m [1m1s[0m 103ms/step - accuracy: 0.1217 - loss: 3.5636
[1m167/183[0m [32m==================[0m[37m==[0m [1m1s[0m 102ms/step - accuracy: 0.1216 - loss: 3.5639
[1m168/183[0m [32m==================[0m[37m==[0m [1m1s[0m 102ms/step - accuracy: 0.1212 - loss: 3.5641
[1m169/183[0m [32m==================[0m[37m==[0m [1m1s[0m 102ms/step - accuracy: 0.1208 - loss: 3.5640
[1m170/183[0m [32m==================[0m[37m==[0m [1m1s[0m 102ms/step - accuracy: 0.1210 - loss: 3.5632
[1m171/183[0m [32m==================[0m[37m==[0m [1m1s[0m 103ms/step - accuracy: 0.1209 - loss: 3.5644
[1m172/183[0m [32m==================[0m[37m==[0m [1m1s[0m 103ms/step - accuracy: 0.1207 - loss: 3.5647
[1m173/183[0m [32m==================[0m[37m==[0m [1m1s[0m 103ms/step - accuracy: 0.1209 - loss: 3.5640
[1m174/183[0m [32m===================[0m[37m=[0m [1m0s[0m 103ms/step - accuracy: 0.1206 - loss: 3.5653
[1m175/183[0m [32m===================[0m[37m=[0m [1m0s[0m 103ms/step - accuracy: 0.1208 - loss: 3.5642
[1m176/183[0m [32m===================[0m[37m=[0m [1m0s[0m 103ms/step - accuracy: 0.1207 - loss: 3.5640
[1m177/183[0m [32m===================[0m[37m=[0m [1m0s[0m 103ms/step - accuracy: 0.1209 - loss: 3.5632
[1m178/183[0m [32m===================[0m[37m=[0m [1m0s[0m 103ms/step - accuracy: 0.1209 - loss: 3.5629
[1m179/183[0m [32m===================[0m[37m=[0m [1m0s[0m 103ms/step - accuracy: 0.1212 - loss: 3.5621
[1m180/183[0m [32m===================[0m[37m=[0m [1m0s[0m 104ms/step - accuracy: 0.1210 - loss: 3.5628
[1m181/183[0m [32m===================[0m[37m=[0m [1m0s[0m 104ms/step - accuracy: 0.1212 - loss: 3.5627
[1m182/183[0m [32m===================[0m[37m=[0m [1m0s[0m 104ms/step - accuracy: 0.1211 - loss: 3.5629
[1m183/183[0m [32m====================[0m[37m[0m [1m0s[0m 103ms/step - accuracy: 0.1209 - loss: 3.5640
[1m183/183[0m [32m====================[0m[37m[0m [1m21s[0m 114ms/step - accuracy: 0.1209 - loss: 3.5640 - val_accuracy: 0.0778 - val_loss: 4.0169 - learning_rate: 0.0010
Epoch 8/15

[1m  1/183[0m [37m====================[0m [1m29s[0m 164ms/step - accuracy: 0.2031 - loss: 3.4927
[1m  2/183[0m [37m====================[0m [1m22s[0m 125ms/step - accuracy: 0.1797 - loss: 3.4278
[1m  3/183[0m [37m====================[0m [1m22s[0m 124ms/step - accuracy: 0.1510 - loss: 3.5169
[1m  4/183[0m [37m====================[0m [1m21s[0m 122ms/step - accuracy: 0.1328 - loss: 3.5198
[1m  5/183[0m [37m====================[0m [1m21s[0m 122ms/step - accuracy: 0.1437 - loss: 3.4749
[1m  6/183[0m [37m====================[0m [1m20s[0m 116ms/step - accuracy: 0.1432 - loss: 3.4835
[1m  7/183[0m [37m====================[0m [1m20s[0m 116ms/step - accuracy: 0.1451 - loss: 3.4809
[1m  8/183[0m [37m====================[0m [1m20s[0m 116ms/step - accuracy: 0.1465 - loss: 3.4766
[1m  9/183[0m [37m====================[0m [1m20s[0m 115ms/step - accuracy: 0.1441 - loss: 3.4905
[1m 10/183[0m [32m=[0m[37m===================[0m [1m20s[0m 116ms/step - accuracy: 0.1437 - loss: 3.4602
[1m 11/183[0m [32m=[0m[37m===================[0m [1m19s[0m 115ms/step - accuracy: 0.1435 - loss: 3.4508
[1m 12/183[0m [32m=[0m[37m===================[0m [1m19s[0m 113ms/step - accuracy: 0.1445 - loss: 3.4524
[1m 13/183[0m [32m=[0m[37m===================[0m [1m19s[0m 114ms/step - accuracy: 0.1454 - loss: 3.4451
[1m 14/183[0m [32m=[0m[37m===================[0m [1m19s[0m 113ms/step - accuracy: 0.1440 - loss: 3.4469
[1m 15/183[0m [32m=[0m[37m===================[0m [1m19s[0m 114ms/step - accuracy: 0.1469 - loss: 3.4457
[1m 16/183[0m [32m=[0m[37m===================[0m [1m19s[0m 115ms/step - accuracy: 0.1445 - loss: 3.4496
[1m 17/183[0m [32m=[0m[37m===================[0m [1m19s[0m 115ms/step - accuracy: 0.1461 - loss: 3.4394
[1m 18/183[0m [32m=[0m[37m===================[0m [1m18s[0m 115ms/step - accuracy: 0.1450 - loss: 3.4474
[1m 19/183[0m [32m==[0m[37m==================[0m [1m18s[0m 116ms/step - accuracy: 0.1431 - loss: 3.4378
[1m 20/183[0m [32m==[0m[37m==================[0m [1m18s[0m 115ms/step - accuracy: 0.1437 - loss: 3.4251
[1m 21/183[0m [32m==[0m[37m==================[0m [1m18s[0m 115ms/step - accuracy: 0.1458 - loss: 3.4206
[1m 22/183[0m [32m==[0m[37m==================[0m [1m18s[0m 115ms/step - accuracy: 0.1428 - loss: 3.4279
[1m 23/183[0m [32m==[0m[37m==================[0m [1m18s[0m 115ms/step - accuracy: 0.1440 - loss: 3.4182
[1m 24/183[0m [32m==[0m[37m==================[0m [1m18s[0m 115ms/step - accuracy: 0.1439 - loss: 3.4113
[1m 25/183[0m [32m==[0m[37m==================[0m [1m18s[0m 116ms/step - accuracy: 0.1425 - loss: 3.4247
[1m 26/183[0m [32m==[0m[37m==================[0m [1m18s[0m 116ms/step - accuracy: 0.1436 - loss: 3.4220
[1m 27/183[0m [32m==[0m[37m==================[0m [1m18s[0m 116ms/step - accuracy: 0.1441 - loss: 3.4182
[1m 28/183[0m [32m===[0m[37m=================[0m [1m17s[0m 116ms/step - accuracy: 0.1429 - loss: 3.4180
[1m 29/183[0m [32m===[0m[37m=================[0m [1m17s[0m 115ms/step - accuracy: 0.1433 - loss: 3.4142
[1m 30/183[0m [32m===[0m[37m=================[0m [1m17s[0m 115ms/step - accuracy: 0.1406 - loss: 3.4238
[1m 31/183[0m [32m===[0m[37m=================[0m [1m17s[0m 116ms/step - accuracy: 0.1421 - loss: 3.4191
[1m 32/183[0m [32m===[0m[37m=================[0m [1m17s[0m 116ms/step - accuracy: 0.1421 - loss: 3.4248
[1m 33/183[0m [32m===[0m[37m=================[0m [1m17s[0m 116ms/step - accuracy: 0.1435 - loss: 3.4202
[1m 34/183[0m [32m===[0m[37m=================[0m [1m17s[0m 117ms/step - accuracy: 0.1466 - loss: 3.4132
[1m 35/183[0m [32m===[0m[37m=================[0m [1m17s[0m 117ms/step - accuracy: 0.1469 - loss: 3.4099
[1m 36/183[0m [32m===[0m[37m=================[0m [1m17s[0m 117ms/step - accuracy: 0.1476 - loss: 3.4064
[1m 37/183[0m [32m====[0m[37m================[0m [1m17s[0m 117ms/step - accuracy: 0.1465 - loss: 3.4099
[1m 38/183[0m [32m====[0m[37m================[0m [1m16s[0m 117ms/step - accuracy: 0.1472 - loss: 3.4085
[1m 39/183[0m [32m====[0m[37m================[0m [1m16s[0m 117ms/step - accuracy: 0.1462 - loss: 3.4137
[1m 40/183[0m [32m====[0m[37m================[0m [1m16s[0m 116ms/step - accuracy: 0.1465 - loss: 3.4188
[1m 41/183[0m [32m====[0m[37m================[0m [1m16s[0m 116ms/step - accuracy: 0.1444 - loss: 3.4222
[1m 42/183[0m [32m====[0m[37m================[0m [1m16s[0m 117ms/step - accuracy: 0.1451 - loss: 3.4223
[1m 43/183[0m [32m====[0m[37m================[0m [1m16s[0m 117ms/step - accuracy: 0.1453 - loss: 3.4222
[1m 44/183[0m [32m====[0m[37m================[0m [1m16s[0m 117ms/step - accuracy: 0.1449 - loss: 3.4229
[1m 45/183[0m [32m====[0m[37m================[0m [1m16s[0m 117ms/step - accuracy: 0.1465 - loss: 3.4129
[1m 46/183[0m [32m=====[0m[37m===============[0m [1m16s[0m 117ms/step - accuracy: 0.1461 - loss: 3.4143
[1m 47/183[0m [32m=====[0m[37m===============[0m [1m15s[0m 117ms/step - accuracy: 0.1466 - loss: 3.4114
[1m 48/183[0m [32m=====[0m[37m===============[0m [1m15s[0m 117ms/step - accuracy: 0.1455 - loss: 3.4160
[1m 49/183[0m [32m=====[0m[37m===============[0m [1m15s[0m 117ms/step - accuracy: 0.1441 - loss: 3.4183
[1m 50/183[0m [32m=====[0m[37m===============[0m [1m15s[0m 117ms/step - accuracy: 0.1434 - loss: 3.4220
[1m 51/183[0m [32m=====[0m[37m===============[0m [1m15s[0m 117ms/step - accuracy: 0.1431 - loss: 3.4198
[1m 52/183[0m [32m=====[0m[37m===============[0m [1m15s[0m 116ms/step - accuracy: 0.1433 - loss: 3.4180
[1m 53/183[0m [32m=====[0m[37m===============[0m [1m15s[0m 116ms/step - accuracy: 0.1436 - loss: 3.4194
[1m 54/183[0m [32m=====[0m[37m===============[0m [1m14s[0m 116ms/step - accuracy: 0.1441 - loss: 3.4147
[1m 55/183[0m [32m======[0m[37m==============[0m [1m14s[0m 116ms/step - accuracy: 0.1440 - loss: 3.4159
[1m 56/183[0m [32m======[0m[37m==============[0m [1m14s[0m 116ms/step - accuracy: 0.1445 - loss: 3.4163
[1m 57/183[0m [32m======[0m[37m==============[0m [1m14s[0m 116ms/step - accuracy: 0.1445 - loss: 3.4193
[1m 58/183[0m [32m======[0m[37m==============[0m [1m14s[0m 115ms/step - accuracy: 0.1444 - loss: 3.4194
[1m 59/183[0m [32m======[0m[37m==============[0m [1m14s[0m 115ms/step - accuracy: 0.1446 - loss: 3.4182
[1m 60/183[0m [32m======[0m[37m==============[0m [1m14s[0m 115ms/step - accuracy: 0.1471 - loss: 3.4143
[1m 61/183[0m [32m======[0m[37m==============[0m [1m14s[0m 115ms/step - accuracy: 0.1465 - loss: 3.4172
[1m 62/183[0m [32m======[0m[37m==============[0m [1m13s[0m 115ms/step - accuracy: 0.1459 - loss: 3.4199
[1m 63/183[0m [32m======[0m[37m==============[0m [1m13s[0m 114ms/step - accuracy: 0.1463 - loss: 3.4147
[1m 64/183[0m [32m======[0m[37m==============[0m [1m13s[0m 113ms/step - accuracy: 0.1458 - loss: 3.4145
[1m 65/183[0m [32m=======[0m[37m=============[0m [1m13s[0m 113ms/step - accuracy: 0.1454 - loss: 3.4184
[1m 66/183[0m [32m=======[0m[37m=============[0m [1m13s[0m 113ms/step - accuracy: 0.1461 - loss: 3.4154
[1m 67/183[0m [32m=======[0m[37m=============[0m [1m13s[0m 112ms/step - accuracy: 0.1465 - loss: 3.4145
[1m 68/183[0m [32m=======[0m[37m=============[0m [1m12s[0m 112ms/step - accuracy: 0.1480 - loss: 3.4112
[1m 69/183[0m [32m=======[0m[37m=============[0m [1m12s[0m 112ms/step - accuracy: 0.1486 - loss: 3.4079
[1m 70/183[0m [32m=======[0m[37m=============[0m [1m12s[0m 111ms/step - accuracy: 0.1480 - loss: 3.4077
[1m 71/183[0m [32m=======[0m[37m=============[0m [1m12s[0m 111ms/step - accuracy: 0.1477 - loss: 3.4078
[1m 72/183[0m [32m=======[0m[37m=============[0m [1m12s[0m 111ms/step - accuracy: 0.1474 - loss: 3.4083
[1m 73/183[0m [32m=======[0m[37m=============[0m [1m12s[0m 111ms/step - accuracy: 0.1466 - loss: 3.4124
[1m 74/183[0m [32m========[0m[37m============[0m [1m12s[0m 111ms/step - accuracy: 0.1465 - loss: 3.4127
[1m 75/183[0m [32m========[0m[37m============[0m [1m11s[0m 110ms/step - accuracy: 0.1469 - loss: 3.4143
[1m 76/183[0m [32m========[0m[37m============[0m [1m11s[0m 110ms/step - accuracy: 0.1466 - loss: 3.4133
[1m 77/183[0m [32m========[0m[37m============[0m [1m11s[0m 110ms/step - accuracy: 0.1465 - loss: 3.4165
[1m 78/183[0m [32m========[0m[37m============[0m [1m11s[0m 110ms/step - accuracy: 0.1474 - loss: 3.4169
[1m 79/183[0m [32m========[0m[37m============[0m [1m11s[0m 109ms/step - accuracy: 0.1475 - loss: 3.4172
[1m 80/183[0m [32m========[0m[37m============[0m [1m11s[0m 109ms/step - accuracy: 0.1469 - loss: 3.4183
[1m 81/183[0m [32m========[0m[37m============[0m [1m11s[0m 109ms/step - accuracy: 0.1468 - loss: 3.4168
[1m 82/183[0m [32m========[0m[37m============[0m [1m11s[0m 109ms/step - accuracy: 0.1471 - loss: 3.4162
[1m 83/183[0m [32m=========[0m[37m===========[0m [1m10s[0m 109ms/step - accuracy: 0.1476 - loss: 3.4169
[1m 84/183[0m [32m=========[0m[37m===========[0m [1m10s[0m 109ms/step - accuracy: 0.1466 - loss: 3.4201
[1m 85/183[0m [32m=========[0m[37m===========[0m [1m10s[0m 109ms/step - accuracy: 0.1474 - loss: 3.4180
[1m 86/183[0m [32m=========[0m[37m===========[0m [1m10s[0m 109ms/step - accuracy: 0.1479 - loss: 3.4178
[1m 87/183[0m [32m=========[0m[37m===========[0m [1m10s[0m 109ms/step - accuracy: 0.1480 - loss: 3.4185
[1m 88/183[0m [32m=========[0m[37m===========[0m [1m10s[0m 109ms/step - accuracy: 0.1474 - loss: 3.4215
[1m 89/183[0m [32m=========[0m[37m===========[0m [1m10s[0m 109ms/step - accuracy: 0.1473 - loss: 3.4219
[1m 90/183[0m [32m=========[0m[37m===========[0m [1m10s[0m 109ms/step - accuracy: 0.1464 - loss: 3.4207
[1m 91/183[0m [32m=========[0m[37m===========[0m [1m9s[0m 109ms/step - accuracy: 0.1463 - loss: 3.4225 
[1m 92/183[0m [32m==========[0m[37m==========[0m [1m9s[0m 109ms/step - accuracy: 0.1462 - loss: 3.4195
[1m 93/183[0m [32m==========[0m[37m==========[0m [1m9s[0m 109ms/step - accuracy: 0.1455 - loss: 3.4210
[1m 94/183[0m [32m==========[0m[37m==========[0m [1m9s[0m 109ms/step - accuracy: 0.1451 - loss: 3.4239
[1m 95/183[0m [32m==========[0m[37m==========[0m [1m9s[0m 109ms/step - accuracy: 0.1447 - loss: 3.4230
[1m 96/183[0m [32m==========[0m[37m==========[0m [1m9s[0m 109ms/step - accuracy: 0.1447 - loss: 3.4209
[1m 97/183[0m [32m==========[0m[37m==========[0m [1m9s[0m 109ms/step - accuracy: 0.1450 - loss: 3.4200
[1m 98/183[0m [32m==========[0m[37m==========[0m [1m9s[0m 109ms/step - accuracy: 0.1454 - loss: 3.4199
[1m 99/183[0m [32m==========[0m[37m==========[0m [1m9s[0m 109ms/step - accuracy: 0.1457 - loss: 3.4167
[1m100/183[0m [32m==========[0m[37m==========[0m [1m9s[0m 109ms/step - accuracy: 0.1450 - loss: 3.4173
[1m101/183[0m [32m===========[0m[37m=========[0m [1m8s[0m 109ms/step - accuracy: 0.1448 - loss: 3.4162
[1m102/183[0m [32m===========[0m[37m=========[0m [1m8s[0m 109ms/step - accuracy: 0.1454 - loss: 3.4158
[1m103/183[0m [32m===========[0m[37m=========[0m [1m8s[0m 109ms/step - accuracy: 0.1455 - loss: 3.4145
[1m104/183[0m [32m===========[0m[37m=========[0m [1m8s[0m 109ms/step - accuracy: 0.1450 - loss: 3.4164
[1m105/183[0m [32m===========[0m[37m=========[0m [1m8s[0m 109ms/step - accuracy: 0.1452 - loss: 3.4188
[1m106/183[0m [32m===========[0m[37m=========[0m [1m8s[0m 109ms/step - accuracy: 0.1448 - loss: 3.4220
[1m107/183[0m [32m===========[0m[37m=========[0m [1m8s[0m 109ms/step - accuracy: 0.1444 - loss: 3.4222
[1m108/183[0m [32m===========[0m[37m=========[0m [1m8s[0m 109ms/step - accuracy: 0.1444 - loss: 3.4216
[1m109/183[0m [32m===========[0m[37m=========[0m [1m8s[0m 109ms/step - accuracy: 0.1448 - loss: 3.4185
[1m110/183[0m [32m============[0m[37m========[0m [1m7s[0m 109ms/step - accuracy: 0.1447 - loss: 3.4176
[1m111/183[0m [32m============[0m[37m========[0m [1m7s[0m 109ms/step - accuracy: 0.1447 - loss: 3.4161
[1m112/183[0m [32m============[0m[37m========[0m [1m7s[0m 108ms/step - accuracy: 0.1445 - loss: 3.4160
[1m113/183[0m [32m============[0m[37m========[0m [1m7s[0m 108ms/step - accuracy: 0.1450 - loss: 3.4166
[1m114/183[0m [32m============[0m[37m========[0m [1m7s[0m 108ms/step - accuracy: 0.1458 - loss: 3.4141
[1m115/183[0m [32m============[0m[37m========[0m [1m7s[0m 108ms/step - accuracy: 0.1461 - loss: 3.4135
[1m116/183[0m [32m============[0m[37m========[0m [1m7s[0m 108ms/step - accuracy: 0.1463 - loss: 3.4105
[1m117/183[0m [32m============[0m[37m========[0m [1m7s[0m 108ms/step - accuracy: 0.1464 - loss: 3.4093
[1m118/183[0m [32m============[0m[37m========[0m [1m7s[0m 108ms/step - accuracy: 0.1462 - loss: 3.4100
[1m119/183[0m [32m=============[0m[37m=======[0m [1m6s[0m 108ms/step - accuracy: 0.1461 - loss: 3.4087
[1m120/183[0m [32m=============[0m[37m=======[0m [1m6s[0m 108ms/step - accuracy: 0.1462 - loss: 3.4057
[1m121/183[0m [32m=============[0m[37m=======[0m [1m6s[0m 108ms/step - accuracy: 0.1457 - loss: 3.4076
[1m122/183[0m [32m=============[0m[37m=======[0m [1m6s[0m 107ms/step - accuracy: 0.1457 - loss: 3.4057
[1m123/183[0m [32m=============[0m[37m=======[0m [1m6s[0m 107ms/step - accuracy: 0.1460 - loss: 3.4059
[1m124/183[0m [32m=============[0m[37m=======[0m [1m6s[0m 107ms/step - accuracy: 0.1459 - loss: 3.4054
[1m125/183[0m [32m=============[0m[37m=======[0m [1m6s[0m 107ms/step - accuracy: 0.1464 - loss: 3.4033
[1m126/183[0m [32m=============[0m[37m=======[0m [1m6s[0m 107ms/step - accuracy: 0.1465 - loss: 3.4038
[1m127/183[0m [32m=============[0m[37m=======[0m [1m5s[0m 107ms/step - accuracy: 0.1467 - loss: 3.4031
[1m128/183[0m [32m=============[0m[37m=======[0m [1m5s[0m 107ms/step - accuracy: 0.1470 - loss: 3.4028
[1m129/183[0m [32m==============[0m[37m======[0m [1m5s[0m 107ms/step - accuracy: 0.1467 - loss: 3.4023
[1m130/183[0m [32m==============[0m[37m======[0m [1m5s[0m 107ms/step - accuracy: 0.1474 - loss: 3.4005
[1m131/183[0m [32m==============[0m[37m======[0m [1m5s[0m 106ms/step - accuracy: 0.1475 - loss: 3.4013
[1m132/183[0m [32m==============[0m[37m======[0m [1m5s[0m 106ms/step - accuracy: 0.1477 - loss: 3.4008
[1m133/183[0m [32m==============[0m[37m======[0m [1m5s[0m 106ms/step - accuracy: 0.1479 - loss: 3.3988
[1m134/183[0m [32m==============[0m[37m======[0m [1m5s[0m 106ms/step - accuracy: 0.1483 - loss: 3.3986
[1m135/183[0m [32m==============[0m[37m======[0m [1m5s[0m 106ms/step - accuracy: 0.1483 - loss: 3.3978
[1m136/183[0m [32m==============[0m[37m======[0m [1m4s[0m 106ms/step - accuracy: 0.1480 - loss: 3.3982
[1m137/183[0m [32m==============[0m[37m======[0m [1m4s[0m 106ms/step - accuracy: 0.1478 - loss: 3.3984
[1m138/183[0m [32m===============[0m[37m=====[0m [1m4s[0m 106ms/step - accuracy: 0.1483 - loss: 3.3972
[1m139/183[0m [32m===============[0m[37m=====[0m [1m4s[0m 106ms/step - accuracy: 0.1483 - loss: 3.3984
[1m140/183[0m [32m===============[0m[37m=====[0m [1m4s[0m 106ms/step - accuracy: 0.1487 - loss: 3.3973
[1m141/183[0m [32m===============[0m[37m=====[0m [1m4s[0m 106ms/step - accuracy: 0.1480 - loss: 3.3983
[1m142/183[0m [32m===============[0m[37m=====[0m [1m4s[0m 106ms/step - accuracy: 0.1477 - loss: 3.4004
[1m143/183[0m [32m===============[0m[37m=====[0m [1m4s[0m 106ms/step - accuracy: 0.1483 - loss: 3.4005
[1m144/183[0m [32m===============[0m[37m=====[0m [1m4s[0m 106ms/step - accuracy: 0.1483 - loss: 3.4006
[1m145/183[0m [32m===============[0m[37m=====[0m [1m4s[0m 106ms/step - accuracy: 0.1483 - loss: 3.4006
[1m146/183[0m [32m===============[0m[37m=====[0m [1m3s[0m 106ms/step - accuracy: 0.1489 - loss: 3.4002
[1m147/183[0m [32m================[0m[37m====[0m [1m3s[0m 106ms/step - accuracy: 0.1485 - loss: 3.4012
[1m148/183[0m [32m================[0m[37m====[0m [1m3s[0m 106ms/step - accuracy: 0.1485 - loss: 3.4011
[1m149/183[0m [32m================[0m[37m====[0m [1m3s[0m 106ms/step - accuracy: 0.1488 - loss: 3.4014
[1m150/183[0m [32m================[0m[37m====[0m [1m3s[0m 106ms/step - accuracy: 0.1490 - loss: 3.3996
[1m151/183[0m [32m================[0m[37m====[0m [1m3s[0m 106ms/step - accuracy: 0.1486 - loss: 3.3996
[1m152/183[0m [32m================[0m[37m====[0m [1m3s[0m 106ms/step - accuracy: 0.1488 - loss: 3.4000
[1m153/183[0m [32m================[0m[37m====[0m [1m3s[0m 107ms/step - accuracy: 0.1490 - loss: 3.3998
[1m154/183[0m [32m================[0m[37m====[0m [1m3s[0m 107ms/step - accuracy: 0.1491 - loss: 3.3997
[1m155/183[0m [32m================[0m[37m====[0m [1m2s[0m 107ms/step - accuracy: 0.1490 - loss: 3.4004
[1m156/183[0m [32m=================[0m[37m===[0m [1m2s[0m 107ms/step - accuracy: 0.1486 - loss: 3.4006
[1m157/183[0m [32m=================[0m[37m===[0m [1m2s[0m 107ms/step - accuracy: 0.1488 - loss: 3.4012
[1m158/183[0m [32m=================[0m[37m===[0m [1m2s[0m 107ms/step - accuracy: 0.1484 - loss: 3.4011
[1m159/183[0m [32m=================[0m[37m===[0m [1m2s[0m 107ms/step - accuracy: 0.1487 - loss: 3.4014
[1m160/183[0m [32m=================[0m[37m===[0m [1m2s[0m 107ms/step - accuracy: 0.1486 - loss: 3.4006
[1m161/183[0m [32m=================[0m[37m===[0m [1m2s[0m 107ms/step - accuracy: 0.1490 - loss: 3.3978
[1m162/183[0m [32m=================[0m[37m===[0m [1m2s[0m 107ms/step - accuracy: 0.1488 - loss: 3.3973
[1m163/183[0m [32m=================[0m[37m===[0m [1m2s[0m 106ms/step - accuracy: 0.1488 - loss: 3.3967
[1m164/183[0m [32m=================[0m[37m===[0m [1m2s[0m 106ms/step - accuracy: 0.1491 - loss: 3.3966
[1m165/183[0m [32m==================[0m[37m==[0m [1m1s[0m 106ms/step - accuracy: 0.1495 - loss: 3.3961
[1m166/183[0m [32m==================[0m[37m==[0m [1m1s[0m 106ms/step - accuracy: 0.1499 - loss: 3.3945
[1m167/183[0m [32m==================[0m[37m==[0m [1m1s[0m 106ms/step - accuracy: 0.1502 - loss: 3.3939
[1m168/183[0m [32m==================[0m[37m==[0m [1m1s[0m 106ms/step - accuracy: 0.1498 - loss: 3.3944
[1m169/183[0m [32m==================[0m[37m==[0m [1m1s[0m 106ms/step - accuracy: 0.1498 - loss: 3.3937
[1m170/183[0m [32m==================[0m[37m==[0m [1m1s[0m 106ms/step - accuracy: 0.1500 - loss: 3.3921
[1m171/183[0m [32m==================[0m[37m==[0m [1m1s[0m 106ms/step - accuracy: 0.1499 - loss: 3.3910
[1m172/183[0m [32m==================[0m[37m==[0m [1m1s[0m 106ms/step - accuracy: 0.1500 - loss: 3.3908
[1m173/183[0m [32m==================[0m[37m==[0m [1m1s[0m 106ms/step - accuracy: 0.1499 - loss: 3.3902
[1m174/183[0m [32m===================[0m[37m=[0m [1m0s[0m 106ms/step - accuracy: 0.1508 - loss: 3.3882
[1m175/183[0m [32m===================[0m[37m=[0m [1m0s[0m 106ms/step - accuracy: 0.1505 - loss: 3.3897
[1m176/183[0m [32m===================[0m[37m=[0m [1m0s[0m 106ms/step - accuracy: 0.1510 - loss: 3.3880
[1m177/183[0m [32m===================[0m[37m=[0m [1m0s[0m 106ms/step - accuracy: 0.1510 - loss: 3.3868
[1m178/183[0m [32m===================[0m[37m=[0m [1m0s[0m 106ms/step - accuracy: 0.1509 - loss: 3.3862
[1m179/183[0m [32m===================[0m[37m=[0m [1m0s[0m 106ms/step - accuracy: 0.1509 - loss: 3.3853
[1m180/183[0m [32m===================[0m[37m=[0m [1m0s[0m 106ms/step - accuracy: 0.1510 - loss: 3.3846
[1m181/183[0m [32m===================[0m[37m=[0m [1m0s[0m 106ms/step - accuracy: 0.1512 - loss: 3.3857
[1m182/183[0m [32m===================[0m[37m=[0m [1m0s[0m 106ms/step - accuracy: 0.1510 - loss: 3.3852
[1m183/183[0m [32m====================[0m[37m[0m [1m0s[0m 106ms/step - accuracy: 0.1512 - loss: 3.3851
[1m183/183[0m [32m====================[0m[37m[0m [1m21s[0m 117ms/step - accuracy: 0.1512 - loss: 3.3851 - val_accuracy: 0.0740 - val_loss: 4.0212 - learning_rate: 0.0010
Epoch 9/15

[1m  1/183[0m [37m====================[0m [1m24s[0m 134ms/step - accuracy: 0.1406 - loss: 3.4272
[1m  2/183[0m [37m====================[0m [1m20s[0m 111ms/step - accuracy: 0.1484 - loss: 3.3651
[1m  3/183[0m [37m====================[0m [1m20s[0m 113ms/step - accuracy: 0.1354 - loss: 3.3523
[1m  4/183[0m [37m====================[0m [1m20s[0m 114ms/step - accuracy: 0.1250 - loss: 3.4158
[1m  5/183[0m [37m====================[0m [1m20s[0m 116ms/step - accuracy: 0.1437 - loss: 3.3871
[1m  6/183[0m [37m====================[0m [1m19s[0m 113ms/step - accuracy: 0.1510 - loss: 3.3772
[1m  7/183[0m [37m====================[0m [1m19s[0m 112ms/step - accuracy: 0.1451 - loss: 3.3629
[1m  8/183[0m [37m====================[0m [1m19s[0m 112ms/step - accuracy: 0.1465 - loss: 3.3554
[1m  9/183[0m [37m====================[0m [1m19s[0m 112ms/step - accuracy: 0.1545 - loss: 3.3587
[1m 10/183[0m [32m=[0m[37m===================[0m [1m19s[0m 112ms/step - accuracy: 0.1547 - loss: 3.3533
[1m 11/183[0m [32m=[0m[37m===================[0m [1m19s[0m 111ms/step - accuracy: 0.1506 - loss: 3.3557
[1m 12/183[0m [32m=[0m[37m===================[0m [1m19s[0m 111ms/step - accuracy: 0.1562 - loss: 3.3398
[1m 13/183[0m [32m=[0m[37m===================[0m [1m18s[0m 111ms/step - accuracy: 0.1599 - loss: 3.3293
[1m 14/183[0m [32m=[0m[37m===================[0m [1m18s[0m 110ms/step - accuracy: 0.1618 - loss: 3.3336
[1m 15/183[0m [32m=[0m[37m===================[0m [1m18s[0m 109ms/step - accuracy: 0.1646 - loss: 3.3196
[1m 16/183[0m [32m=[0m[37m===================[0m [1m18s[0m 109ms/step - accuracy: 0.1631 - loss: 3.3216
[1m 17/183[0m [32m=[0m[37m===================[0m [1m18s[0m 109ms/step - accuracy: 0.1664 - loss: 3.3340
[1m 18/183[0m [32m=[0m[37m===================[0m [1m17s[0m 109ms/step - accuracy: 0.1719 - loss: 3.3275
[1m 19/183[0m [32m==[0m[37m==================[0m [1m17s[0m 109ms/step - accuracy: 0.1711 - loss: 3.3254
[1m 20/183[0m [32m==[0m[37m==================[0m [1m17s[0m 109ms/step - accuracy: 0.1664 - loss: 3.3324
[1m 21/183[0m [32m==[0m[37m==================[0m [1m17s[0m 109ms/step - accuracy: 0.1652 - loss: 3.3289
[1m 22/183[0m [32m==[0m[37m==================[0m [1m17s[0m 109ms/step - accuracy: 0.1648 - loss: 3.3219
[1m 23/183[0m [32m==[0m[37m==================[0m [1m17s[0m 110ms/step - accuracy: 0.1617 - loss: 3.3258
[1m 24/183[0m [32m==[0m[37m==================[0m [1m17s[0m 109ms/step - accuracy: 0.1615 - loss: 3.3247
[1m 25/183[0m [32m==[0m[37m==================[0m [1m17s[0m 109ms/step - accuracy: 0.1569 - loss: 3.3258
[1m 26/183[0m [32m==[0m[37m==================[0m [1m17s[0m 109ms/step - accuracy: 0.1544 - loss: 3.3155
[1m 27/183[0m [32m==[0m[37m==================[0m [1m17s[0m 109ms/step - accuracy: 0.1551 - loss: 3.3127
[1m 28/183[0m [32m===[0m[37m=================[0m [1m16s[0m 109ms/step - accuracy: 0.1557 - loss: 3.3139
[1m 29/183[0m [32m===[0m[37m=================[0m [1m16s[0m 109ms/step - accuracy: 0.1573 - loss: 3.3087
[1m 30/183[0m [32m===[0m[37m=================[0m [1m16s[0m 109ms/step - accuracy: 0.1562 - loss: 3.3082
[1m 31/183[0m [32m===[0m[37m=================[0m [1m16s[0m 109ms/step - accuracy: 0.1532 - loss: 3.3165
[1m 32/183[0m [32m===[0m[37m=================[0m [1m16s[0m 109ms/step - accuracy: 0.1548 - loss: 3.3125
[1m 33/183[0m [32m===[0m[37m=================[0m [1m16s[0m 109ms/step - accuracy: 0.1562 - loss: 3.3048
[1m 34/183[0m [32m===[0m[37m=================[0m [1m16s[0m 109ms/step - accuracy: 0.1562 - loss: 3.3065
[1m 35/183[0m [32m===[0m[37m=================[0m [1m16s[0m 109ms/step - accuracy: 0.1567 - loss: 3.3036
[1m 36/183[0m [32m===[0m[37m=================[0m [1m15s[0m 109ms/step - accuracy: 0.1562 - loss: 3.3080
[1m 37/183[0m [32m====[0m[37m================[0m [1m15s[0m 109ms/step - accuracy: 0.1546 - loss: 3.3133
[1m 38/183[0m [32m====[0m[37m================[0m [1m15s[0m 109ms/step - accuracy: 0.1534 - loss: 3.3119
[1m 39/183[0m [32m====[0m[37m================[0m [1m15s[0m 108ms/step - accuracy: 0.1530 - loss: 3.3105
[1m 40/183[0m [32m====[0m[37m================[0m [1m15s[0m 108ms/step - accuracy: 0.1527 - loss: 3.3046
[1m 41/183[0m [32m====[0m[37m================[0m [1m15s[0m 108ms/step - accuracy: 0.1532 - loss: 3.3049
[1m 42/183[0m [32m====[0m[37m================[0m [1m15s[0m 107ms/step - accuracy: 0.1536 - loss: 3.3028
[1m 43/183[0m [32m====[0m[37m================[0m [1m14s[0m 107ms/step - accuracy: 0.1548 - loss: 3.2976
[1m 44/183[0m [32m====[0m[37m================[0m [1m14s[0m 107ms/step - accuracy: 0.1552 - loss: 3.2980
[1m 45/183[0m [32m====[0m[37m================[0m [1m14s[0m 107ms/step - accuracy: 0.1552 - loss: 3.3003
[1m 46/183[0m [32m=====[0m[37m===============[0m [1m14s[0m 107ms/step - accuracy: 0.1546 - loss: 3.2988
[1m 47/183[0m [32m=====[0m[37m===============[0m [1m14s[0m 106ms/step - accuracy: 0.1533 - loss: 3.3033
[1m 48/183[0m [32m=====[0m[37m===============[0m [1m14s[0m 106ms/step - accuracy: 0.1543 - loss: 3.2991
[1m 49/183[0m [32m=====[0m[37m===============[0m [1m14s[0m 106ms/step - accuracy: 0.1547 - loss: 3.2953
[1m 50/183[0m [32m=====[0m[37m===============[0m [1m14s[0m 106ms/step - accuracy: 0.1547 - loss: 3.2908
[1m 51/183[0m [32m=====[0m[37m===============[0m [1m14s[0m 106ms/step - accuracy: 0.1550 - loss: 3.2882
[1m 52/183[0m [32m=====[0m[37m===============[0m [1m13s[0m 106ms/step - accuracy: 0.1559 - loss: 3.2836
[1m 53/183[0m [32m=====[0m[37m===============[0m [1m13s[0m 106ms/step - accuracy: 0.1583 - loss: 3.2773
[1m 54/183[0m [32m=====[0m[37m===============[0m [1m13s[0m 106ms/step - accuracy: 0.1580 - loss: 3.2821
[1m 55/183[0m [32m======[0m[37m==============[0m [1m13s[0m 107ms/step - accuracy: 0.1582 - loss: 3.2818
[1m 56/183[0m [32m======[0m[37m==============[0m [1m13s[0m 107ms/step - accuracy: 0.1588 - loss: 3.2760
[1m 57/183[0m [32m======[0m[37m==============[0m [1m13s[0m 107ms/step - accuracy: 0.1598 - loss: 3.2747
[1m 58/183[0m [32m======[0m[37m==============[0m [1m13s[0m 107ms/step - accuracy: 0.1614 - loss: 3.2691
[1m 59/183[0m [32m======[0m[37m==============[0m [1m13s[0m 107ms/step - accuracy: 0.1608 - loss: 3.2688
[1m 60/183[0m [32m======[0m[37m==============[0m [1m13s[0m 107ms/step - accuracy: 0.1602 - loss: 3.2679
[1m 61/183[0m [32m======[0m[37m==============[0m [1m12s[0m 106ms/step - accuracy: 0.1596 - loss: 3.2686
[1m 62/183[0m [32m======[0m[37m==============[0m [1m12s[0m 106ms/step - accuracy: 0.1600 - loss: 3.2696
[1m 63/183[0m [32m======[0m[37m==============[0m [1m12s[0m 107ms/step - accuracy: 0.1605 - loss: 3.2688
[1m 64/183[0m [32m======[0m[37m==============[0m [1m12s[0m 106ms/step - accuracy: 0.1619 - loss: 3.2630
[1m 65/183[0m [32m=======[0m[37m=============[0m [1m12s[0m 106ms/step - accuracy: 0.1625 - loss: 3.2590
[1m 66/183[0m [32m=======[0m[37m=============[0m [1m12s[0m 106ms/step - accuracy: 0.1634 - loss: 3.2601
[1m 67/183[0m [32m=======[0m[37m=============[0m [1m12s[0m 106ms/step - accuracy: 0.1625 - loss: 3.2631
[1m 68/183[0m [32m=======[0m[37m=============[0m [1m12s[0m 106ms/step - accuracy: 0.1629 - loss: 3.2620
[1m 69/183[0m [32m=======[0m[37m=============[0m [1m12s[0m 106ms/step - accuracy: 0.1624 - loss: 3.2624
[1m 70/183[0m [32m=======[0m[37m=============[0m [1m11s[0m 106ms/step - accuracy: 0.1634 - loss: 3.2593
[1m 71/183[0m [32m=======[0m[37m=============[0m [1m11s[0m 106ms/step - accuracy: 0.1640 - loss: 3.2578
[1m 72/183[0m [32m=======[0m[37m=============[0m [1m11s[0m 106ms/step - accuracy: 0.1649 - loss: 3.2554
[1m 73/183[0m [32m=======[0m[37m=============[0m [1m11s[0m 106ms/step - accuracy: 0.1648 - loss: 3.2543
[1m 74/183[0m [32m========[0m[37m============[0m [1m11s[0m 106ms/step - accuracy: 0.1649 - loss: 3.2553
[1m 75/183[0m [32m========[0m[37m============[0m [1m11s[0m 106ms/step - accuracy: 0.1656 - loss: 3.2539
[1m 76/183[0m [32m========[0m[37m============[0m [1m11s[0m 106ms/step - accuracy: 0.1657 - loss: 3.2553
[1m 77/183[0m [32m========[0m[37m============[0m [1m11s[0m 106ms/step - accuracy: 0.1658 - loss: 3.2555
[1m 78/183[0m [32m========[0m[37m============[0m [1m11s[0m 106ms/step - accuracy: 0.1671 - loss: 3.2557
[1m 79/183[0m [32m========[0m[37m============[0m [1m10s[0m 106ms/step - accuracy: 0.1681 - loss: 3.2517
[1m 80/183[0m [32m========[0m[37m============[0m [1m10s[0m 106ms/step - accuracy: 0.1682 - loss: 3.2495
[1m 81/183[0m [32m========[0m[37m============[0m [1m10s[0m 106ms/step - accuracy: 0.1684 - loss: 3.2491
[1m 82/183[0m [32m========[0m[37m============[0m [1m10s[0m 106ms/step - accuracy: 0.1688 - loss: 3.2463
[1m 83/183[0m [32m=========[0m[37m===========[0m [1m10s[0m 106ms/step - accuracy: 0.1689 - loss: 3.2447
[1m 84/183[0m [32m=========[0m[37m===========[0m [1m10s[0m 106ms/step - accuracy: 0.1687 - loss: 3.2453
[1m 85/183[0m [32m=========[0m[37m===========[0m [1m10s[0m 106ms/step - accuracy: 0.1693 - loss: 3.2435
[1m 86/183[0m [32m=========[0m[37m===========[0m [1m10s[0m 106ms/step - accuracy: 0.1706 - loss: 3.2397
[1m 87/183[0m [32m=========[0m[37m===========[0m [1m10s[0m 106ms/step - accuracy: 0.1703 - loss: 3.2431
[1m 88/183[0m [32m=========[0m[37m===========[0m [1m10s[0m 106ms/step - accuracy: 0.1705 - loss: 3.2450
[1m 89/183[0m [32m=========[0m[37m===========[0m [1m9s[0m 106ms/step - accuracy: 0.1699 - loss: 3.2463 
[1m 90/183[0m [32m=========[0m[37m===========[0m [1m9s[0m 106ms/step - accuracy: 0.1705 - loss: 3.2446
[1m 91/183[0m [32m=========[0m[37m===========[0m [1m9s[0m 106ms/step - accuracy: 0.1702 - loss: 3.2452
[1m 92/183[0m [32m==========[0m[37m==========[0m [1m9s[0m 106ms/step - accuracy: 0.1712 - loss: 3.2423
[1m 93/183[0m [32m==========[0m[37m==========[0m [1m9s[0m 106ms/step - accuracy: 0.1707 - loss: 3.2403
[1m 94/183[0m [32m==========[0m[37m==========[0m [1m9s[0m 106ms/step - accuracy: 0.1704 - loss: 3.2389
[1m 95/183[0m [32m==========[0m[37m==========[0m [1m9s[0m 106ms/step - accuracy: 0.1706 - loss: 3.2416
[1m 96/183[0m [32m==========[0m[37m==========[0m [1m9s[0m 106ms/step - accuracy: 0.1711 - loss: 3.2403
[1m 97/183[0m [32m==========[0m[37m==========[0m [1m9s[0m 106ms/step - accuracy: 0.1709 - loss: 3.2434
[1m 98/183[0m [32m==========[0m[37m==========[0m [1m9s[0m 106ms/step - accuracy: 0.1716 - loss: 3.2402
[1m 99/183[0m [32m==========[0m[37m==========[0m [1m8s[0m 106ms/step - accuracy: 0.1709 - loss: 3.2446
[1m100/183[0m [32m==========[0m[37m==========[0m [1m8s[0m 106ms/step - accuracy: 0.1705 - loss: 3.2455
[1m101/183[0m [32m===========[0m[37m=========[0m [1m8s[0m 106ms/step - accuracy: 0.1717 - loss: 3.2438
[1m102/183[0m [32m===========[0m[37m=========[0m [1m8s[0m 106ms/step - accuracy: 0.1716 - loss: 3.2416
[1m103/183[0m [32m===========[0m[37m=========[0m [1m8s[0m 106ms/step - accuracy: 0.1713 - loss: 3.2420
[1m104/183[0m [32m===========[0m[37m=========[0m [1m8s[0m 106ms/step - accuracy: 0.1722 - loss: 3.2392
[1m105/183[0m [32m===========[0m[37m=========[0m [1m8s[0m 106ms/step - accuracy: 0.1719 - loss: 3.2392
[1m106/183[0m [32m===========[0m[37m=========[0m [1m8s[0m 107ms/step - accuracy: 0.1720 - loss: 3.2383
[1m107/183[0m [32m===========[0m[37m=========[0m [1m8s[0m 107ms/step - accuracy: 0.1723 - loss: 3.2384
[1m108/183[0m [32m===========[0m[37m=========[0m [1m8s[0m 107ms/step - accuracy: 0.1727 - loss: 3.2394
[1m109/183[0m [32m===========[0m[37m=========[0m [1m7s[0m 107ms/step - accuracy: 0.1733 - loss: 3.2373
[1m110/183[0m [32m============[0m[37m========[0m [1m7s[0m 107ms/step - accuracy: 0.1739 - loss: 3.2342
[1m111/183[0m [32m============[0m[37m========[0m [1m7s[0m 108ms/step - accuracy: 0.1744 - loss: 3.2314
[1m112/183[0m [32m============[0m[37m========[0m [1m7s[0m 108ms/step - accuracy: 0.1748 - loss: 3.2306
[1m113/183[0m [32m============[0m[37m========[0m [1m7s[0m 108ms/step - accuracy: 0.1757 - loss: 3.2272
[1m114/183[0m [32m============[0m[37m========[0m [1m7s[0m 107ms/step - accuracy: 0.1758 - loss: 3.2259
[1m115/183[0m [32m============[0m[37m========[0m [1m7s[0m 107ms/step - accuracy: 0.1755 - loss: 3.2280
[1m116/183[0m [32m============[0m[37m========[0m [1m7s[0m 108ms/step - accuracy: 0.1763 - loss: 3.2266
[1m117/183[0m [32m============[0m[37m========[0m [1m7s[0m 108ms/step - accuracy: 0.1763 - loss: 3.2269
[1m118/183[0m [32m============[0m[37m========[0m [1m7s[0m 108ms/step - accuracy: 0.1756 - loss: 3.2278
[1m119/183[0m [32m=============[0m[37m=======[0m [1m6s[0m 108ms/step - accuracy: 0.1754 - loss: 3.2281
[1m120/183[0m [32m=============[0m[37m=======[0m [1m6s[0m 108ms/step - accuracy: 0.1753 - loss: 3.2310
[1m121/183[0m [32m=============[0m[37m=======[0m [1m6s[0m 108ms/step - accuracy: 0.1759 - loss: 3.2280
[1m122/183[0m [32m=============[0m[37m=======[0m [1m6s[0m 108ms/step - accuracy: 0.1767 - loss: 3.2271
[1m123/183[0m [32m=============[0m[37m=======[0m [1m6s[0m 108ms/step - accuracy: 0.1772 - loss: 3.2256
[1m124/183[0m [32m=============[0m[37m=======[0m [1m6s[0m 108ms/step - accuracy: 0.1774 - loss: 3.2265
[1m125/183[0m [32m=============[0m[37m=======[0m [1m6s[0m 108ms/step - accuracy: 0.1774 - loss: 3.2258
[1m126/183[0m [32m=============[0m[37m=======[0m [1m6s[0m 108ms/step - accuracy: 0.1773 - loss: 3.2265
[1m127/183[0m [32m=============[0m[37m=======[0m [1m6s[0m 108ms/step - accuracy: 0.1775 - loss: 3.2262
[1m128/183[0m [32m=============[0m[37m=======[0m [1m5s[0m 108ms/step - accuracy: 0.1774 - loss: 3.2255
[1m129/183[0m [32m==============[0m[37m======[0m [1m5s[0m 108ms/step - accuracy: 0.1781 - loss: 3.2245
[1m130/183[0m [32m==============[0m[37m======[0m [1m5s[0m 108ms/step - accuracy: 0.1780 - loss: 3.2265
[1m131/183[0m [32m==============[0m[37m======[0m [1m5s[0m 108ms/step - accuracy: 0.1787 - loss: 3.2240
[1m132/183[0m [32m==============[0m[37m======[0m [1m5s[0m 108ms/step - accuracy: 0.1783 - loss: 3.2251
[1m133/183[0m [32m==============[0m[37m======[0m [1m5s[0m 108ms/step - accuracy: 0.1786 - loss: 3.2240
[1m134/183[0m [32m==============[0m[37m======[0m [1m5s[0m 108ms/step - accuracy: 0.1793 - loss: 3.2224
[1m135/183[0m [32m==============[0m[37m======[0m [1m5s[0m 108ms/step - accuracy: 0.1794 - loss: 3.2218
[1m136/183[0m [32m==============[0m[37m======[0m [1m5s[0m 108ms/step - accuracy: 0.1797 - loss: 3.2195
[1m137/183[0m [32m==============[0m[37m======[0m [1m4s[0m 108ms/step - accuracy: 0.1797 - loss: 3.2185
[1m138/183[0m [32m===============[0m[37m=====[0m [1m4s[0m 108ms/step - accuracy: 0.1805 - loss: 3.2178
[1m139/183[0m [32m===============[0m[37m=====[0m [1m4s[0m 108ms/step - accuracy: 0.1803 - loss: 3.2175
[1m140/183[0m [32m===============[0m[37m=====[0m [1m4s[0m 108ms/step - accuracy: 0.1807 - loss: 3.2150
[1m141/183[0m [32m===============[0m[37m=====[0m [1m4s[0m 108ms/step - accuracy: 0.1800 - loss: 3.2173
[1m142/183[0m [32m===============[0m[37m=====[0m [1m4s[0m 109ms/step - accuracy: 0.1799 - loss: 3.2163
[1m143/183[0m [32m===============[0m[37m=====[0m [1m4s[0m 109ms/step - accuracy: 0.1800 - loss: 3.2158
[1m144/183[0m [32m===============[0m[37m=====[0m [1m4s[0m 109ms/step - accuracy: 0.1796 - loss: 3.2174
[1m145/183[0m [32m===============[0m[37m=====[0m [1m4s[0m 109ms/step - accuracy: 0.1795 - loss: 3.2182
[1m146/183[0m [32m===============[0m[37m=====[0m [1m4s[0m 109ms/step - accuracy: 0.1794 - loss: 3.2180
[1m147/183[0m [32m================[0m[37m====[0m [1m3s[0m 109ms/step - accuracy: 0.1797 - loss: 3.2173
[1m148/183[0m [32m================[0m[37m====[0m [1m3s[0m 109ms/step - accuracy: 0.1795 - loss: 3.2182
[1m149/183[0m [32m================[0m[37m====[0m [1m3s[0m 109ms/step - accuracy: 0.1798 - loss: 3.2166
[1m150/183[0m [32m================[0m[37m====[0m [1m3s[0m 109ms/step - accuracy: 0.1803 - loss: 3.2151
[1m151/183[0m [32m================[0m[37m====[0m [1m3s[0m 109ms/step - accuracy: 0.1800 - loss: 3.2147
[1m152/183[0m [32m================[0m[37m====[0m [1m3s[0m 109ms/step - accuracy: 0.1807 - loss: 3.2140
[1m153/183[0m [32m================[0m[37m====[0m [1m3s[0m 109ms/step - accuracy: 0.1807 - loss: 3.2135
[1m154/183[0m [32m================[0m[37m====[0m [1m3s[0m 109ms/step - accuracy: 0.1810 - loss: 3.2107
[1m155/183[0m [32m================[0m[37m====[0m [1m3s[0m 109ms/step - accuracy: 0.1811 - loss: 3.2101
[1m156/183[0m [32m=================[0m[37m===[0m [1m2s[0m 109ms/step - accuracy: 0.1812 - loss: 3.2108
[1m157/183[0m [32m=================[0m[37m===[0m [1m2s[0m 109ms/step - accuracy: 0.1809 - loss: 3.2105
[1m158/183[0m [32m=================[0m[37m===[0m [1m2s[0m 109ms/step - accuracy: 0.1810 - loss: 3.2095
[1m159/183[0m [32m=================[0m[37m===[0m [1m2s[0m 108ms/step - accuracy: 0.1812 - loss: 3.2084
[1m160/183[0m [32m=================[0m[37m===[0m [1m2s[0m 108ms/step - accuracy: 0.1811 - loss: 3.2086
[1m161/183[0m [32m=================[0m[37m===[0m [1m2s[0m 108ms/step - accuracy: 0.1812 - loss: 3.2074
[1m162/183[0m [32m=================[0m[37m===[0m [1m2s[0m 108ms/step - accuracy: 0.1815 - loss: 3.2060
[1m163/183[0m [32m=================[0m[37m===[0m [1m2s[0m 108ms/step - accuracy: 0.1818 - loss: 3.2051
[1m164/183[0m [32m=================[0m[37m===[0m [1m2s[0m 108ms/step - accuracy: 0.1820 - loss: 3.2052
[1m165/183[0m [32m==================[0m[37m==[0m [1m1s[0m 108ms/step - accuracy: 0.1818 - loss: 3.2047
[1m166/183[0m [32m==================[0m[37m==[0m [1m1s[0m 108ms/step - accuracy: 0.1817 - loss: 3.2057
[1m167/183[0m [32m==================[0m[37m==[0m [1m1s[0m 108ms/step - accuracy: 0.1815 - loss: 3.2055
[1m168/183[0m [32m==================[0m[37m==[0m [1m1s[0m 108ms/step - accuracy: 0.1813 - loss: 3.2061
[1m169/183[0m [32m==================[0m[37m==[0m [1m1s[0m 108ms/step - accuracy: 0.1810 - loss: 3.2058
[1m170/183[0m [32m==================[0m[37m==[0m [1m1s[0m 108ms/step - accuracy: 0.1814 - loss: 3.2063
[1m171/183[0m [32m==================[0m[37m==[0m [1m1s[0m 108ms/step - accuracy: 0.1819 - loss: 3.2041
[1m172/183[0m [32m==================[0m[37m==[0m [1m1s[0m 108ms/step - accuracy: 0.1814 - loss: 3.2047
[1m173/183[0m [32m==================[0m[37m==[0m [1m1s[0m 108ms/step - accuracy: 0.1819 - loss: 3.2023
[1m174/183[0m [32m===================[0m[37m=[0m [1m0s[0m 108ms/step - accuracy: 0.1814 - loss: 3.2033
[1m175/183[0m [32m===================[0m[37m=[0m [1m0s[0m 108ms/step - accuracy: 0.1811 - loss: 3.2041
[1m176/183[0m [32m===================[0m[37m=[0m [1m0s[0m 108ms/step - accuracy: 0.1809 - loss: 3.2031
[1m177/183[0m [32m===================[0m[37m=[0m [1m0s[0m 107ms/step - accuracy: 0.1807 - loss: 3.2042
[1m178/183[0m [32m===================[0m[37m=[0m [1m0s[0m 107ms/step - accuracy: 0.1806 - loss: 3.2043
[1m179/183[0m [32m===================[0m[37m=[0m [1m0s[0m 107ms/step - accuracy: 0.1801 - loss: 3.2051
[1m180/183[0m [32m===================[0m[37m=[0m [1m0s[0m 107ms/step - accuracy: 0.1799 - loss: 3.2058
[1m181/183[0m [32m===================[0m[37m=[0m [1m0s[0m 107ms/step - accuracy: 0.1798 - loss: 3.2058
[1m182/183[0m [32m===================[0m[37m=[0m [1m0s[0m 107ms/step - accuracy: 0.1799 - loss: 3.2051
[1m183/183[0m [32m====================[0m[37m[0m [1m0s[0m 107ms/step - accuracy: 0.1797 - loss: 3.2053
[1m183/183[0m [32m====================[0m[37m[0m [1m22s[0m 117ms/step - accuracy: 0.1797 - loss: 3.2053 - val_accuracy: 0.0943 - val_loss: 3.9985 - learning_rate: 0.0010
Epoch 10/15

[1m  1/183[0m [37m====================[0m [1m28s[0m 156ms/step - accuracy: 0.2188 - loss: 2.9170
[1m  2/183[0m [37m====================[0m [1m22s[0m 122ms/step - accuracy: 0.2031 - loss: 2.9969
[1m  3/183[0m [37m====================[0m [1m21s[0m 119ms/step - accuracy: 0.1823 - loss: 3.0075
[1m  4/183[0m [37m====================[0m [1m21s[0m 118ms/step - accuracy: 0.1758 - loss: 3.0085
[1m  5/183[0m [37m====================[0m [1m21s[0m 118ms/step - accuracy: 0.1844 - loss: 3.0361
[1m  6/183[0m [37m====================[0m [1m21s[0m 122ms/step - accuracy: 0.1823 - loss: 3.0316
[1m  7/183[0m [37m====================[0m [1m20s[0m 118ms/step - accuracy: 0.1897 - loss: 3.0073
[1m  8/183[0m [37m====================[0m [1m20s[0m 117ms/step - accuracy: 0.1992 - loss: 2.9903
[1m  9/183[0m [37m====================[0m [1m20s[0m 117ms/step - accuracy: 0.1962 - loss: 2.9825
[1m 10/183[0m [32m=[0m[37m===================[0m [1m20s[0m 118ms/step - accuracy: 0.1984 - loss: 2.9783
[1m 11/183[0m [32m=[0m[37m===================[0m [1m20s[0m 118ms/step - accuracy: 0.1960 - loss: 3.0025
[1m 12/183[0m [32m=[0m[37m===================[0m [1m20s[0m 117ms/step - accuracy: 0.1992 - loss: 2.9911
[1m 13/183[0m [32m=[0m[37m===================[0m [1m19s[0m 117ms/step - accuracy: 0.1899 - loss: 3.0152
[1m 14/183[0m [32m=[0m[37m===================[0m [1m19s[0m 116ms/step - accuracy: 0.1897 - loss: 3.0368
[1m 15/183[0m [32m=[0m[37m===================[0m [1m19s[0m 115ms/step - accuracy: 0.1906 - loss: 3.0405
[1m 16/183[0m [32m=[0m[37m===================[0m [1m19s[0m 114ms/step - accuracy: 0.1924 - loss: 3.0321
[1m 17/183[0m [32m=[0m[37m===================[0m [1m18s[0m 114ms/step - accuracy: 0.1958 - loss: 3.0198
[1m 18/183[0m [32m=[0m[37m===================[0m [1m18s[0m 114ms/step - accuracy: 0.1918 - loss: 3.0379
[1m 19/183[0m [32m==[0m[37m==================[0m [1m18s[0m 115ms/step - accuracy: 0.1941 - loss: 3.0238
[1m 20/183[0m [32m==[0m[37m==================[0m [1m18s[0m 115ms/step - accuracy: 0.1914 - loss: 3.0269
[1m 21/183[0m [32m==[0m[37m==================[0m [1m18s[0m 115ms/step - accuracy: 0.1890 - loss: 3.0415
[1m 22/183[0m [32m==[0m[37m==================[0m [1m18s[0m 115ms/step - accuracy: 0.1882 - loss: 3.0514
[1m 23/183[0m [32m==[0m[37m==================[0m [1m18s[0m 115ms/step - accuracy: 0.1861 - loss: 3.0564
[1m 24/183[0m [32m==[0m[37m==================[0m [1m18s[0m 114ms/step - accuracy: 0.1895 - loss: 3.0566
[1m 25/183[0m [32m==[0m[37m==================[0m [1m17s[0m 114ms/step - accuracy: 0.1931 - loss: 3.0478
[1m 26/183[0m [32m==[0m[37m==================[0m [1m17s[0m 113ms/step - accuracy: 0.1917 - loss: 3.0565
[1m 27/183[0m [32m==[0m[37m==================[0m [1m17s[0m 113ms/step - accuracy: 0.1927 - loss: 3.0536
[1m 28/183[0m [32m===[0m[37m=================[0m [1m17s[0m 114ms/step - accuracy: 0.1942 - loss: 3.0509
[1m 29/183[0m [32m===[0m[37m=================[0m [1m17s[0m 113ms/step - accuracy: 0.1956 - loss: 3.0528
[1m 30/183[0m [32m===[0m[37m=================[0m [1m17s[0m 113ms/step - accuracy: 0.1969 - loss: 3.0480
[1m 31/183[0m [32m===[0m[37m=================[0m [1m17s[0m 113ms/step - accuracy: 0.1946 - loss: 3.0531
[1m 32/183[0m [32m===[0m[37m=================[0m [1m17s[0m 113ms/step - accuracy: 0.1929 - loss: 3.0543
[1m 33/183[0m [32m===[0m[37m=================[0m [1m16s[0m 113ms/step - accuracy: 0.1951 - loss: 3.0490
[1m 34/183[0m [32m===[0m[37m=================[0m [1m16s[0m 112ms/step - accuracy: 0.1962 - loss: 3.0494
[1m 35/183[0m [32m===[0m[37m=================[0m [1m16s[0m 112ms/step - accuracy: 0.1978 - loss: 3.0466
[1m 36/183[0m [32m===[0m[37m=================[0m [1m16s[0m 111ms/step - accuracy: 0.1966 - loss: 3.0481
[1m 37/183[0m [32m====[0m[37m================[0m [1m16s[0m 111ms/step - accuracy: 0.1959 - loss: 3.0493
[1m 38/183[0m [32m====[0m[37m================[0m [1m16s[0m 111ms/step - accuracy: 0.1957 - loss: 3.0557
[1m 39/183[0m [32m====[0m[37m================[0m [1m15s[0m 111ms/step - accuracy: 0.1971 - loss: 3.0515
[1m 40/183[0m [32m====[0m[37m================[0m [1m15s[0m 111ms/step - accuracy: 0.2000 - loss: 3.0476
[1m 41/183[0m [32m====[0m[37m================[0m [1m15s[0m 111ms/step - accuracy: 0.2012 - loss: 3.0460
[1m 42/183[0m [32m====[0m[37m================[0m [1m15s[0m 110ms/step - accuracy: 0.2005 - loss: 3.0506
[1m 43/183[0m [32m====[0m[37m================[0m [1m15s[0m 112ms/step - accuracy: 0.1999 - loss: 3.0543
[1m 44/183[0m [32m====[0m[37m================[0m [1m15s[0m 112ms/step - accuracy: 0.1999 - loss: 3.0532
[1m 45/183[0m [32m====[0m[37m================[0m [1m15s[0m 112ms/step - accuracy: 0.1997 - loss: 3.0578
[1m 46/183[0m [32m=====[0m[37m===============[0m [1m15s[0m 112ms/step - accuracy: 0.1990 - loss: 3.0615
[1m 47/183[0m [32m=====[0m[37m===============[0m [1m15s[0m 112ms/step - accuracy: 0.1981 - loss: 3.0663
[1m 48/183[0m [32m=====[0m[37m===============[0m [1m15s[0m 112ms/step - accuracy: 0.1966 - loss: 3.0717
[1m 49/183[0m [32m=====[0m[37m===============[0m [1m15s[0m 112ms/step - accuracy: 0.1945 - loss: 3.0769
[1m 50/183[0m [32m=====[0m[37m===============[0m [1m14s[0m 112ms/step - accuracy: 0.1956 - loss: 3.0768
[1m 51/183[0m [32m=====[0m[37m===============[0m [1m14s[0m 112ms/step - accuracy: 0.1958 - loss: 3.0794
[1m 52/183[0m [32m=====[0m[37m===============[0m [1m14s[0m 112ms/step - accuracy: 0.1965 - loss: 3.0788
[1m 53/183[0m [32m=====[0m[37m===============[0m [1m14s[0m 112ms/step - accuracy: 0.1978 - loss: 3.0754
[1m 54/183[0m [32m=====[0m[37m===============[0m [1m14s[0m 112ms/step - accuracy: 0.1973 - loss: 3.0733
[1m 55/183[0m [32m======[0m[37m==============[0m [1m14s[0m 112ms/step - accuracy: 0.1977 - loss: 3.0718
[1m 56/183[0m [32m======[0m[37m==============[0m [1m14s[0m 111ms/step - accuracy: 0.1961 - loss: 3.0752
[1m 57/183[0m [32m======[0m[37m==============[0m [1m13s[0m 111ms/step - accuracy: 0.1954 - loss: 3.0784
[1m 58/183[0m [32m======[0m[37m==============[0m [1m13s[0m 111ms/step - accuracy: 0.1959 - loss: 3.0738
[1m 59/183[0m [32m======[0m[37m==============[0m [1m13s[0m 111ms/step - accuracy: 0.1968 - loss: 3.0736
[1m 60/183[0m [32m======[0m[37m==============[0m [1m13s[0m 111ms/step - accuracy: 0.1964 - loss: 3.0746
[1m 61/183[0m [32m======[0m[37m==============[0m [1m13s[0m 111ms/step - accuracy: 0.1965 - loss: 3.0721
[1m 62/183[0m [32m======[0m[37m==============[0m [1m13s[0m 110ms/step - accuracy: 0.1956 - loss: 3.0761
[1m 63/183[0m [32m======[0m[37m==============[0m [1m13s[0m 110ms/step - accuracy: 0.1949 - loss: 3.0768
[1m 64/183[0m [32m======[0m[37m==============[0m [1m13s[0m 110ms/step - accuracy: 0.1960 - loss: 3.0736
[1m 65/183[0m [32m=======[0m[37m=============[0m [1m12s[0m 110ms/step - accuracy: 0.1976 - loss: 3.0706
[1m 66/183[0m [32m=======[0m[37m=============[0m [1m12s[0m 110ms/step - accuracy: 0.1979 - loss: 3.0684
[1m 67/183[0m [32m=======[0m[37m=============[0m [1m12s[0m 110ms/step - accuracy: 0.1985 - loss: 3.0682
[1m 68/183[0m [32m=======[0m[37m=============[0m [1m12s[0m 111ms/step - accuracy: 0.1985 - loss: 3.0673
[1m 69/183[0m [32m=======[0m[37m=============[0m [1m12s[0m 111ms/step - accuracy: 0.1986 - loss: 3.0667
[1m 70/183[0m [32m=======[0m[37m=============[0m [1m12s[0m 111ms/step - accuracy: 0.1984 - loss: 3.0664
[1m 71/183[0m [32m=======[0m[37m=============[0m [1m12s[0m 111ms/step - accuracy: 0.1996 - loss: 3.0616
[1m 72/183[0m [32m=======[0m[37m=============[0m [1m12s[0m 110ms/step - accuracy: 0.2007 - loss: 3.0589
[1m 73/183[0m [32m=======[0m[37m=============[0m [1m12s[0m 110ms/step - accuracy: 0.2012 - loss: 3.0580
[1m 74/183[0m [32m========[0m[37m============[0m [1m12s[0m 110ms/step - accuracy: 0.2016 - loss: 3.0535
[1m 75/183[0m [32m========[0m[37m============[0m [1m11s[0m 110ms/step - accuracy: 0.2029 - loss: 3.0526
[1m 76/183[0m [32m========[0m[37m============[0m [1m11s[0m 110ms/step - accuracy: 0.2033 - loss: 3.0513
[1m 77/183[0m [32m========[0m[37m============[0m [1m11s[0m 110ms/step - accuracy: 0.2035 - loss: 3.0539
[1m 78/183[0m [32m========[0m[37m============[0m [1m11s[0m 110ms/step - accuracy: 0.2023 - loss: 3.0567
[1m 79/183[0m [32m========[0m[37m============[0m [1m11s[0m 110ms/step - accuracy: 0.2011 - loss: 3.0621
[1m 80/183[0m [32m========[0m[37m============[0m [1m11s[0m 110ms/step - accuracy: 0.2020 - loss: 3.0599
[1m 81/183[0m [32m========[0m[37m============[0m [1m11s[0m 110ms/step - accuracy: 0.2014 - loss: 3.0615
[1m 82/183[0m [32m========[0m[37m============[0m [1m11s[0m 110ms/step - accuracy: 0.2014 - loss: 3.0606
[1m 83/183[0m [32m=========[0m[37m===========[0m [1m10s[0m 110ms/step - accuracy: 0.2016 - loss: 3.0633
[1m 84/183[0m [32m=========[0m[37m===========[0m [1m10s[0m 110ms/step - accuracy: 0.2015 - loss: 3.0628
[1m 85/183[0m [32m=========[0m[37m===========[0m [1m10s[0m 109ms/step - accuracy: 0.2011 - loss: 3.0631
[1m 86/183[0m [32m=========[0m[37m===========[0m [1m10s[0m 109ms/step - accuracy: 0.2004 - loss: 3.0644
[1m 87/183[0m [32m=========[0m[37m===========[0m [1m10s[0m 109ms/step - accuracy: 0.1997 - loss: 3.0657
[1m 88/183[0m [32m=========[0m[37m===========[0m [1m10s[0m 109ms/step - accuracy: 0.1994 - loss: 3.0670
[1m 89/183[0m [32m=========[0m[37m===========[0m [1m10s[0m 109ms/step - accuracy: 0.2001 - loss: 3.0648
[1m 90/183[0m [32m=========[0m[37m===========[0m [1m10s[0m 109ms/step - accuracy: 0.1995 - loss: 3.0667
[1m 91/183[0m [32m=========[0m[37m===========[0m [1m9s[0m 109ms/step - accuracy: 0.1992 - loss: 3.0665 
[1m 92/183[0m [32m==========[0m[37m==========[0m [1m9s[0m 108ms/step - accuracy: 0.1999 - loss: 3.0640
[1m 93/183[0m [32m==========[0m[37m==========[0m [1m9s[0m 108ms/step - accuracy: 0.1993 - loss: 3.0660
[1m 94/183[0m [32m==========[0m[37m==========[0m [1m9s[0m 108ms/step - accuracy: 0.1988 - loss: 3.0696
[1m 95/183[0m [32m==========[0m[37m==========[0m [1m9s[0m 108ms/step - accuracy: 0.1995 - loss: 3.0703
[1m 96/183[0m [32m==========[0m[37m==========[0m [1m9s[0m 108ms/step - accuracy: 0.2000 - loss: 3.0712
[1m 97/183[0m [32m==========[0m[37m==========[0m [1m9s[0m 108ms/step - accuracy: 0.2002 - loss: 3.0699
[1m 98/183[0m [32m==========[0m[37m==========[0m [1m9s[0m 108ms/step - accuracy: 0.2006 - loss: 3.0682
[1m 99/183[0m [32m==========[0m[37m==========[0m [1m9s[0m 107ms/step - accuracy: 0.1998 - loss: 3.0707
[1m100/183[0m [32m==========[0m[37m==========[0m [1m8s[0m 107ms/step - accuracy: 0.2003 - loss: 3.0729
[1m101/183[0m [32m===========[0m[37m=========[0m [1m8s[0m 107ms/step - accuracy: 0.2014 - loss: 3.0707
[1m102/183[0m [32m===========[0m[37m=========[0m [1m8s[0m 108ms/step - accuracy: 0.2011 - loss: 3.0729
[1m103/183[0m [32m===========[0m[37m=========[0m [1m8s[0m 108ms/step - accuracy: 0.2010 - loss: 3.0751
[1m104/183[0m [32m===========[0m[37m=========[0m [1m8s[0m 108ms/step - accuracy: 0.2001 - loss: 3.0770
[1m105/183[0m [32m===========[0m[37m=========[0m [1m8s[0m 108ms/step - accuracy: 0.2010 - loss: 3.0749
[1m106/183[0m [32m===========[0m[37m=========[0m [1m8s[0m 108ms/step - accuracy: 0.2021 - loss: 3.0751
[1m107/183[0m [32m===========[0m[37m=========[0m [1m8s[0m 108ms/step - accuracy: 0.2021 - loss: 3.0783
[1m108/183[0m [32m===========[0m[37m=========[0m [1m8s[0m 108ms/step - accuracy: 0.2023 - loss: 3.0779
[1m109/183[0m [32m===========[0m[37m=========[0m [1m8s[0m 108ms/step - accuracy: 0.2023 - loss: 3.0773
[1m110/183[0m [32m============[0m[37m========[0m [1m7s[0m 108ms/step - accuracy: 0.2030 - loss: 3.0752
[1m111/183[0m [32m============[0m[37m========[0m [1m7s[0m 108ms/step - accuracy: 0.2027 - loss: 3.0762
[1m112/183[0m [32m============[0m[37m========[0m [1m7s[0m 108ms/step - accuracy: 0.2035 - loss: 3.0758
[1m113/183[0m [32m============[0m[37m========[0m [1m7s[0m 108ms/step - accuracy: 0.2042 - loss: 3.0737
[1m114/183[0m [32m============[0m[37m========[0m [1m7s[0m 108ms/step - accuracy: 0.2042 - loss: 3.0719
[1m115/183[0m [32m============[0m[37m========[0m [1m7s[0m 109ms/step - accuracy: 0.2042 - loss: 3.0701
[1m116/183[0m [32m============[0m[37m========[0m [1m7s[0m 109ms/step - accuracy: 0.2043 - loss: 3.0693
[1m117/183[0m [32m============[0m[37m========[0m [1m7s[0m 109ms/step - accuracy: 0.2037 - loss: 3.0715
[1m118/183[0m [32m============[0m[37m========[0m [1m7s[0m 109ms/step - accuracy: 0.2035 - loss: 3.0713
[1m119/183[0m [32m=============[0m[37m=======[0m [1m6s[0m 109ms/step - accuracy: 0.2030 - loss: 3.0738
[1m120/183[0m [32m=============[0m[37m=======[0m [1m6s[0m 109ms/step - accuracy: 0.2030 - loss: 3.0722
[1m121/183[0m [32m=============[0m[37m=======[0m [1m6s[0m 109ms/step - accuracy: 0.2026 - loss: 3.0710
[1m122/183[0m [32m=============[0m[37m=======[0m [1m6s[0m 109ms/step - accuracy: 0.2022 - loss: 3.0716
[1m123/183[0m [32m=============[0m[37m=======[0m [1m6s[0m 109ms/step - accuracy: 0.2024 - loss: 3.0718
[1m124/183[0m [32m=============[0m[37m=======[0m [1m6s[0m 109ms/step - accuracy: 0.2016 - loss: 3.0735
[1m125/183[0m [32m=============[0m[37m=======[0m [1m6s[0m 109ms/step - accuracy: 0.2019 - loss: 3.0717
[1m126/183[0m [32m=============[0m[37m=======[0m [1m6s[0m 109ms/step - accuracy: 0.2016 - loss: 3.0716
[1m127/183[0m [32m=============[0m[37m=======[0m [1m6s[0m 109ms/step - accuracy: 0.2014 - loss: 3.0722
[1m128/183[0m [32m=============[0m[37m=======[0m [1m5s[0m 108ms/step - accuracy: 0.2014 - loss: 3.0733
[1m129/183[0m [32m==============[0m[37m======[0m [1m5s[0m 108ms/step - accuracy: 0.2018 - loss: 3.0718
[1m130/183[0m [32m==============[0m[37m======[0m [1m5s[0m 108ms/step - accuracy: 0.2023 - loss: 3.0701
[1m131/183[0m [32m==============[0m[37m======[0m [1m5s[0m 108ms/step - accuracy: 0.2013 - loss: 3.0724
[1m132/183[0m [32m==============[0m[37m======[0m [1m5s[0m 108ms/step - accuracy: 0.2018 - loss: 3.0711
[1m133/183[0m [32m==============[0m[37m======[0m [1m5s[0m 108ms/step - accuracy: 0.2023 - loss: 3.0688
[1m134/183[0m [32m==============[0m[37m======[0m [1m5s[0m 108ms/step - accuracy: 0.2032 - loss: 3.0660
[1m135/183[0m [32m==============[0m[37m======[0m [1m5s[0m 108ms/step - accuracy: 0.2032 - loss: 3.0666
[1m136/183[0m [32m==============[0m[37m======[0m [1m5s[0m 108ms/step - accuracy: 0.2036 - loss: 3.0651
[1m137/183[0m [32m==============[0m[37m======[0m [1m4s[0m 107ms/step - accuracy: 0.2032 - loss: 3.0649
[1m138/183[0m [32m===============[0m[37m=====[0m [1m4s[0m 107ms/step - accuracy: 0.2037 - loss: 3.0628
[1m139/183[0m [32m===============[0m[37m=====[0m [1m4s[0m 107ms/step - accuracy: 0.2032 - loss: 3.0626
[1m140/183[0m [32m===============[0m[37m=====[0m [1m4s[0m 106ms/step - accuracy: 0.2028 - loss: 3.0636
[1m141/183[0m [32m===============[0m[37m=====[0m [1m4s[0m 106ms/step - accuracy: 0.2031 - loss: 3.0629
[1m142/183[0m [32m===============[0m[37m=====[0m [1m4s[0m 106ms/step - accuracy: 0.2033 - loss: 3.0617
[1m143/183[0m [32m===============[0m[37m=====[0m [1m4s[0m 106ms/step - accuracy: 0.2026 - loss: 3.0627
[1m144/183[0m [32m===============[0m[37m=====[0m [1m4s[0m 105ms/step - accuracy: 0.2025 - loss: 3.0630
[1m145/183[0m [32m===============[0m[37m=====[0m [1m3s[0m 105ms/step - accuracy: 0.2023 - loss: 3.0630
[1m146/183[0m [32m===============[0m[37m=====[0m [1m3s[0m 105ms/step - accuracy: 0.2023 - loss: 3.0640
[1m147/183[0m [32m================[0m[37m====[0m [1m3s[0m 105ms/step - accuracy: 0.2020 - loss: 3.0649
[1m148/183[0m [32m================[0m[37m====[0m [1m3s[0m 104ms/step - accuracy: 0.2016 - loss: 3.0651
[1m149/183[0m [32m================[0m[37m====[0m [1m3s[0m 104ms/step - accuracy: 0.2016 - loss: 3.0639
[1m150/183[0m [32m================[0m[37m====[0m [1m3s[0m 104ms/step - accuracy: 0.2022 - loss: 3.0612
[1m151/183[0m [32m================[0m[37m====[0m [1m3s[0m 104ms/step - accuracy: 0.2025 - loss: 3.0611
[1m152/183[0m [32m================[0m[37m====[0m [1m3s[0m 103ms/step - accuracy: 0.2024 - loss: 3.0611
[1m153/183[0m [32m================[0m[37m====[0m [1m3s[0m 103ms/step - accuracy: 0.2025 - loss: 3.0614
[1m154/183[0m [32m================[0m[37m====[0m [1m2s[0m 103ms/step - accuracy: 0.2029 - loss: 3.0605
[1m155/183[0m [32m================[0m[37m====[0m [1m2s[0m 103ms/step - accuracy: 0.2032 - loss: 3.0602
[1m156/183[0m [32m=================[0m[37m===[0m [1m2s[0m 103ms/step - accuracy: 0.2028 - loss: 3.0605
[1m157/183[0m [32m=================[0m[37m===[0m [1m2s[0m 102ms/step - accuracy: 0.2027 - loss: 3.0607
[1m158/183[0m [32m=================[0m[37m===[0m [1m2s[0m 102ms/step - accuracy: 0.2035 - loss: 3.0592
[1m159/183[0m [32m=================[0m[37m===[0m [1m2s[0m 102ms/step - accuracy: 0.2036 - loss: 3.0588
[1m160/183[0m [32m=================[0m[37m===[0m [1m2s[0m 102ms/step - accuracy: 0.2037 - loss: 3.0588
[1m161/183[0m [32m=================[0m[37m===[0m [1m2s[0m 102ms/step - accuracy: 0.2033 - loss: 3.0596
[1m162/183[0m [32m=================[0m[37m===[0m [1m2s[0m 102ms/step - accuracy: 0.2036 - loss: 3.0590
[1m163/183[0m [32m=================[0m[37m===[0m [1m2s[0m 102ms/step - accuracy: 0.2041 - loss: 3.0574
[1m164/183[0m [32m=================[0m[37m===[0m [1m1s[0m 102ms/step - accuracy: 0.2038 - loss: 3.0589
[1m165/183[0m [32m==================[0m[37m==[0m [1m1s[0m 102ms/step - accuracy: 0.2043 - loss: 3.0575
[1m166/183[0m [32m==================[0m[37m==[0m [1m1s[0m 102ms/step - accuracy: 0.2042 - loss: 3.0575
[1m167/183[0m [32m==================[0m[37m==[0m [1m1s[0m 102ms/step - accuracy: 0.2039 - loss: 3.0585
[1m168/183[0m [32m==================[0m[37m==[0m [1m1s[0m 102ms/step - accuracy: 0.2036 - loss: 3.0590
[1m169/183[0m [32m==================[0m[37m==[0m [1m1s[0m 102ms/step - accuracy: 0.2039 - loss: 3.0573
[1m170/183[0m [32m==================[0m[37m==[0m [1m1s[0m 103ms/step - accuracy: 0.2036 - loss: 3.0573
[1m171/183[0m [32m==================[0m[37m==[0m [1m1s[0m 103ms/step - accuracy: 0.2037 - loss: 3.0563
[1m172/183[0m [32m==================[0m[37m==[0m [1m1s[0m 103ms/step - accuracy: 0.2040 - loss: 3.0543
[1m173/183[0m [32m==================[0m[37m==[0m [1m1s[0m 103ms/step - accuracy: 0.2044 - loss: 3.0530
[1m174/183[0m [32m===================[0m[37m=[0m [1m0s[0m 103ms/step - accuracy: 0.2041 - loss: 3.0521
[1m175/183[0m [32m===================[0m[37m=[0m [1m0s[0m 103ms/step - accuracy: 0.2039 - loss: 3.0514
[1m176/183[0m [32m===================[0m[37m=[0m [1m0s[0m 103ms/step - accuracy: 0.2038 - loss: 3.0518
[1m177/183[0m [32m===================[0m[37m=[0m [1m0s[0m 103ms/step - accuracy: 0.2038 - loss: 3.0502
[1m178/183[0m [32m===================[0m[37m=[0m [1m0s[0m 103ms/step - accuracy: 0.2037 - loss: 3.0503
[1m179/183[0m [32m===================[0m[37m=[0m [1m0s[0m 103ms/step - accuracy: 0.2038 - loss: 3.0506
[1m180/183[0m [32m===================[0m[37m=[0m [1m0s[0m 103ms/step - accuracy: 0.2035 - loss: 3.0509
[1m181/183[0m [32m===================[0m[37m=[0m [1m0s[0m 103ms/step - accuracy: 0.2041 - loss: 3.0495
[1m182/183[0m [32m===================[0m[37m=[0m [1m0s[0m 103ms/step - accuracy: 0.2047 - loss: 3.0492
[1m183/183[0m [32m====================[0m[37m[0m [1m0s[0m 103ms/step - accuracy: 0.2048 - loss: 3.0489
[1m183/183[0m [32m====================[0m[37m[0m [1m21s[0m 114ms/step - accuracy: 0.2048 - loss: 3.0489 - val_accuracy: 0.0884 - val_loss: 3.9598 - learning_rate: 0.0010
Epoch 11/15

[1m  1/183[0m [37m====================[0m [1m29s[0m 161ms/step - accuracy: 0.2344 - loss: 2.9012
[1m  2/183[0m [37m====================[0m [1m25s[0m 140ms/step - accuracy: 0.1797 - loss: 2.9535
[1m  3/183[0m [37m====================[0m [1m24s[0m 139ms/step - accuracy: 0.1927 - loss: 2.9373
[1m  4/183[0m [37m====================[0m [1m23s[0m 133ms/step - accuracy: 0.1992 - loss: 2.8923
[1m  5/183[0m [37m====================[0m [1m23s[0m 129ms/step - accuracy: 0.1969 - loss: 2.9152
[1m  6/183[0m [37m====================[0m [1m22s[0m 125ms/step - accuracy: 0.2266 - loss: 2.8658
[1m  7/183[0m [37m====================[0m [1m21s[0m 121ms/step - accuracy: 0.2254 - loss: 2.8978
[1m  8/183[0m [37m====================[0m [1m20s[0m 119ms/step - accuracy: 0.2188 - loss: 2.8955
[1m  9/183[0m [37m====================[0m [1m20s[0m 118ms/step - accuracy: 0.2135 - loss: 2.8932
[1m 10/183[0m [32m=[0m[37m===================[0m [1m20s[0m 117ms/step - accuracy: 0.2109 - loss: 2.8869
[1m 11/183[0m [32m=[0m[37m===================[0m [1m19s[0m 116ms/step - accuracy: 0.2088 - loss: 2.8970
[1m 12/183[0m [32m=[0m[37m===================[0m [1m19s[0m 117ms/step - accuracy: 0.2109 - loss: 2.9008
[1m 13/183[0m [32m=[0m[37m===================[0m [1m19s[0m 116ms/step - accuracy: 0.2115 - loss: 2.9006
[1m 14/183[0m [32m=[0m[37m===================[0m [1m19s[0m 117ms/step - accuracy: 0.2176 - loss: 2.8916
[1m 15/183[0m [32m=[0m[37m===================[0m [1m19s[0m 115ms/step - accuracy: 0.2146 - loss: 2.8983
[1m 16/183[0m [32m=[0m[37m===================[0m [1m19s[0m 114ms/step - accuracy: 0.2158 - loss: 2.8898
[1m 17/183[0m [32m=[0m[37m===================[0m [1m18s[0m 113ms/step - accuracy: 0.2224 - loss: 2.8805
[1m 18/183[0m [32m=[0m[37m===================[0m [1m18s[0m 112ms/step - accuracy: 0.2222 - loss: 2.8684
[1m 19/183[0m [32m==[0m[37m==================[0m [1m18s[0m 112ms/step - accuracy: 0.2212 - loss: 2.8804
[1m 20/183[0m [32m==[0m[37m==================[0m [1m17s[0m 110ms/step - accuracy: 0.2195 - loss: 2.8767
[1m 21/183[0m [32m==[0m[37m==================[0m [1m17s[0m 110ms/step - accuracy: 0.2195 - loss: 2.8796
[1m 22/183[0m [32m==[0m[37m==================[0m [1m17s[0m 109ms/step - accuracy: 0.2180 - loss: 2.8748
[1m 23/183[0m [32m==[0m[37m==================[0m [1m17s[0m 108ms/step - accuracy: 0.2174 - loss: 2.8827
[1m 24/183[0m [32m==[0m[37m==================[0m [1m17s[0m 108ms/step - accuracy: 0.2155 - loss: 2.8935
[1m 25/183[0m [32m==[0m[37m==================[0m [1m17s[0m 108ms/step - accuracy: 0.2200 - loss: 2.8838
[1m 26/183[0m [32m==[0m[37m==================[0m [1m16s[0m 108ms/step - accuracy: 0.2206 - loss: 2.8815
[1m 27/183[0m [32m==[0m[37m==================[0m [1m16s[0m 107ms/step - accuracy: 0.2251 - loss: 2.8669
[1m 28/183[0m [32m===[0m[37m=================[0m [1m16s[0m 107ms/step - accuracy: 0.2249 - loss: 2.8759
[1m 29/183[0m [32m===[0m[37m=================[0m [1m16s[0m 106ms/step - accuracy: 0.2268 - loss: 2.8773
[1m 30/183[0m [32m===[0m[37m=================[0m [1m16s[0m 106ms/step - accuracy: 0.2271 - loss: 2.8787
[1m 31/183[0m [32m===[0m[37m=================[0m [1m16s[0m 106ms/step - accuracy: 0.2283 - loss: 2.8715
[1m 32/183[0m [32m===[0m[37m=================[0m [1m15s[0m 106ms/step - accuracy: 0.2285 - loss: 2.8686
[1m 33/183[0m [32m===[0m[37m=================[0m [1m15s[0m 106ms/step - accuracy: 0.2306 - loss: 2.8713
[1m 34/183[0m [32m===[0m[37m=================[0m [1m15s[0m 105ms/step - accuracy: 0.2293 - loss: 2.8774
[1m 35/183[0m [32m===[0m[37m=================[0m [1m15s[0m 105ms/step - accuracy: 0.2321 - loss: 2.8771
[1m 36/183[0m [32m===[0m[37m=================[0m [1m15s[0m 105ms/step - accuracy: 0.2318 - loss: 2.8862
[1m 37/183[0m [32m====[0m[37m================[0m [1m15s[0m 105ms/step - accuracy: 0.2327 - loss: 2.8858
[1m 38/183[0m [32m====[0m[37m================[0m [1m15s[0m 105ms/step - accuracy: 0.2303 - loss: 2.8893
[1m 39/183[0m [32m====[0m[37m================[0m [1m15s[0m 105ms/step - accuracy: 0.2324 - loss: 2.8918
[1m 40/183[0m [32m====[0m[37m================[0m [1m14s[0m 105ms/step - accuracy: 0.2328 - loss: 2.8866
[1m 41/183[0m [32m====[0m[37m================[0m [1m14s[0m 105ms/step - accuracy: 0.2336 - loss: 2.8881
[1m 42/183[0m [32m====[0m[37m================[0m [1m14s[0m 104ms/step - accuracy: 0.2336 - loss: 2.8881
[1m 43/183[0m [32m====[0m[37m================[0m [1m14s[0m 105ms/step - accuracy: 0.2344 - loss: 2.8889
[1m 44/183[0m [32m====[0m[37m================[0m [1m14s[0m 106ms/step - accuracy: 0.2344 - loss: 2.8863
[1m 45/183[0m [32m====[0m[37m================[0m [1m14s[0m 106ms/step - accuracy: 0.2351 - loss: 2.8842
[1m 46/183[0m [32m=====[0m[37m===============[0m [1m14s[0m 106ms/step - accuracy: 0.2351 - loss: 2.8814
[1m 47/183[0m [32m=====[0m[37m===============[0m [1m14s[0m 107ms/step - accuracy: 0.2354 - loss: 2.8833
[1m 48/183[0m [32m=====[0m[37m===============[0m [1m14s[0m 107ms/step - accuracy: 0.2360 - loss: 2.8779
[1m 49/183[0m [32m=====[0m[37m===============[0m [1m14s[0m 107ms/step - accuracy: 0.2360 - loss: 2.8754
[1m 50/183[0m [32m=====[0m[37m===============[0m [1m14s[0m 107ms/step - accuracy: 0.2366 - loss: 2.8750
[1m 51/183[0m [32m=====[0m[37m===============[0m [1m14s[0m 108ms/step - accuracy: 0.2359 - loss: 2.8743
[1m 52/183[0m [32m=====[0m[37m===============[0m [1m14s[0m 107ms/step - accuracy: 0.2368 - loss: 2.8760
[1m 53/183[0m [32m=====[0m[37m===============[0m [1m14s[0m 108ms/step - accuracy: 0.2379 - loss: 2.8727
[1m 54/183[0m [32m=====[0m[37m===============[0m [1m13s[0m 108ms/step - accuracy: 0.2376 - loss: 2.8772
[1m 55/183[0m [32m======[0m[37m==============[0m [1m13s[0m 108ms/step - accuracy: 0.2375 - loss: 2.8758
[1m 56/183[0m [32m======[0m[37m==============[0m [1m13s[0m 108ms/step - accuracy: 0.2366 - loss: 2.8806
[1m 57/183[0m [32m======[0m[37m==============[0m [1m13s[0m 108ms/step - accuracy: 0.2349 - loss: 2.8813
[1m 58/183[0m [32m======[0m[37m==============[0m [1m13s[0m 108ms/step - accuracy: 0.2352 - loss: 2.8829
[1m 59/183[0m [32m======[0m[37m==============[0m [1m13s[0m 108ms/step - accuracy: 0.2346 - loss: 2.8884
[1m 60/183[0m [32m======[0m[37m==============[0m [1m13s[0m 108ms/step - accuracy: 0.2357 - loss: 2.8873
[1m 61/183[0m [32m======[0m[37m==============[0m [1m13s[0m 108ms/step - accuracy: 0.2357 - loss: 2.8860
[1m 62/183[0m [32m======[0m[37m==============[0m [1m13s[0m 109ms/step - accuracy: 0.2354 - loss: 2.8880
[1m 63/183[0m [32m======[0m[37m==============[0m [1m13s[0m 109ms/step - accuracy: 0.2361 - loss: 2.8849
[1m 64/183[0m [32m======[0m[37m==============[0m [1m12s[0m 109ms/step - accuracy: 0.2368 - loss: 2.8858
[1m 65/183[0m [32m=======[0m[37m=============[0m [1m12s[0m 109ms/step - accuracy: 0.2358 - loss: 2.8932
[1m 66/183[0m [32m=======[0m[37m=============[0m [1m12s[0m 109ms/step - accuracy: 0.2370 - loss: 2.8941
[1m 67/183[0m [32m=======[0m[37m=============[0m [1m12s[0m 109ms/step - accuracy: 0.2383 - loss: 2.8891
[1m 68/183[0m [32m=======[0m[37m=============[0m [1m12s[0m 109ms/step - accuracy: 0.2392 - loss: 2.8842
[1m 69/183[0m [32m=======[0m[37m=============[0m [1m12s[0m 109ms/step - accuracy: 0.2400 - loss: 2.8826
[1m 70/183[0m [32m=======[0m[37m=============[0m [1m12s[0m 109ms/step - accuracy: 0.2408 - loss: 2.8828
[1m 71/183[0m [32m=======[0m[37m=============[0m [1m12s[0m 109ms/step - accuracy: 0.2408 - loss: 2.8818
[1m 72/183[0m [32m=======[0m[37m=============[0m [1m12s[0m 110ms/step - accuracy: 0.2407 - loss: 2.8826
[1m 73/183[0m [32m=======[0m[37m=============[0m [1m12s[0m 110ms/step - accuracy: 0.2404 - loss: 2.8813
[1m 74/183[0m [32m========[0m[37m============[0m [1m11s[0m 110ms/step - accuracy: 0.2403 - loss: 2.8828
[1m 75/183[0m [32m========[0m[37m============[0m [1m11s[0m 110ms/step - accuracy: 0.2402 - loss: 2.8800
[1m 76/183[0m [32m========[0m[37m============[0m [1m11s[0m 110ms/step - accuracy: 0.2401 - loss: 2.8814
[1m 77/183[0m [32m========[0m[37m============[0m [1m11s[0m 110ms/step - accuracy: 0.2394 - loss: 2.8841
[1m 78/183[0m [32m========[0m[37m============[0m [1m11s[0m 110ms/step - accuracy: 0.2382 - loss: 2.8920
[1m 79/183[0m [32m========[0m[37m============[0m [1m11s[0m 110ms/step - accuracy: 0.2377 - loss: 2.8908
[1m 80/183[0m [32m========[0m[37m============[0m [1m11s[0m 110ms/step - accuracy: 0.2385 - loss: 2.8910
[1m 81/183[0m [32m========[0m[37m============[0m [1m11s[0m 109ms/step - accuracy: 0.2392 - loss: 2.8920
[1m 82/183[0m [32m========[0m[37m============[0m [1m11s[0m 109ms/step - accuracy: 0.2382 - loss: 2.8944
[1m 83/183[0m [32m=========[0m[37m===========[0m [1m10s[0m 109ms/step - accuracy: 0.2378 - loss: 2.8972
[1m 84/183[0m [32m=========[0m[37m===========[0m [1m10s[0m 109ms/step - accuracy: 0.2383 - loss: 2.8981
[1m 85/183[0m [32m=========[0m[37m===========[0m [1m10s[0m 108ms/step - accuracy: 0.2381 - loss: 2.8992
[1m 86/183[0m [32m=========[0m[37m===========[0m [1m10s[0m 108ms/step - accuracy: 0.2380 - loss: 2.8990
[1m 87/183[0m [32m=========[0m[37m===========[0m [1m10s[0m 108ms/step - accuracy: 0.2396 - loss: 2.8981
[1m 88/183[0m [32m=========[0m[37m===========[0m [1m10s[0m 108ms/step - accuracy: 0.2392 - loss: 2.8987
[1m 89/183[0m [32m=========[0m[37m===========[0m [1m10s[0m 107ms/step - accuracy: 0.2384 - loss: 2.9000
[1m 90/183[0m [32m=========[0m[37m===========[0m [1m9s[0m 107ms/step - accuracy: 0.2384 - loss: 2.8993 
[1m 91/183[0m [32m=========[0m[37m===========[0m [1m9s[0m 108ms/step - accuracy: 0.2378 - loss: 2.9002
[1m 92/183[0m [32m==========[0m[37m==========[0m [1m9s[0m 108ms/step - accuracy: 0.2383 - loss: 2.9004
[1m 93/183[0m [32m==========[0m[37m==========[0m [1m9s[0m 107ms/step - accuracy: 0.2386 - loss: 2.8974
[1m 94/183[0m [32m==========[0m[37m==========[0m [1m9s[0m 107ms/step - accuracy: 0.2380 - loss: 2.8985
[1m 95/183[0m [32m==========[0m[37m==========[0m [1m9s[0m 107ms/step - accuracy: 0.2368 - loss: 2.9012
[1m 96/183[0m [32m==========[0m[37m==========[0m [1m9s[0m 107ms/step - accuracy: 0.2370 - loss: 2.9026
[1m 97/183[0m [32m==========[0m[37m==========[0m [1m9s[0m 107ms/step - accuracy: 0.2363 - loss: 2.9031
[1m 98/183[0m [32m==========[0m[37m==========[0m [1m9s[0m 107ms/step - accuracy: 0.2357 - loss: 2.9044
[1m 99/183[0m [32m==========[0m[37m==========[0m [1m8s[0m 107ms/step - accuracy: 0.2355 - loss: 2.9049
[1m100/183[0m [32m==========[0m[37m==========[0m [1m8s[0m 107ms/step - accuracy: 0.2355 - loss: 2.9043
[1m101/183[0m [32m===========[0m[37m=========[0m [1m8s[0m 107ms/step - accuracy: 0.2351 - loss: 2.9054
[1m102/183[0m [32m===========[0m[37m=========[0m [1m8s[0m 107ms/step - accuracy: 0.2356 - loss: 2.9035
[1m103/183[0m [32m===========[0m[37m=========[0m [1m8s[0m 107ms/step - accuracy: 0.2354 - loss: 2.9054
[1m104/183[0m [32m===========[0m[37m=========[0m [1m8s[0m 107ms/step - accuracy: 0.2351 - loss: 2.9059
[1m105/183[0m [32m===========[0m[37m=========[0m [1m8s[0m 107ms/step - accuracy: 0.2354 - loss: 2.9078
[1m106/183[0m [32m===========[0m[37m=========[0m [1m8s[0m 107ms/step - accuracy: 0.2344 - loss: 2.9067
[1m107/183[0m [32m===========[0m[37m=========[0m [1m8s[0m 108ms/step - accuracy: 0.2339 - loss: 2.9069
[1m108/183[0m [32m===========[0m[37m=========[0m [1m8s[0m 108ms/step - accuracy: 0.2342 - loss: 2.9061
[1m109/183[0m [32m===========[0m[37m=========[0m [1m7s[0m 108ms/step - accuracy: 0.2339 - loss: 2.9084
[1m110/183[0m [32m============[0m[37m========[0m [1m7s[0m 108ms/step - accuracy: 0.2342 - loss: 2.9058
[1m111/183[0m [32m============[0m[37m========[0m [1m7s[0m 108ms/step - accuracy: 0.2332 - loss: 2.9071
[1m112/183[0m [32m============[0m[37m========[0m [1m7s[0m 108ms/step - accuracy: 0.2333 - loss: 2.9076
[1m113/183[0m [32m============[0m[37m========[0m [1m7s[0m 108ms/step - accuracy: 0.2330 - loss: 2.9070
[1m114/183[0m [32m============[0m[37m========[0m [1m7s[0m 108ms/step - accuracy: 0.2330 - loss: 2.9061
[1m115/183[0m [32m============[0m[37m========[0m [1m7s[0m 109ms/step - accuracy: 0.2323 - loss: 2.9068
[1m116/183[0m [32m============[0m[37m========[0m [1m7s[0m 108ms/step - accuracy: 0.2326 - loss: 2.9074
[1m117/183[0m [32m============[0m[37m========[0m [1m7s[0m 109ms/step - accuracy: 0.2326 - loss: 2.9076
[1m118/183[0m [32m============[0m[37m========[0m [1m7s[0m 109ms/step - accuracy: 0.2331 - loss: 2.9070
[1m119/183[0m [32m=============[0m[37m=======[0m [1m6s[0m 109ms/step - accuracy: 0.2332 - loss: 2.9076
[1m120/183[0m [32m=============[0m[37m=======[0m [1m6s[0m 109ms/step - accuracy: 0.2333 - loss: 2.9068
[1m121/183[0m [32m=============[0m[37m=======[0m [1m6s[0m 109ms/step - accuracy: 0.2335 - loss: 2.9074
[1m122/183[0m [32m=============[0m[37m=======[0m [1m6s[0m 109ms/step - accuracy: 0.2341 - loss: 2.9048
[1m123/183[0m [32m=============[0m[37m=======[0m [1m6s[0m 109ms/step - accuracy: 0.2339 - loss: 2.9035
[1m124/183[0m [32m=============[0m[37m=======[0m [1m6s[0m 109ms/step - accuracy: 0.2332 - loss: 2.9073
[1m125/183[0m [32m=============[0m[37m=======[0m [1m6s[0m 109ms/step - accuracy: 0.2334 - loss: 2.9062
[1m126/183[0m [32m=============[0m[37m=======[0m [1m6s[0m 109ms/step - accuracy: 0.2339 - loss: 2.9064
[1m127/183[0m [32m=============[0m[37m=======[0m [1m6s[0m 110ms/step - accuracy: 0.2339 - loss: 2.9058
[1m128/183[0m [32m=============[0m[37m=======[0m [1m6s[0m 109ms/step - accuracy: 0.2343 - loss: 2.9043
[1m129/183[0m [32m==============[0m[37m======[0m [1m5s[0m 109ms/step - accuracy: 0.2347 - loss: 2.9039
[1m130/183[0m [32m==============[0m[37m======[0m [1m5s[0m 109ms/step - accuracy: 0.2349 - loss: 2.9047
[1m131/183[0m [32m==============[0m[37m======[0m [1m5s[0m 108ms/step - accuracy: 0.2354 - loss: 2.9026
[1m132/183[0m [32m==============[0m[37m======[0m [1m5s[0m 108ms/step - accuracy: 0.2353 - loss: 2.9041
[1m133/183[0m [32m==============[0m[37m======[0m [1m5s[0m 108ms/step - accuracy: 0.2348 - loss: 2.9054
[1m134/183[0m [32m==============[0m[37m======[0m [1m5s[0m 108ms/step - accuracy: 0.2357 - loss: 2.9039
[1m135/183[0m [32m==============[0m[37m======[0m [1m5s[0m 108ms/step - accuracy: 0.2355 - loss: 2.9026
[1m136/183[0m [32m==============[0m[37m======[0m [1m5s[0m 108ms/step - accuracy: 0.2351 - loss: 2.9034
[1m137/183[0m [32m==============[0m[37m======[0m [1m4s[0m 108ms/step - accuracy: 0.2353 - loss: 2.9033
[1m138/183[0m [32m===============[0m[37m=====[0m [1m4s[0m 108ms/step - accuracy: 0.2353 - loss: 2.9036
[1m139/183[0m [32m===============[0m[37m=====[0m [1m4s[0m 108ms/step - accuracy: 0.2353 - loss: 2.9022
[1m140/183[0m [32m===============[0m[37m=====[0m [1m4s[0m 108ms/step - accuracy: 0.2353 - loss: 2.9014
[1m141/183[0m [32m===============[0m[37m=====[0m [1m4s[0m 108ms/step - accuracy: 0.2350 - loss: 2.9029
[1m142/183[0m [32m===============[0m[37m=====[0m [1m4s[0m 107ms/step - accuracy: 0.2343 - loss: 2.9040
[1m143/183[0m [32m===============[0m[37m=====[0m [1m4s[0m 107ms/step - accuracy: 0.2345 - loss: 2.9041
[1m144/183[0m [32m===============[0m[37m=====[0m [1m4s[0m 107ms/step - accuracy: 0.2348 - loss: 2.9038
[1m145/183[0m [32m===============[0m[37m=====[0m [1m4s[0m 107ms/step - accuracy: 0.2346 - loss: 2.9054
[1m146/183[0m [32m===============[0m[37m=====[0m [1m3s[0m 107ms/step - accuracy: 0.2351 - loss: 2.9057
[1m147/183[0m [32m================[0m[37m====[0m [1m3s[0m 107ms/step - accuracy: 0.2353 - loss: 2.9047
[1m148/183[0m [32m================[0m[37m====[0m [1m3s[0m 107ms/step - accuracy: 0.2350 - loss: 2.9050
[1m149/183[0m [32m================[0m[37m====[0m [1m3s[0m 107ms/step - accuracy: 0.2351 - loss: 2.9038
[1m150/183[0m [32m================[0m[37m====[0m [1m3s[0m 107ms/step - accuracy: 0.2353 - loss: 2.9024
[1m151/183[0m [32m================[0m[37m====[0m [1m3s[0m 107ms/step - accuracy: 0.2354 - loss: 2.9034
[1m152/183[0m [32m================[0m[37m====[0m [1m3s[0m 106ms/step - accuracy: 0.2354 - loss: 2.9032
[1m153/183[0m [32m================[0m[37m====[0m [1m3s[0m 106ms/step - accuracy: 0.2351 - loss: 2.9046
[1m154/183[0m [32m================[0m[37m====[0m [1m3s[0m 107ms/step - accuracy: 0.2351 - loss: 2.9049
[1m155/183[0m [32m================[0m[37m====[0m [1m2s[0m 107ms/step - accuracy: 0.2350 - loss: 2.9048
[1m156/183[0m [32m=================[0m[37m===[0m [1m2s[0m 107ms/step - accuracy: 0.2351 - loss: 2.9031
[1m157/183[0m [32m=================[0m[37m===[0m [1m2s[0m 107ms/step - accuracy: 0.2349 - loss: 2.9030
[1m158/183[0m [32m=================[0m[37m===[0m [1m2s[0m 107ms/step - accuracy: 0.2348 - loss: 2.9021
[1m159/183[0m [32m=================[0m[37m===[0m [1m2s[0m 107ms/step - accuracy: 0.2348 - loss: 2.9018
[1m160/183[0m [32m=================[0m[37m===[0m [1m2s[0m 107ms/step - accuracy: 0.2348 - loss: 2.9007
[1m161/183[0m [32m=================[0m[37m===[0m [1m2s[0m 107ms/step - accuracy: 0.2344 - loss: 2.9001
[1m162/183[0m [32m=================[0m[37m===[0m [1m2s[0m 107ms/step - accuracy: 0.2346 - loss: 2.9006
[1m163/183[0m [32m=================[0m[37m===[0m [1m2s[0m 107ms/step - accuracy: 0.2341 - loss: 2.9006
[1m164/183[0m [32m=================[0m[37m===[0m [1m2s[0m 107ms/step - accuracy: 0.2338 - loss: 2.9007
[1m165/183[0m [32m==================[0m[37m==[0m [1m1s[0m 108ms/step - accuracy: 0.2337 - loss: 2.9010
[1m166/183[0m [32m==================[0m[37m==[0m [1m1s[0m 108ms/step - accuracy: 0.2341 - loss: 2.8989
[1m167/183[0m [32m==================[0m[37m==[0m [1m1s[0m 108ms/step - accuracy: 0.2337 - loss: 2.8986
[1m168/183[0m [32m==================[0m[37m==[0m [1m1s[0m 108ms/step - accuracy: 0.2334 - loss: 2.9001
[1m169/183[0m [32m==================[0m[37m==[0m [1m1s[0m 108ms/step - accuracy: 0.2340 - loss: 2.9011
[1m170/183[0m [32m==================[0m[37m==[0m [1m1s[0m 108ms/step - accuracy: 0.2340 - loss: 2.9009
[1m171/183[0m [32m==================[0m[37m==[0m [1m1s[0m 108ms/step - accuracy: 0.2343 - loss: 2.9001
[1m172/183[0m [32m==================[0m[37m==[0m [1m1s[0m 108ms/step - accuracy: 0.2342 - loss: 2.9004
[1m173/183[0m [32m==================[0m[37m==[0m [1m1s[0m 108ms/step - accuracy: 0.2343 - loss: 2.8993
[1m174/183[0m [32m===================[0m[37m=[0m [1m0s[0m 108ms/step - accuracy: 0.2339 - loss: 2.8987
[1m175/183[0m [32m===================[0m[37m=[0m [1m0s[0m 108ms/step - accuracy: 0.2340 - loss: 2.8977
[1m176/183[0m [32m===================[0m[37m=[0m [1m0s[0m 108ms/step - accuracy: 0.2344 - loss: 2.8960
[1m177/183[0m [32m===================[0m[37m=[0m [1m0s[0m 108ms/step - accuracy: 0.2347 - loss: 2.8956
[1m178/183[0m [32m===================[0m[37m=[0m [1m0s[0m 108ms/step - accuracy: 0.2347 - loss: 2.8969
[1m179/183[0m [32m===================[0m[37m=[0m [1m0s[0m 108ms/step - accuracy: 0.2345 - loss: 2.8966
[1m180/183[0m [32m===================[0m[37m=[0m [1m0s[0m 108ms/step - accuracy: 0.2349 - loss: 2.8962
[1m181/183[0m [32m===================[0m[37m=[0m [1m0s[0m 108ms/step - accuracy: 0.2352 - loss: 2.8946
[1m182/183[0m [32m===================[0m[37m=[0m [1m0s[0m 108ms/step - accuracy: 0.2345 - loss: 2.8971
[1m183/183[0m [32m====================[0m[37m[0m [1m0s[0m 108ms/step - accuracy: 0.2347 - loss: 2.8968
[1m183/183[0m [32m====================[0m[37m[0m [1m22s[0m 119ms/step - accuracy: 0.2347 - loss: 2.8968 - val_accuracy: 0.1108 - val_loss: 4.0467 - learning_rate: 0.0010
Epoch 12/15

[1m  1/183[0m [37m====================[0m [1m27s[0m 153ms/step - accuracy: 0.2656 - loss: 2.5586
[1m  2/183[0m [37m====================[0m [1m20s[0m 112ms/step - accuracy: 0.2656 - loss: 2.6982
[1m  3/183[0m [37m====================[0m [1m19s[0m 110ms/step - accuracy: 0.3073 - loss: 2.6129
[1m  4/183[0m [37m====================[0m [1m19s[0m 110ms/step - accuracy: 0.2812 - loss: 2.6597
[1m  5/183[0m [37m====================[0m [1m19s[0m 107ms/step - accuracy: 0.2875 - loss: 2.6658
[1m  6/183[0m [37m====================[0m [1m18s[0m 107ms/step - accuracy: 0.2839 - loss: 2.6721
[1m  7/183[0m [37m====================[0m [1m18s[0m 105ms/step - accuracy: 0.2812 - loss: 2.6838
[1m  8/183[0m [37m====================[0m [1m18s[0m 103ms/step - accuracy: 0.2812 - loss: 2.7320
[1m  9/183[0m [37m====================[0m [1m17s[0m 103ms/step - accuracy: 0.2778 - loss: 2.7390
[1m 10/183[0m [32m=[0m[37m===================[0m [1m17s[0m 102ms/step - accuracy: 0.2781 - loss: 2.7336
[1m 11/183[0m [32m=[0m[37m===================[0m [1m17s[0m 102ms/step - accuracy: 0.2741 - loss: 2.7306
[1m 12/183[0m [32m=[0m[37m===================[0m [1m17s[0m 103ms/step - accuracy: 0.2760 - loss: 2.7478
[1m 13/183[0m [32m=[0m[37m===================[0m [1m17s[0m 103ms/step - accuracy: 0.2692 - loss: 2.7599
[1m 14/183[0m [32m=[0m[37m===================[0m [1m17s[0m 104ms/step - accuracy: 0.2723 - loss: 2.7444
[1m 15/183[0m [32m=[0m[37m===================[0m [1m17s[0m 105ms/step - accuracy: 0.2708 - loss: 2.7475
[1m 16/183[0m [32m=[0m[37m===================[0m [1m17s[0m 106ms/step - accuracy: 0.2793 - loss: 2.7326
[1m 17/183[0m [32m=[0m[37m===================[0m [1m17s[0m 106ms/step - accuracy: 0.2822 - loss: 2.7238
[1m 18/183[0m [32m=[0m[37m===================[0m [1m17s[0m 106ms/step - accuracy: 0.2830 - loss: 2.7101
[1m 19/183[0m [32m==[0m[37m==================[0m [1m17s[0m 106ms/step - accuracy: 0.2771 - loss: 2.7174
[1m 20/183[0m [32m==[0m[37m==================[0m [1m17s[0m 106ms/step - accuracy: 0.2758 - loss: 2.7291
[1m 21/183[0m [32m==[0m[37m==================[0m [1m17s[0m 107ms/step - accuracy: 0.2753 - loss: 2.7369
[1m 22/183[0m [32m==[0m[37m==================[0m [1m17s[0m 107ms/step - accuracy: 0.2791 - loss: 2.7399
[1m 23/183[0m [32m==[0m[37m==================[0m [1m17s[0m 107ms/step - accuracy: 0.2812 - loss: 2.7358
[1m 24/183[0m [32m==[0m[37m==================[0m [1m17s[0m 107ms/step - accuracy: 0.2812 - loss: 2.7342
[1m 25/183[0m [32m==[0m[37m==================[0m [1m17s[0m 108ms/step - accuracy: 0.2812 - loss: 2.7329
[1m 26/183[0m [32m==[0m[37m==================[0m [1m16s[0m 108ms/step - accuracy: 0.2806 - loss: 2.7410
[1m 27/183[0m [32m==[0m[37m==================[0m [1m16s[0m 109ms/step - accuracy: 0.2801 - loss: 2.7466
[1m 28/183[0m [32m===[0m[37m=================[0m [1m16s[0m 109ms/step - accuracy: 0.2796 - loss: 2.7552
[1m 29/183[0m [32m===[0m[37m=================[0m [1m16s[0m 109ms/step - accuracy: 0.2818 - loss: 2.7512
[1m 30/183[0m [32m===[0m[37m=================[0m [1m16s[0m 109ms/step - accuracy: 0.2781 - loss: 2.7551
[1m 31/183[0m [32m===[0m[37m=================[0m [1m16s[0m 109ms/step - accuracy: 0.2762 - loss: 2.7585
[1m 32/183[0m [32m===[0m[37m=================[0m [1m16s[0m 110ms/step - accuracy: 0.2749 - loss: 2.7582
[1m 33/183[0m [32m===[0m[37m=================[0m [1m16s[0m 110ms/step - accuracy: 0.2751 - loss: 2.7520
[1m 34/183[0m [32m===[0m[37m=================[0m [1m16s[0m 110ms/step - accuracy: 0.2767 - loss: 2.7485
[1m 35/183[0m [32m===[0m[37m=================[0m [1m16s[0m 110ms/step - accuracy: 0.2737 - loss: 2.7540
[1m 36/183[0m [32m===[0m[37m=================[0m [1m16s[0m 109ms/step - accuracy: 0.2730 - loss: 2.7526
[1m 37/183[0m [32m====[0m[37m================[0m [1m15s[0m 109ms/step - accuracy: 0.2745 - loss: 2.7507
[1m 38/183[0m [32m====[0m[37m================[0m [1m15s[0m 109ms/step - accuracy: 0.2726 - loss: 2.7571
[1m 39/183[0m [32m====[0m[37m================[0m [1m15s[0m 108ms/step - accuracy: 0.2704 - loss: 2.7602
[1m 40/183[0m [32m====[0m[37m================[0m [1m15s[0m 109ms/step - accuracy: 0.2711 - loss: 2.7553
[1m 41/183[0m [32m====[0m[37m================[0m [1m15s[0m 110ms/step - accuracy: 0.2702 - loss: 2.7547
[1m 42/183[0m [32m====[0m[37m================[0m [1m15s[0m 110ms/step - accuracy: 0.2690 - loss: 2.7607
[1m 43/183[0m [32m====[0m[37m================[0m [1m15s[0m 110ms/step - accuracy: 0.2667 - loss: 2.7686
[1m 44/183[0m [32m====[0m[37m================[0m [1m15s[0m 110ms/step - accuracy: 0.2649 - loss: 2.7706
[1m 45/183[0m [32m====[0m[37m================[0m [1m15s[0m 111ms/step - accuracy: 0.2639 - loss: 2.7724
[1m 46/183[0m [32m=====[0m[37m===============[0m [1m15s[0m 111ms/step - accuracy: 0.2629 - loss: 2.7698
[1m 47/183[0m [32m=====[0m[37m===============[0m [1m15s[0m 111ms/step - accuracy: 0.2633 - loss: 2.7700
[1m 48/183[0m [32m=====[0m[37m===============[0m [1m15s[0m 111ms/step - accuracy: 0.2643 - loss: 2.7704
[1m 49/183[0m [32m=====[0m[37m===============[0m [1m14s[0m 112ms/step - accuracy: 0.2643 - loss: 2.7685
[1m 50/183[0m [32m=====[0m[37m===============[0m [1m14s[0m 112ms/step - accuracy: 0.2647 - loss: 2.7674
[1m 51/183[0m [32m=====[0m[37m===============[0m [1m14s[0m 112ms/step - accuracy: 0.2641 - loss: 2.7670
[1m 52/183[0m [32m=====[0m[37m===============[0m [1m14s[0m 112ms/step - accuracy: 0.2647 - loss: 2.7697
[1m 53/183[0m [32m=====[0m[37m===============[0m [1m14s[0m 111ms/step - accuracy: 0.2653 - loss: 2.7653
[1m 54/183[0m [32m=====[0m[37m===============[0m [1m14s[0m 111ms/step - accuracy: 0.2648 - loss: 2.7665
[1m 55/183[0m [32m======[0m[37m==============[0m [1m14s[0m 110ms/step - accuracy: 0.2651 - loss: 2.7666
[1m 56/183[0m [32m======[0m[37m==============[0m [1m13s[0m 110ms/step - accuracy: 0.2637 - loss: 2.7681
[1m 57/183[0m [32m======[0m[37m==============[0m [1m13s[0m 109ms/step - accuracy: 0.2634 - loss: 2.7696
[1m 58/183[0m [32m======[0m[37m==============[0m [1m13s[0m 109ms/step - accuracy: 0.2645 - loss: 2.7664
[1m 59/183[0m [32m======[0m[37m==============[0m [1m13s[0m 109ms/step - accuracy: 0.2654 - loss: 2.7608
[1m 60/183[0m [32m======[0m[37m==============[0m [1m13s[0m 108ms/step - accuracy: 0.2633 - loss: 2.7635
[1m 61/183[0m [32m======[0m[37m==============[0m [1m13s[0m 107ms/step - accuracy: 0.2638 - loss: 2.7650
[1m 62/183[0m [32m======[0m[37m==============[0m [1m12s[0m 107ms/step - accuracy: 0.2639 - loss: 2.7637
[1m 63/183[0m [32m======[0m[37m==============[0m [1m12s[0m 106ms/step - accuracy: 0.2641 - loss: 2.7636
[1m 64/183[0m [32m======[0m[37m==============[0m [1m12s[0m 106ms/step - accuracy: 0.2637 - loss: 2.7636
[1m 65/183[0m [32m=======[0m[37m=============[0m [1m12s[0m 106ms/step - accuracy: 0.2618 - loss: 2.7655
[1m 66/183[0m [32m=======[0m[37m=============[0m [1m12s[0m 105ms/step - accuracy: 0.2616 - loss: 2.7645
[1m 67/183[0m [32m=======[0m[37m=============[0m [1m12s[0m 105ms/step - accuracy: 0.2612 - loss: 2.7619
[1m 68/183[0m [32m=======[0m[37m=============[0m [1m12s[0m 105ms/step - accuracy: 0.2603 - loss: 2.7659
[1m 69/183[0m [32m=======[0m[37m=============[0m [1m11s[0m 105ms/step - accuracy: 0.2604 - loss: 2.7672
[1m 70/183[0m [32m=======[0m[37m=============[0m [1m11s[0m 105ms/step - accuracy: 0.2598 - loss: 2.7637
[1m 71/183[0m [32m=======[0m[37m=============[0m [1m11s[0m 104ms/step - accuracy: 0.2595 - loss: 2.7639
[1m 72/183[0m [32m=======[0m[37m=============[0m [1m11s[0m 104ms/step - accuracy: 0.2595 - loss: 2.7635
[1m 73/183[0m [32m=======[0m[37m=============[0m [1m11s[0m 104ms/step - accuracy: 0.2594 - loss: 2.7656
[1m 74/183[0m [32m========[0m[37m============[0m [1m11s[0m 104ms/step - accuracy: 0.2606 - loss: 2.7617
[1m 75/183[0m [32m========[0m[37m============[0m [1m11s[0m 104ms/step - accuracy: 0.2596 - loss: 2.7633
[1m 76/183[0m [32m========[0m[37m============[0m [1m11s[0m 104ms/step - accuracy: 0.2593 - loss: 2.7604
[1m 77/183[0m [32m========[0m[37m============[0m [1m11s[0m 104ms/step - accuracy: 0.2583 - loss: 2.7633
[1m 78/183[0m [32m========[0m[37m============[0m [1m10s[0m 104ms/step - accuracy: 0.2580 - loss: 2.7643
[1m 79/183[0m [32m========[0m[37m============[0m [1m10s[0m 104ms/step - accuracy: 0.2579 - loss: 2.7676
[1m 80/183[0m [32m========[0m[37m============[0m [1m10s[0m 104ms/step - accuracy: 0.2576 - loss: 2.7677
[1m 81/183[0m [32m========[0m[37m============[0m [1m10s[0m 105ms/step - accuracy: 0.2568 - loss: 2.7682
[1m 82/183[0m [32m========[0m[37m============[0m [1m10s[0m 105ms/step - accuracy: 0.2582 - loss: 2.7648
[1m 83/183[0m [32m=========[0m[37m===========[0m [1m10s[0m 105ms/step - accuracy: 0.2579 - loss: 2.7658
[1m 84/183[0m [32m=========[0m[37m===========[0m [1m10s[0m 105ms/step - accuracy: 0.2574 - loss: 2.7685
[1m 85/183[0m [32m=========[0m[37m===========[0m [1m10s[0m 105ms/step - accuracy: 0.2570 - loss: 2.7683
[1m 86/183[0m [32m=========[0m[37m===========[0m [1m10s[0m 105ms/step - accuracy: 0.2571 - loss: 2.7693
[1m 87/183[0m [32m=========[0m[37m===========[0m [1m10s[0m 105ms/step - accuracy: 0.2568 - loss: 2.7712
[1m 88/183[0m [32m=========[0m[37m===========[0m [1m9s[0m 105ms/step - accuracy: 0.2564 - loss: 2.7707 
[1m 89/183[0m [32m=========[0m[37m===========[0m [1m9s[0m 105ms/step - accuracy: 0.2567 - loss: 2.7672
[1m 90/183[0m [32m=========[0m[37m===========[0m [1m9s[0m 105ms/step - accuracy: 0.2562 - loss: 2.7665
[1m 91/183[0m [32m=========[0m[37m===========[0m [1m9s[0m 105ms/step - accuracy: 0.2560 - loss: 2.7696
[1m 92/183[0m [32m==========[0m[37m==========[0m [1m9s[0m 105ms/step - accuracy: 0.2553 - loss: 2.7705
[1m 93/183[0m [32m==========[0m[37m==========[0m [1m9s[0m 106ms/step - accuracy: 0.2557 - loss: 2.7700
[1m 94/183[0m [32m==========[0m[37m==========[0m [1m9s[0m 106ms/step - accuracy: 0.2560 - loss: 2.7702
[1m 95/183[0m [32m==========[0m[37m==========[0m [1m9s[0m 106ms/step - accuracy: 0.2567 - loss: 2.7712
[1m 96/183[0m [32m==========[0m[37m==========[0m [1m9s[0m 106ms/step - accuracy: 0.2573 - loss: 2.7706
[1m 97/183[0m [32m==========[0m[37m==========[0m [1m9s[0m 106ms/step - accuracy: 0.2574 - loss: 2.7706
[1m 98/183[0m [32m==========[0m[37m==========[0m [1m8s[0m 106ms/step - accuracy: 0.2575 - loss: 2.7703
[1m 99/183[0m [32m==========[0m[37m==========[0m [1m8s[0m 106ms/step - accuracy: 0.2582 - loss: 2.7708
[1m100/183[0m [32m==========[0m[37m==========[0m [1m8s[0m 105ms/step - accuracy: 0.2584 - loss: 2.7703
[1m101/183[0m [32m===========[0m[37m=========[0m [1m8s[0m 106ms/step - accuracy: 0.2580 - loss: 2.7729
[1m102/183[0m [32m===========[0m[37m=========[0m [1m8s[0m 106ms/step - accuracy: 0.2578 - loss: 2.7757
[1m103/183[0m [32m===========[0m[37m=========[0m [1m8s[0m 105ms/step - accuracy: 0.2576 - loss: 2.7738
[1m104/183[0m [32m===========[0m[37m=========[0m [1m8s[0m 106ms/step - accuracy: 0.2577 - loss: 2.7746
[1m105/183[0m [32m===========[0m[37m=========[0m [1m8s[0m 106ms/step - accuracy: 0.2574 - loss: 2.7748
[1m106/183[0m [32m===========[0m[37m=========[0m [1m8s[0m 106ms/step - accuracy: 0.2572 - loss: 2.7736
[1m107/183[0m [32m===========[0m[37m=========[0m [1m8s[0m 105ms/step - accuracy: 0.2574 - loss: 2.7730
[1m108/183[0m [32m===========[0m[37m=========[0m [1m7s[0m 105ms/step - accuracy: 0.2577 - loss: 2.7708
[1m109/183[0m [32m===========[0m[37m=========[0m [1m7s[0m 105ms/step - accuracy: 0.2580 - loss: 2.7704
[1m110/183[0m [32m============[0m[37m========[0m [1m7s[0m 105ms/step - accuracy: 0.2587 - loss: 2.7719
[1m111/183[0m [32m============[0m[37m========[0m [1m7s[0m 105ms/step - accuracy: 0.2590 - loss: 2.7709
[1m112/183[0m [32m============[0m[37m========[0m [1m7s[0m 105ms/step - accuracy: 0.2595 - loss: 2.7701
[1m113/183[0m [32m============[0m[37m========[0m [1m7s[0m 105ms/step - accuracy: 0.2593 - loss: 2.7722
[1m114/183[0m [32m============[0m[37m========[0m [1m7s[0m 105ms/step - accuracy: 0.2597 - loss: 2.7716
[1m115/183[0m [32m============[0m[37m========[0m [1m7s[0m 105ms/step - accuracy: 0.2591 - loss: 2.7748
[1m116/183[0m [32m============[0m[37m========[0m [1m7s[0m 105ms/step - accuracy: 0.2590 - loss: 2.7749
[1m117/183[0m [32m============[0m[37m========[0m [1m6s[0m 105ms/step - accuracy: 0.2592 - loss: 2.7742
[1m118/183[0m [32m============[0m[37m========[0m [1m6s[0m 105ms/step - accuracy: 0.2593 - loss: 2.7735
[1m119/183[0m [32m=============[0m[37m=======[0m [1m6s[0m 105ms/step - accuracy: 0.2591 - loss: 2.7733
[1m120/183[0m [32m=============[0m[37m=======[0m [1m6s[0m 105ms/step - accuracy: 0.2586 - loss: 2.7767
[1m121/183[0m [32m=============[0m[37m=======[0m [1m6s[0m 105ms/step - accuracy: 0.2587 - loss: 2.7752
[1m122/183[0m [32m=============[0m[37m=======[0m [1m6s[0m 105ms/step - accuracy: 0.2583 - loss: 2.7760
[1m123/183[0m [32m=============[0m[37m=======[0m [1m6s[0m 105ms/step - accuracy: 0.2580 - loss: 2.7768
[1m124/183[0m [32m=============[0m[37m=======[0m [1m6s[0m 105ms/step - accuracy: 0.2583 - loss: 2.7751
[1m125/183[0m [32m=============[0m[37m=======[0m [1m6s[0m 105ms/step - accuracy: 0.2592 - loss: 2.7734
[1m126/183[0m [32m=============[0m[37m=======[0m [1m5s[0m 105ms/step - accuracy: 0.2587 - loss: 2.7741
[1m127/183[0m [32m=============[0m[37m=======[0m [1m5s[0m 105ms/step - accuracy: 0.2585 - loss: 2.7748
[1m128/183[0m [32m=============[0m[37m=======[0m [1m5s[0m 105ms/step - accuracy: 0.2587 - loss: 2.7738
[1m129/183[0m [32m==============[0m[37m======[0m [1m5s[0m 105ms/step - accuracy: 0.2580 - loss: 2.7769
[1m130/183[0m [32m==============[0m[37m======[0m [1m5s[0m 105ms/step - accuracy: 0.2583 - loss: 2.7755
[1m131/183[0m [32m==============[0m[37m======[0m [1m5s[0m 105ms/step - accuracy: 0.2580 - loss: 2.7764
[1m132/183[0m [32m==============[0m[37m======[0m [1m5s[0m 105ms/step - accuracy: 0.2580 - loss: 2.7764
[1m133/183[0m [32m==============[0m[37m======[0m [1m5s[0m 105ms/step - accuracy: 0.2572 - loss: 2.7792
[1m134/183[0m [32m==============[0m[37m======[0m [1m5s[0m 105ms/step - accuracy: 0.2572 - loss: 2.7811
[1m135/183[0m [32m==============[0m[37m======[0m [1m5s[0m 105ms/step - accuracy: 0.2576 - loss: 2.7799
[1m136/183[0m [32m==============[0m[37m======[0m [1m4s[0m 105ms/step - accuracy: 0.2575 - loss: 2.7804
[1m137/183[0m [32m==============[0m[37m======[0m [1m4s[0m 105ms/step - accuracy: 0.2571 - loss: 2.7816
[1m138/183[0m [32m===============[0m[37m=====[0m [1m4s[0m 105ms/step - accuracy: 0.2576 - loss: 2.7808
[1m139/183[0m [32m===============[0m[37m=====[0m [1m4s[0m 105ms/step - accuracy: 0.2569 - loss: 2.7812
[1m140/183[0m [32m===============[0m[37m=====[0m [1m4s[0m 105ms/step - accuracy: 0.2564 - loss: 2.7822
[1m141/183[0m [32m===============[0m[37m=====[0m [1m4s[0m 105ms/step - accuracy: 0.2568 - loss: 2.7829
[1m142/183[0m [32m===============[0m[37m=====[0m [1m4s[0m 105ms/step - accuracy: 0.2562 - loss: 2.7842
[1m143/183[0m [32m===============[0m[37m=====[0m [1m4s[0m 105ms/step - accuracy: 0.2563 - loss: 2.7840
[1m144/183[0m [32m===============[0m[37m=====[0m [1m4s[0m 105ms/step - accuracy: 0.2563 - loss: 2.7837
[1m145/183[0m [32m===============[0m[37m=====[0m [1m3s[0m 105ms/step - accuracy: 0.2568 - loss: 2.7823
[1m146/183[0m [32m===============[0m[37m=====[0m [1m3s[0m 105ms/step - accuracy: 0.2572 - loss: 2.7810
[1m147/183[0m [32m================[0m[37m====[0m [1m3s[0m 105ms/step - accuracy: 0.2575 - loss: 2.7801
[1m148/183[0m [32m================[0m[37m====[0m [1m3s[0m 105ms/step - accuracy: 0.2576 - loss: 2.7784
[1m149/183[0m [32m================[0m[37m====[0m [1m3s[0m 105ms/step - accuracy: 0.2573 - loss: 2.7785
[1m150/183[0m [32m================[0m[37m====[0m [1m3s[0m 105ms/step - accuracy: 0.2566 - loss: 2.7824
[1m151/183[0m [32m================[0m[37m====[0m [1m3s[0m 104ms/step - accuracy: 0.2563 - loss: 2.7821
[1m152/183[0m [32m================[0m[37m====[0m [1m3s[0m 104ms/step - accuracy: 0.2566 - loss: 2.7810
[1m153/183[0m [32m================[0m[37m====[0m [1m3s[0m 104ms/step - accuracy: 0.2569 - loss: 2.7801
[1m154/183[0m [32m================[0m[37m====[0m [1m3s[0m 104ms/step - accuracy: 0.2567 - loss: 2.7808
[1m155/183[0m [32m================[0m[37m====[0m [1m2s[0m 104ms/step - accuracy: 0.2566 - loss: 2.7814
[1m156/183[0m [32m=================[0m[37m===[0m [1m2s[0m 104ms/step - accuracy: 0.2565 - loss: 2.7837
[1m157/183[0m [32m=================[0m[37m===[0m [1m2s[0m 104ms/step - accuracy: 0.2564 - loss: 2.7847
[1m158/183[0m [32m=================[0m[37m===[0m [1m2s[0m 104ms/step - accuracy: 0.2570 - loss: 2.7834
[1m159/183[0m [32m=================[0m[37m===[0m [1m2s[0m 105ms/step - accuracy: 0.2569 - loss: 2.7845
[1m160/183[0m [32m=================[0m[37m===[0m [1m2s[0m 105ms/step - accuracy: 0.2568 - loss: 2.7848
[1m161/183[0m [32m=================[0m[37m===[0m [1m2s[0m 105ms/step - accuracy: 0.2570 - loss: 2.7839
[1m162/183[0m [32m=================[0m[37m===[0m [1m2s[0m 105ms/step - accuracy: 0.2578 - loss: 2.7810
[1m163/183[0m [32m=================[0m[37m===[0m [1m2s[0m 105ms/step - accuracy: 0.2578 - loss: 2.7807
[1m164/183[0m [32m=================[0m[37m===[0m [1m1s[0m 105ms/step - accuracy: 0.2579 - loss: 2.7805
[1m165/183[0m [32m==================[0m[37m==[0m [1m1s[0m 105ms/step - accuracy: 0.2580 - loss: 2.7805
[1m166/183[0m [32m==================[0m[37m==[0m [1m1s[0m 105ms/step - accuracy: 0.2574 - loss: 2.7809
[1m167/183[0m [32m==================[0m[37m==[0m [1m1s[0m 105ms/step - accuracy: 0.2575 - loss: 2.7809
[1m168/183[0m [32m==================[0m[37m==[0m [1m1s[0m 105ms/step - accuracy: 0.2572 - loss: 2.7833
[1m169/183[0m [32m==================[0m[37m==[0m [1m1s[0m 105ms/step - accuracy: 0.2569 - loss: 2.7835
[1m170/183[0m [32m==================[0m[37m==[0m [1m1s[0m 106ms/step - accuracy: 0.2571 - loss: 2.7821
[1m171/183[0m [32m==================[0m[37m==[0m [1m1s[0m 106ms/step - accuracy: 0.2579 - loss: 2.7795
[1m172/183[0m [32m==================[0m[37m==[0m [1m1s[0m 106ms/step - accuracy: 0.2589 - loss: 2.7770
[1m173/183[0m [32m==================[0m[37m==[0m [1m1s[0m 106ms/step - accuracy: 0.2587 - loss: 2.7767
[1m174/183[0m [32m===================[0m[37m=[0m [1m0s[0m 106ms/step - accuracy: 0.2593 - loss: 2.7748
[1m175/183[0m [32m===================[0m[37m=[0m [1m0s[0m 106ms/step - accuracy: 0.2594 - loss: 2.7751
[1m176/183[0m [32m===================[0m[37m=[0m [1m0s[0m 106ms/step - accuracy: 0.2592 - loss: 2.7746
[1m177/183[0m [32m===================[0m[37m=[0m [1m0s[0m 106ms/step - accuracy: 0.2594 - loss: 2.7738
[1m178/183[0m [32m===================[0m[37m=[0m [1m0s[0m 106ms/step - accuracy: 0.2597 - loss: 2.7730
[1m179/183[0m [32m===================[0m[37m=[0m [1m0s[0m 106ms/step - accuracy: 0.2595 - loss: 2.7740
[1m180/183[0m [32m===================[0m[37m=[0m [1m0s[0m 106ms/step - accuracy: 0.2595 - loss: 2.7741
[1m181/183[0m [32m===================[0m[37m=[0m [1m0s[0m 106ms/step - accuracy: 0.2596 - loss: 2.7740
[1m182/183[0m [32m===================[0m[37m=[0m [1m0s[0m 106ms/step - accuracy: 0.2599 - loss: 2.7725
[1m183/183[0m [32m====================[0m[37m[0m [1m0s[0m 106ms/step - accuracy: 0.2597 - loss: 2.7730
[1m183/183[0m [32m====================[0m[37m[0m [1m22s[0m 117ms/step - accuracy: 0.2597 - loss: 2.7730 - val_accuracy: 0.1070 - val_loss: 4.0415 - learning_rate: 0.0010
Epoch 13/15

[1m  1/183[0m [37m====================[0m [1m27s[0m 152ms/step - accuracy: 0.2969 - loss: 2.8297
[1m  2/183[0m [37m====================[0m [1m22s[0m 126ms/step - accuracy: 0.3203 - loss: 2.7199
[1m  3/183[0m [37m====================[0m [1m22s[0m 123ms/step - accuracy: 0.3073 - loss: 2.6768
[1m  4/183[0m [37m====================[0m [1m21s[0m 121ms/step - accuracy: 0.3203 - loss: 2.5950
[1m  5/183[0m [37m====================[0m [1m21s[0m 121ms/step - accuracy: 0.3125 - loss: 2.5627
[1m  6/183[0m [37m====================[0m [1m21s[0m 122ms/step - accuracy: 0.3151 - loss: 2.5354
[1m  7/183[0m [37m====================[0m [1m21s[0m 122ms/step - accuracy: 0.3125 - loss: 2.5365
[1m  8/183[0m [37m====================[0m [1m21s[0m 120ms/step - accuracy: 0.3125 - loss: 2.5712
[1m  9/183[0m [37m====================[0m [1m20s[0m 118ms/step - accuracy: 0.3125 - loss: 2.5906
[1m 10/183[0m [32m=[0m[37m===================[0m [1m20s[0m 117ms/step - accuracy: 0.3109 - loss: 2.5816
[1m 11/183[0m [32m=[0m[37m===================[0m [1m19s[0m 116ms/step - accuracy: 0.3097 - loss: 2.5906
[1m 12/183[0m [32m=[0m[37m===================[0m [1m20s[0m 117ms/step - accuracy: 0.3034 - loss: 2.6002
[1m 13/183[0m [32m=[0m[37m===================[0m [1m20s[0m 118ms/step - accuracy: 0.3089 - loss: 2.5929
[1m 14/183[0m [32m=[0m[37m===================[0m [1m19s[0m 117ms/step - accuracy: 0.3092 - loss: 2.5853
[1m 15/183[0m [32m=[0m[37m===================[0m [1m19s[0m 117ms/step - accuracy: 0.3073 - loss: 2.5860
[1m 16/183[0m [32m=[0m[37m===================[0m [1m19s[0m 117ms/step - accuracy: 0.3027 - loss: 2.5977
[1m 17/183[0m [32m=[0m[37m===================[0m [1m19s[0m 116ms/step - accuracy: 0.2987 - loss: 2.5997
[1m 18/183[0m [32m=[0m[37m===================[0m [1m19s[0m 116ms/step - accuracy: 0.2960 - loss: 2.6039
[1m 19/183[0m [32m==[0m[37m==================[0m [1m19s[0m 118ms/step - accuracy: 0.2969 - loss: 2.5977
[1m 20/183[0m [32m==[0m[37m==================[0m [1m19s[0m 118ms/step - accuracy: 0.3008 - loss: 2.5867
[1m 21/183[0m [32m==[0m[37m==================[0m [1m19s[0m 119ms/step - accuracy: 0.2991 - loss: 2.5978
[1m 22/183[0m [32m==[0m[37m==================[0m [1m19s[0m 118ms/step - accuracy: 0.2990 - loss: 2.5896
[1m 23/183[0m [32m==[0m[37m==================[0m [1m18s[0m 119ms/step - accuracy: 0.3084 - loss: 2.5735
[1m 24/183[0m [32m==[0m[37m==================[0m [1m18s[0m 119ms/step - accuracy: 0.3105 - loss: 2.5708
[1m 25/183[0m [32m==[0m[37m==================[0m [1m18s[0m 119ms/step - accuracy: 0.3075 - loss: 2.5836
[1m 26/183[0m [32m==[0m[37m==================[0m [1m18s[0m 119ms/step - accuracy: 0.2999 - loss: 2.5985
[1m 27/183[0m [32m==[0m[37m==================[0m [1m18s[0m 119ms/step - accuracy: 0.2986 - loss: 2.6095
[1m 28/183[0m [32m===[0m[37m=================[0m [1m18s[0m 119ms/step - accuracy: 0.2952 - loss: 2.6107
[1m 29/183[0m [32m===[0m[37m=================[0m [1m18s[0m 118ms/step - accuracy: 0.2958 - loss: 2.6015
[1m 30/183[0m [32m===[0m[37m=================[0m [1m18s[0m 118ms/step - accuracy: 0.2932 - loss: 2.6081
[1m 31/183[0m [32m===[0m[37m=================[0m [1m18s[0m 118ms/step - accuracy: 0.2903 - loss: 2.6087
[1m 32/183[0m [32m===[0m[37m=================[0m [1m17s[0m 118ms/step - accuracy: 0.2930 - loss: 2.6089
[1m 33/183[0m [32m===[0m[37m=================[0m [1m17s[0m 119ms/step - accuracy: 0.2917 - loss: 2.6099
[1m 34/183[0m [32m===[0m[37m=================[0m [1m17s[0m 119ms/step - accuracy: 0.2914 - loss: 2.6089
[1m 35/183[0m [32m===[0m[37m=================[0m [1m17s[0m 120ms/step - accuracy: 0.2924 - loss: 2.6060
[1m 36/183[0m [32m===[0m[37m=================[0m [1m17s[0m 119ms/step - accuracy: 0.2925 - loss: 2.6062
[1m 37/183[0m [32m====[0m[37m================[0m [1m17s[0m 119ms/step - accuracy: 0.2939 - loss: 2.6043
[1m 38/183[0m [32m====[0m[37m================[0m [1m17s[0m 119ms/step - accuracy: 0.2944 - loss: 2.5987
[1m 39/183[0m [32m====[0m[37m================[0m [1m17s[0m 119ms/step - accuracy: 0.2929 - loss: 2.5985
[1m 40/183[0m [32m====[0m[37m================[0m [1m16s[0m 119ms/step - accuracy: 0.2949 - loss: 2.5887
[1m 41/183[0m [32m====[0m[37m================[0m [1m16s[0m 119ms/step - accuracy: 0.2957 - loss: 2.5860
[1m 42/183[0m [32m====[0m[37m================[0m [1m16s[0m 119ms/step - accuracy: 0.2958 - loss: 2.5842
[1m 43/183[0m [32m====[0m[37m================[0m [1m16s[0m 119ms/step - accuracy: 0.2961 - loss: 2.5836
[1m 44/183[0m [32m====[0m[37m================[0m [1m16s[0m 118ms/step - accuracy: 0.2958 - loss: 2.5834
[1m 45/183[0m [32m====[0m[37m================[0m [1m16s[0m 118ms/step - accuracy: 0.2951 - loss: 2.5887
[1m 46/183[0m [32m=====[0m[37m===============[0m [1m16s[0m 118ms/step - accuracy: 0.2938 - loss: 2.5957
[1m 47/183[0m [32m=====[0m[37m===============[0m [1m15s[0m 117ms/step - accuracy: 0.2912 - loss: 2.6013
[1m 48/183[0m [32m=====[0m[37m===============[0m [1m15s[0m 117ms/step - accuracy: 0.2900 - loss: 2.6086
[1m 49/183[0m [32m=====[0m[37m===============[0m [1m15s[0m 117ms/step - accuracy: 0.2911 - loss: 2.6068
[1m 50/183[0m [32m=====[0m[37m===============[0m [1m15s[0m 117ms/step - accuracy: 0.2906 - loss: 2.6070
[1m 51/183[0m [32m=====[0m[37m===============[0m [1m15s[0m 117ms/step - accuracy: 0.2904 - loss: 2.6101
[1m 52/183[0m [32m=====[0m[37m===============[0m [1m15s[0m 117ms/step - accuracy: 0.2900 - loss: 2.6150
[1m 53/183[0m [32m=====[0m[37m===============[0m [1m15s[0m 117ms/step - accuracy: 0.2898 - loss: 2.6135
[1m 54/183[0m [32m=====[0m[37m===============[0m [1m15s[0m 117ms/step - accuracy: 0.2894 - loss: 2.6165
[1m 55/183[0m [32m======[0m[37m==============[0m [1m14s[0m 117ms/step - accuracy: 0.2889 - loss: 2.6165
[1m 56/183[0m [32m======[0m[37m==============[0m [1m14s[0m 117ms/step - accuracy: 0.2891 - loss: 2.6194
[1m 57/183[0m [32m======[0m[37m==============[0m [1m14s[0m 117ms/step - accuracy: 0.2892 - loss: 2.6183
[1m 58/183[0m [32m======[0m[37m==============[0m [1m14s[0m 117ms/step - accuracy: 0.2896 - loss: 2.6175
[1m 59/183[0m [32m======[0m[37m==============[0m [1m14s[0m 117ms/step - accuracy: 0.2881 - loss: 2.6196
[1m 60/183[0m [32m======[0m[37m==============[0m [1m14s[0m 117ms/step - accuracy: 0.2859 - loss: 2.6206
[1m 61/183[0m [32m======[0m[37m==============[0m [1m14s[0m 117ms/step - accuracy: 0.2861 - loss: 2.6204
[1m 62/183[0m [32m======[0m[37m==============[0m [1m14s[0m 117ms/step - accuracy: 0.2863 - loss: 2.6214
[1m 63/183[0m [32m======[0m[37m==============[0m [1m14s[0m 118ms/step - accuracy: 0.2875 - loss: 2.6195
[1m 64/183[0m [32m======[0m[37m==============[0m [1m14s[0m 118ms/step - accuracy: 0.2866 - loss: 2.6205
[1m 65/183[0m [32m=======[0m[37m=============[0m [1m13s[0m 118ms/step - accuracy: 0.2858 - loss: 2.6225
[1m 66/183[0m [32m=======[0m[37m=============[0m [1m13s[0m 117ms/step - accuracy: 0.2846 - loss: 2.6270
[1m 67/183[0m [32m=======[0m[37m=============[0m [1m13s[0m 117ms/step - accuracy: 0.2833 - loss: 2.6314
[1m 68/183[0m [32m=======[0m[37m=============[0m [1m13s[0m 117ms/step - accuracy: 0.2826 - loss: 2.6342
[1m 69/183[0m [32m=======[0m[37m=============[0m [1m13s[0m 118ms/step - accuracy: 0.2824 - loss: 2.6342
[1m 70/183[0m [32m=======[0m[37m=============[0m [1m13s[0m 118ms/step - accuracy: 0.2812 - loss: 2.6389
[1m 71/183[0m [32m=======[0m[37m=============[0m [1m13s[0m 118ms/step - accuracy: 0.2817 - loss: 2.6376
[1m 72/183[0m [32m=======[0m[37m=============[0m [1m13s[0m 118ms/step - accuracy: 0.2812 - loss: 2.6352
[1m 73/183[0m [32m=======[0m[37m=============[0m [1m12s[0m 118ms/step - accuracy: 0.2827 - loss: 2.6302
[1m 74/183[0m [32m========[0m[37m============[0m [1m12s[0m 118ms/step - accuracy: 0.2817 - loss: 2.6343
[1m 75/183[0m [32m========[0m[37m============[0m [1m12s[0m 118ms/step - accuracy: 0.2817 - loss: 2.6351
[1m 76/183[0m [32m========[0m[37m============[0m [1m12s[0m 117ms/step - accuracy: 0.2823 - loss: 2.6329
[1m 77/183[0m [32m========[0m[37m============[0m [1m12s[0m 117ms/step - accuracy: 0.2833 - loss: 2.6360
[1m 78/183[0m [32m========[0m[37m============[0m [1m12s[0m 117ms/step - accuracy: 0.2839 - loss: 2.6325
[1m 79/183[0m [32m========[0m[37m============[0m [1m12s[0m 117ms/step - accuracy: 0.2836 - loss: 2.6328
[1m 80/183[0m [32m========[0m[37m============[0m [1m12s[0m 117ms/step - accuracy: 0.2840 - loss: 2.6330
[1m 81/183[0m [32m========[0m[37m============[0m [1m11s[0m 116ms/step - accuracy: 0.2840 - loss: 2.6310
[1m 82/183[0m [32m========[0m[37m============[0m [1m11s[0m 116ms/step - accuracy: 0.2830 - loss: 2.6341
[1m 83/183[0m [32m=========[0m[37m===========[0m [1m11s[0m 116ms/step - accuracy: 0.2837 - loss: 2.6338
[1m 84/183[0m [32m=========[0m[37m===========[0m [1m11s[0m 116ms/step - accuracy: 0.2835 - loss: 2.6327
[1m 85/183[0m [32m=========[0m[37m===========[0m [1m11s[0m 115ms/step - accuracy: 0.2829 - loss: 2.6315
[1m 86/183[0m [32m=========[0m[37m===========[0m [1m11s[0m 115ms/step - accuracy: 0.2831 - loss: 2.6318
[1m 87/183[0m [32m=========[0m[37m===========[0m [1m11s[0m 115ms/step - accuracy: 0.2827 - loss: 2.6314
[1m 88/183[0m [32m=========[0m[37m===========[0m [1m10s[0m 115ms/step - accuracy: 0.2832 - loss: 2.6319
[1m 89/183[0m [32m=========[0m[37m===========[0m [1m10s[0m 115ms/step - accuracy: 0.2835 - loss: 2.6335
[1m 90/183[0m [32m=========[0m[37m===========[0m [1m10s[0m 115ms/step - accuracy: 0.2830 - loss: 2.6345
[1m 91/183[0m [32m=========[0m[37m===========[0m [1m10s[0m 114ms/step - accuracy: 0.2830 - loss: 2.6333
[1m 92/183[0m [32m==========[0m[37m==========[0m [1m10s[0m 114ms/step - accuracy: 0.2824 - loss: 2.6333
[1m 93/183[0m [32m==========[0m[37m==========[0m [1m10s[0m 114ms/step - accuracy: 0.2831 - loss: 2.6292
[1m 94/183[0m [32m==========[0m[37m==========[0m [1m10s[0m 114ms/step - accuracy: 0.2841 - loss: 2.6279
[1m 95/183[0m [32m==========[0m[37m==========[0m [1m10s[0m 114ms/step - accuracy: 0.2844 - loss: 2.6275
[1m 96/183[0m [32m==========[0m[37m==========[0m [1m9s[0m 114ms/step - accuracy: 0.2845 - loss: 2.6280 
[1m 97/183[0m [32m==========[0m[37m==========[0m [1m9s[0m 113ms/step - accuracy: 0.2846 - loss: 2.6269
[1m 98/183[0m [32m==========[0m[37m==========[0m [1m9s[0m 113ms/step - accuracy: 0.2851 - loss: 2.6268
[1m 99/183[0m [32m==========[0m[37m==========[0m [1m9s[0m 113ms/step - accuracy: 0.2849 - loss: 2.6269
[1m100/183[0m [32m==========[0m[37m==========[0m [1m9s[0m 113ms/step - accuracy: 0.2858 - loss: 2.6242
[1m101/183[0m [32m===========[0m[37m=========[0m [1m9s[0m 113ms/step - accuracy: 0.2860 - loss: 2.6224
[1m102/183[0m [32m===========[0m[37m=========[0m [1m9s[0m 113ms/step - accuracy: 0.2866 - loss: 2.6216
[1m103/183[0m [32m===========[0m[37m=========[0m [1m9s[0m 113ms/step - accuracy: 0.2878 - loss: 2.6196
[1m104/183[0m [32m===========[0m[37m=========[0m [1m8s[0m 113ms/step - accuracy: 0.2882 - loss: 2.6211
[1m105/183[0m [32m===========[0m[37m=========[0m [1m8s[0m 113ms/step - accuracy: 0.2885 - loss: 2.6187
[1m106/183[0m [32m===========[0m[37m=========[0m [1m8s[0m 113ms/step - accuracy: 0.2886 - loss: 2.6187
[1m107/183[0m [32m===========[0m[37m=========[0m [1m8s[0m 113ms/step - accuracy: 0.2902 - loss: 2.6170
[1m108/183[0m [32m===========[0m[37m=========[0m [1m8s[0m 113ms/step - accuracy: 0.2904 - loss: 2.6160
[1m109/183[0m [32m===========[0m[37m=========[0m [1m8s[0m 112ms/step - accuracy: 0.2906 - loss: 2.6145
[1m110/183[0m [32m============[0m[37m========[0m [1m8s[0m 112ms/step - accuracy: 0.2906 - loss: 2.6134
[1m111/183[0m [32m============[0m[37m========[0m [1m8s[0m 112ms/step - accuracy: 0.2905 - loss: 2.6142
[1m112/183[0m [32m============[0m[37m========[0m [1m7s[0m 112ms/step - accuracy: 0.2906 - loss: 2.6135
[1m113/183[0m [32m============[0m[37m========[0m [1m7s[0m 112ms/step - accuracy: 0.2902 - loss: 2.6136
[1m114/183[0m [32m============[0m[37m========[0m [1m7s[0m 112ms/step - accuracy: 0.2899 - loss: 2.6140
[1m115/183[0m [32m============[0m[37m========[0m [1m7s[0m 112ms/step - accuracy: 0.2898 - loss: 2.6132
[1m116/183[0m [32m============[0m[37m========[0m [1m7s[0m 112ms/step - accuracy: 0.2900 - loss: 2.6138
[1m117/183[0m [32m============[0m[37m========[0m [1m7s[0m 112ms/step - accuracy: 0.2903 - loss: 2.6136
[1m118/183[0m [32m============[0m[37m========[0m [1m7s[0m 112ms/step - accuracy: 0.2901 - loss: 2.6129
[1m119/183[0m [32m=============[0m[37m=======[0m [1m7s[0m 112ms/step - accuracy: 0.2898 - loss: 2.6129
[1m120/183[0m [32m=============[0m[37m=======[0m [1m7s[0m 112ms/step - accuracy: 0.2897 - loss: 2.6124
[1m121/183[0m [32m=============[0m[37m=======[0m [1m6s[0m 112ms/step - accuracy: 0.2895 - loss: 2.6129
[1m122/183[0m [32m=============[0m[37m=======[0m [1m6s[0m 112ms/step - accuracy: 0.2906 - loss: 2.6129
[1m123/183[0m [32m=============[0m[37m=======[0m [1m6s[0m 112ms/step - accuracy: 0.2903 - loss: 2.6128
[1m124/183[0m [32m=============[0m[37m=======[0m [1m6s[0m 112ms/step - accuracy: 0.2898 - loss: 2.6123
[1m125/183[0m [32m=============[0m[37m=======[0m [1m6s[0m 112ms/step - accuracy: 0.2890 - loss: 2.6124
[1m126/183[0m [32m=============[0m[37m=======[0m [1m6s[0m 112ms/step - accuracy: 0.2892 - loss: 2.6122
[1m127/183[0m [32m=============[0m[37m=======[0m [1m6s[0m 112ms/step - accuracy: 0.2888 - loss: 2.6117
[1m128/183[0m [32m=============[0m[37m=======[0m [1m6s[0m 112ms/step - accuracy: 0.2891 - loss: 2.6119
[1m129/183[0m [32m==============[0m[37m======[0m [1m6s[0m 112ms/step - accuracy: 0.2895 - loss: 2.6112
[1m130/183[0m [32m==============[0m[37m======[0m [1m5s[0m 112ms/step - accuracy: 0.2888 - loss: 2.6116
[1m131/183[0m [32m==============[0m[37m======[0m [1m5s[0m 112ms/step - accuracy: 0.2892 - loss: 2.6109
[1m132/183[0m [32m==============[0m[37m======[0m [1m5s[0m 112ms/step - accuracy: 0.2888 - loss: 2.6103
[1m133/183[0m [32m==============[0m[37m======[0m [1m5s[0m 112ms/step - accuracy: 0.2884 - loss: 2.6122
[1m134/183[0m [32m==============[0m[37m======[0m [1m5s[0m 113ms/step - accuracy: 0.2882 - loss: 2.6119
[1m135/183[0m [32m==============[0m[37m======[0m [1m5s[0m 113ms/step - accuracy: 0.2880 - loss: 2.6136
[1m136/183[0m [32m==============[0m[37m======[0m [1m5s[0m 113ms/step - accuracy: 0.2879 - loss: 2.6127
[1m137/183[0m [32m==============[0m[37m======[0m [1m5s[0m 113ms/step - accuracy: 0.2878 - loss: 2.6130
[1m138/183[0m [32m===============[0m[37m=====[0m [1m5s[0m 113ms/step - accuracy: 0.2882 - loss: 2.6121
[1m139/183[0m [32m===============[0m[37m=====[0m [1m4s[0m 113ms/step - accuracy: 0.2880 - loss: 2.6142
[1m140/183[0m [32m===============[0m[37m=====[0m [1m4s[0m 113ms/step - accuracy: 0.2876 - loss: 2.6156
[1m141/183[0m [32m===============[0m[37m=====[0m [1m4s[0m 113ms/step - accuracy: 0.2879 - loss: 2.6142
[1m142/183[0m [32m===============[0m[37m=====[0m [1m4s[0m 113ms/step - accuracy: 0.2880 - loss: 2.6140
[1m143/183[0m [32m===============[0m[37m=====[0m [1m4s[0m 113ms/step - accuracy: 0.2881 - loss: 2.6133
[1m144/183[0m [32m===============[0m[37m=====[0m [1m4s[0m 113ms/step - accuracy: 0.2878 - loss: 2.6146
[1m145/183[0m [32m===============[0m[37m=====[0m [1m4s[0m 113ms/step - accuracy: 0.2878 - loss: 2.6142
[1m146/183[0m [32m===============[0m[37m=====[0m [1m4s[0m 113ms/step - accuracy: 0.2884 - loss: 2.6131
[1m147/183[0m [32m================[0m[37m====[0m [1m4s[0m 113ms/step - accuracy: 0.2876 - loss: 2.6136
[1m148/183[0m [32m================[0m[37m====[0m [1m3s[0m 113ms/step - accuracy: 0.2874 - loss: 2.6129
[1m149/183[0m [32m================[0m[37m====[0m [1m3s[0m 113ms/step - accuracy: 0.2873 - loss: 2.6137
[1m150/183[0m [32m================[0m[37m====[0m [1m3s[0m 113ms/step - accuracy: 0.2872 - loss: 2.6134
[1m151/183[0m [32m================[0m[37m====[0m [1m3s[0m 113ms/step - accuracy: 0.2875 - loss: 2.6123
[1m152/183[0m [32m================[0m[37m====[0m [1m3s[0m 113ms/step - accuracy: 0.2875 - loss: 2.6113
[1m153/183[0m [32m================[0m[37m====[0m [1m3s[0m 113ms/step - accuracy: 0.2878 - loss: 2.6100
[1m154/183[0m [32m================[0m[37m====[0m [1m3s[0m 113ms/step - accuracy: 0.2878 - loss: 2.6109
[1m155/183[0m [32m================[0m[37m====[0m [1m3s[0m 113ms/step - accuracy: 0.2885 - loss: 2.6091
[1m156/183[0m [32m=================[0m[37m===[0m [1m3s[0m 113ms/step - accuracy: 0.2887 - loss: 2.6082
[1m157/183[0m [32m=================[0m[37m===[0m [1m2s[0m 112ms/step - accuracy: 0.2883 - loss: 2.6086
[1m158/183[0m [32m=================[0m[37m===[0m [1m2s[0m 112ms/step - accuracy: 0.2878 - loss: 2.6095
[1m159/183[0m [32m=================[0m[37m===[0m [1m2s[0m 112ms/step - accuracy: 0.2875 - loss: 2.6094
[1m160/183[0m [32m=================[0m[37m===[0m [1m2s[0m 112ms/step - accuracy: 0.2876 - loss: 2.6095
[1m161/183[0m [32m=================[0m[37m===[0m [1m2s[0m 112ms/step - accuracy: 0.2870 - loss: 2.6137
[1m162/183[0m [32m=================[0m[37m===[0m [1m2s[0m 112ms/step - accuracy: 0.2868 - loss: 2.6143
[1m163/183[0m [32m=================[0m[37m===[0m [1m2s[0m 112ms/step - accuracy: 0.2863 - loss: 2.6158
[1m164/183[0m [32m=================[0m[37m===[0m [1m2s[0m 112ms/step - accuracy: 0.2860 - loss: 2.6167
[1m165/183[0m [32m==================[0m[37m==[0m [1m2s[0m 112ms/step - accuracy: 0.2865 - loss: 2.6168
[1m166/183[0m [32m==================[0m[37m==[0m [1m1s[0m 111ms/step - accuracy: 0.2867 - loss: 2.6173
[1m167/183[0m [32m==================[0m[37m==[0m [1m1s[0m 111ms/step - accuracy: 0.2865 - loss: 2.6176
[1m168/183[0m [32m==================[0m[37m==[0m [1m1s[0m 111ms/step - accuracy: 0.2870 - loss: 2.6170
[1m169/183[0m [32m==================[0m[37m==[0m [1m1s[0m 111ms/step - accuracy: 0.2871 - loss: 2.6164
[1m170/183[0m [32m==================[0m[37m==[0m [1m1s[0m 111ms/step - accuracy: 0.2869 - loss: 2.6167
[1m171/183[0m [32m==================[0m[37m==[0m [1m1s[0m 111ms/step - accuracy: 0.2873 - loss: 2.6156
[1m172/183[0m [32m==================[0m[37m==[0m [1m1s[0m 111ms/step - accuracy: 0.2871 - loss: 2.6168
[1m173/183[0m [32m==================[0m[37m==[0m [1m1s[0m 111ms/step - accuracy: 0.2875 - loss: 2.6168
[1m174/183[0m [32m===================[0m[37m=[0m [1m0s[0m 110ms/step - accuracy: 0.2874 - loss: 2.6160
[1m175/183[0m [32m===================[0m[37m=[0m [1m0s[0m 110ms/step - accuracy: 0.2877 - loss: 2.6165
[1m176/183[0m [32m===================[0m[37m=[0m [1m0s[0m 110ms/step - accuracy: 0.2879 - loss: 2.6163
[1m177/183[0m [32m===================[0m[37m=[0m [1m0s[0m 110ms/step - accuracy: 0.2880 - loss: 2.6161
[1m178/183[0m [32m===================[0m[37m=[0m [1m0s[0m 110ms/step - accuracy: 0.2875 - loss: 2.6168
[1m179/183[0m [32m===================[0m[37m=[0m [1m0s[0m 110ms/step - accuracy: 0.2874 - loss: 2.6169
[1m180/183[0m [32m===================[0m[37m=[0m [1m0s[0m 110ms/step - accuracy: 0.2877 - loss: 2.6180
[1m181/183[0m [32m===================[0m[37m=[0m [1m0s[0m 110ms/step - accuracy: 0.2882 - loss: 2.6176
[1m182/183[0m [32m===================[0m[37m=[0m [1m0s[0m 109ms/step - accuracy: 0.2880 - loss: 2.6176
[1m183/183[0m [32m====================[0m[37m[0m [1m0s[0m 109ms/step - accuracy: 0.2881 - loss: 2.6173
[1m183/183[0m [32m====================[0m[37m[0m [1m22s[0m 120ms/step - accuracy: 0.2881 - loss: 2.6173 - val_accuracy: 0.1197 - val_loss: 4.0841 - learning_rate: 0.0010
Epoch 14/15

[1m  1/183[0m [37m====================[0m [1m23s[0m 132ms/step - accuracy: 0.1875 - loss: 2.9198
[1m  2/183[0m [37m====================[0m [1m22s[0m 124ms/step - accuracy: 0.2500 - loss: 2.7698
[1m  3/183[0m [37m====================[0m [1m21s[0m 120ms/step - accuracy: 0.2708 - loss: 2.7639
[1m  4/183[0m [37m====================[0m [1m21s[0m 120ms/step - accuracy: 0.2734 - loss: 2.6702
[1m  5/183[0m [37m====================[0m [1m21s[0m 120ms/step - accuracy: 0.2750 - loss: 2.6900
[1m  6/183[0m [37m====================[0m [1m20s[0m 116ms/step - accuracy: 0.2578 - loss: 2.6943
[1m  7/183[0m [37m====================[0m [1m20s[0m 116ms/step - accuracy: 0.2701 - loss: 2.6648
[1m  8/183[0m [37m====================[0m [1m20s[0m 116ms/step - accuracy: 0.2676 - loss: 2.6434
[1m  9/183[0m [37m====================[0m [1m20s[0m 118ms/step - accuracy: 0.2778 - loss: 2.6193
[1m 10/183[0m [32m=[0m[37m===================[0m [1m20s[0m 118ms/step - accuracy: 0.2828 - loss: 2.6235
[1m 11/183[0m [32m=[0m[37m===================[0m [1m20s[0m 118ms/step - accuracy: 0.2784 - loss: 2.6326
[1m 12/183[0m [32m=[0m[37m===================[0m [1m19s[0m 117ms/step - accuracy: 0.2865 - loss: 2.6076
[1m 13/183[0m [32m=[0m[37m===================[0m [1m19s[0m 116ms/step - accuracy: 0.2837 - loss: 2.6095
[1m 14/183[0m [32m=[0m[37m===================[0m [1m19s[0m 115ms/step - accuracy: 0.2868 - loss: 2.5974
[1m 15/183[0m [32m=[0m[37m===================[0m [1m19s[0m 116ms/step - accuracy: 0.2917 - loss: 2.5893
[1m 16/183[0m [32m=[0m[37m===================[0m [1m19s[0m 116ms/step - accuracy: 0.2910 - loss: 2.5731
[1m 17/183[0m [32m=[0m[37m===================[0m [1m19s[0m 115ms/step - accuracy: 0.2932 - loss: 2.5631
[1m 18/183[0m [32m=[0m[37m===================[0m [1m18s[0m 114ms/step - accuracy: 0.2934 - loss: 2.5552
[1m 19/183[0m [32m==[0m[37m==================[0m [1m18s[0m 114ms/step - accuracy: 0.2985 - loss: 2.5598
[1m 20/183[0m [32m==[0m[37m==================[0m [1m18s[0m 114ms/step - accuracy: 0.2977 - loss: 2.5713
[1m 21/183[0m [32m==[0m[37m==================[0m [1m18s[0m 113ms/step - accuracy: 0.2946 - loss: 2.5767
[1m 22/183[0m [32m==[0m[37m==================[0m [1m18s[0m 113ms/step - accuracy: 0.2947 - loss: 2.5742
[1m 23/183[0m [32m==[0m[37m==================[0m [1m18s[0m 113ms/step - accuracy: 0.2948 - loss: 2.5669
[1m 24/183[0m [32m==[0m[37m==================[0m [1m17s[0m 112ms/step - accuracy: 0.2943 - loss: 2.5799
[1m 25/183[0m [32m==[0m[37m==================[0m [1m17s[0m 112ms/step - accuracy: 0.2956 - loss: 2.5835
[1m 26/183[0m [32m==[0m[37m==================[0m [1m17s[0m 112ms/step - accuracy: 0.2927 - loss: 2.5893
[1m 27/183[0m [32m==[0m[37m==================[0m [1m17s[0m 111ms/step - accuracy: 0.2957 - loss: 2.5934
[1m 28/183[0m [32m===[0m[37m=================[0m [1m17s[0m 111ms/step - accuracy: 0.2991 - loss: 2.5812
[1m 29/183[0m [32m===[0m[37m=================[0m [1m16s[0m 110ms/step - accuracy: 0.2990 - loss: 2.5823
[1m 30/183[0m [32m===[0m[37m=================[0m [1m16s[0m 110ms/step - accuracy: 0.2990 - loss: 2.5752
[1m 31/183[0m [32m===[0m[37m=================[0m [1m16s[0m 110ms/step - accuracy: 0.2979 - loss: 2.5800
[1m 32/183[0m [32m===[0m[37m=================[0m [1m16s[0m 109ms/step - accuracy: 0.2993 - loss: 2.5755
[1m 33/183[0m [32m===[0m[37m=================[0m [1m16s[0m 109ms/step - accuracy: 0.2978 - loss: 2.5757
[1m 34/183[0m [32m===[0m[37m=================[0m [1m16s[0m 109ms/step - accuracy: 0.2969 - loss: 2.5806
[1m 35/183[0m [32m===[0m[37m=================[0m [1m16s[0m 109ms/step - accuracy: 0.2960 - loss: 2.5815
[1m 36/183[0m [32m===[0m[37m=================[0m [1m16s[0m 109ms/step - accuracy: 0.2956 - loss: 2.5885
[1m 37/183[0m [32m====[0m[37m================[0m [1m15s[0m 109ms/step - accuracy: 0.2952 - loss: 2.5951
[1m 38/183[0m [32m====[0m[37m================[0m [1m15s[0m 109ms/step - accuracy: 0.2940 - loss: 2.5954
[1m 39/183[0m [32m====[0m[37m================[0m [1m15s[0m 109ms/step - accuracy: 0.2953 - loss: 2.5903
[1m 40/183[0m [32m====[0m[37m================[0m [1m15s[0m 109ms/step - accuracy: 0.2953 - loss: 2.5862
[1m 41/183[0m [32m====[0m[37m================[0m [1m15s[0m 109ms/step - accuracy: 0.2969 - loss: 2.5842
[1m 42/183[0m [32m====[0m[37m================[0m [1m15s[0m 108ms/step - accuracy: 0.2946 - loss: 2.5905
[1m 43/183[0m [32m====[0m[37m================[0m [1m15s[0m 108ms/step - accuracy: 0.2947 - loss: 2.5897
[1m 44/183[0m [32m====[0m[37m================[0m [1m15s[0m 108ms/step - accuracy: 0.2940 - loss: 2.5891
[1m 45/183[0m [32m====[0m[37m================[0m [1m14s[0m 108ms/step - accuracy: 0.2951 - loss: 2.5851
[1m 46/183[0m [32m=====[0m[37m===============[0m [1m14s[0m 108ms/step - accuracy: 0.2965 - loss: 2.5801
[1m 47/183[0m [32m=====[0m[37m===============[0m [1m14s[0m 108ms/step - accuracy: 0.2969 - loss: 2.5745
[1m 48/183[0m [32m=====[0m[37m===============[0m [1m14s[0m 108ms/step - accuracy: 0.2965 - loss: 2.5722
[1m 49/183[0m [32m=====[0m[37m===============[0m [1m14s[0m 108ms/step - accuracy: 0.2982 - loss: 2.5684
[1m 50/183[0m [32m=====[0m[37m===============[0m [1m14s[0m 108ms/step - accuracy: 0.2984 - loss: 2.5688
[1m 51/183[0m [32m=====[0m[37m===============[0m [1m14s[0m 108ms/step - accuracy: 0.2993 - loss: 2.5661
[1m 52/183[0m [32m=====[0m[37m===============[0m [1m14s[0m 108ms/step - accuracy: 0.2990 - loss: 2.5688
[1m 53/183[0m [32m=====[0m[37m===============[0m [1m14s[0m 108ms/step - accuracy: 0.2983 - loss: 2.5675
[1m 54/183[0m [32m=====[0m[37m===============[0m [1m13s[0m 108ms/step - accuracy: 0.2983 - loss: 2.5682
[1m 55/183[0m [32m======[0m[37m==============[0m [1m13s[0m 108ms/step - accuracy: 0.2980 - loss: 2.5683
[1m 56/183[0m [32m======[0m[37m==============[0m [1m13s[0m 108ms/step - accuracy: 0.2983 - loss: 2.5672
[1m 57/183[0m [32m======[0m[37m==============[0m [1m13s[0m 107ms/step - accuracy: 0.2977 - loss: 2.5705
[1m 58/183[0m [32m======[0m[37m==============[0m [1m13s[0m 107ms/step - accuracy: 0.2969 - loss: 2.5742
[1m 59/183[0m [32m======[0m[37m==============[0m [1m13s[0m 107ms/step - accuracy: 0.2982 - loss: 2.5676
[1m 60/183[0m [32m======[0m[37m==============[0m [1m13s[0m 107ms/step - accuracy: 0.2977 - loss: 2.5710
[1m 61/183[0m [32m======[0m[37m==============[0m [1m13s[0m 107ms/step - accuracy: 0.2966 - loss: 2.5726
[1m 62/183[0m [32m======[0m[37m==============[0m [1m12s[0m 107ms/step - accuracy: 0.2979 - loss: 2.5676
[1m 63/183[0m [32m======[0m[37m==============[0m [1m12s[0m 107ms/step - accuracy: 0.2984 - loss: 2.5644
[1m 64/183[0m [32m======[0m[37m==============[0m [1m12s[0m 107ms/step - accuracy: 0.2986 - loss: 2.5669
[1m 65/183[0m [32m=======[0m[37m=============[0m [1m12s[0m 107ms/step - accuracy: 0.2986 - loss: 2.5628
[1m 66/183[0m [32m=======[0m[37m=============[0m [1m12s[0m 107ms/step - accuracy: 0.2988 - loss: 2.5604
[1m 67/183[0m [32m=======[0m[37m=============[0m [1m12s[0m 107ms/step - accuracy: 0.2990 - loss: 2.5590
[1m 68/183[0m [32m=======[0m[37m=============[0m [1m12s[0m 107ms/step - accuracy: 0.2992 - loss: 2.5558
[1m 69/183[0m [32m=======[0m[37m=============[0m [1m12s[0m 107ms/step - accuracy: 0.2989 - loss: 2.5557
[1m 70/183[0m [32m=======[0m[37m=============[0m [1m12s[0m 107ms/step - accuracy: 0.2987 - loss: 2.5549
[1m 71/183[0m [32m=======[0m[37m=============[0m [1m11s[0m 107ms/step - accuracy: 0.2975 - loss: 2.5577
[1m 72/183[0m [32m=======[0m[37m=============[0m [1m11s[0m 106ms/step - accuracy: 0.2984 - loss: 2.5537
[1m 73/183[0m [32m=======[0m[37m=============[0m [1m11s[0m 106ms/step - accuracy: 0.2971 - loss: 2.5562
[1m 74/183[0m [32m========[0m[37m============[0m [1m11s[0m 105ms/step - accuracy: 0.2973 - loss: 2.5551
[1m 75/183[0m [32m========[0m[37m============[0m [1m11s[0m 105ms/step - accuracy: 0.2971 - loss: 2.5567
[1m 76/183[0m [32m========[0m[37m============[0m [1m11s[0m 105ms/step - accuracy: 0.2971 - loss: 2.5561
[1m 77/183[0m [32m========[0m[37m============[0m [1m11s[0m 106ms/step - accuracy: 0.2973 - loss: 2.5540
[1m 78/183[0m [32m========[0m[37m============[0m [1m11s[0m 106ms/step - accuracy: 0.2977 - loss: 2.5544
[1m 79/183[0m [32m========[0m[37m============[0m [1m11s[0m 106ms/step - accuracy: 0.2991 - loss: 2.5529
[1m 80/183[0m [32m========[0m[37m============[0m [1m10s[0m 106ms/step - accuracy: 0.2992 - loss: 2.5523
[1m 81/183[0m [32m========[0m[37m============[0m [1m10s[0m 106ms/step - accuracy: 0.2992 - loss: 2.5525
[1m 82/183[0m [32m========[0m[37m============[0m [1m10s[0m 106ms/step - accuracy: 0.2982 - loss: 2.5540
[1m 83/183[0m [32m=========[0m[37m===========[0m [1m10s[0m 106ms/step - accuracy: 0.2973 - loss: 2.5574
[1m 84/183[0m [32m=========[0m[37m===========[0m [1m10s[0m 106ms/step - accuracy: 0.2978 - loss: 2.5581
[1m 85/183[0m [32m=========[0m[37m===========[0m [1m10s[0m 106ms/step - accuracy: 0.2987 - loss: 2.5555
[1m 86/183[0m [32m=========[0m[37m===========[0m [1m10s[0m 106ms/step - accuracy: 0.2983 - loss: 2.5544
[1m 87/183[0m [32m=========[0m[37m===========[0m [1m10s[0m 106ms/step - accuracy: 0.2980 - loss: 2.5570
[1m 88/183[0m [32m=========[0m[37m===========[0m [1m10s[0m 106ms/step - accuracy: 0.2990 - loss: 2.5579
[1m 89/183[0m [32m=========[0m[37m===========[0m [1m10s[0m 106ms/step - accuracy: 0.2992 - loss: 2.5600
[1m 90/183[0m [32m=========[0m[37m===========[0m [1m9s[0m 106ms/step - accuracy: 0.2984 - loss: 2.5620 
[1m 91/183[0m [32m=========[0m[37m===========[0m [1m9s[0m 106ms/step - accuracy: 0.2988 - loss: 2.5612
[1m 92/183[0m [32m==========[0m[37m==========[0m [1m9s[0m 106ms/step - accuracy: 0.2986 - loss: 2.5609
[1m 93/183[0m [32m==========[0m[37m==========[0m [1m9s[0m 106ms/step - accuracy: 0.2987 - loss: 2.5580
[1m 94/183[0m [32m==========[0m[37m==========[0m [1m9s[0m 105ms/step - accuracy: 0.2987 - loss: 2.5568
[1m 95/183[0m [32m==========[0m[37m==========[0m [1m9s[0m 105ms/step - accuracy: 0.2984 - loss: 2.5577
[1m 96/183[0m [32m==========[0m[37m==========[0m [1m9s[0m 104ms/step - accuracy: 0.2985 - loss: 2.5596
[1m 97/183[0m [32m==========[0m[37m==========[0m [1m8s[0m 105ms/step - accuracy: 0.2990 - loss: 2.5605
[1m 98/183[0m [32m==========[0m[37m==========[0m [1m8s[0m 105ms/step - accuracy: 0.2988 - loss: 2.5617
[1m 99/183[0m [32m==========[0m[37m==========[0m [1m8s[0m 105ms/step - accuracy: 0.2994 - loss: 2.5618
[1m100/183[0m [32m==========[0m[37m==========[0m [1m8s[0m 104ms/step - accuracy: 0.2994 - loss: 2.5611
[1m101/183[0m [32m===========[0m[37m=========[0m [1m8s[0m 104ms/step - accuracy: 0.3000 - loss: 2.5603
[1m102/183[0m [32m===========[0m[37m=========[0m [1m8s[0m 103ms/step - accuracy: 0.2992 - loss: 2.5602
[1m103/183[0m [32m===========[0m[37m=========[0m [1m8s[0m 103ms/step - accuracy: 0.2988 - loss: 2.5597
[1m104/183[0m [32m===========[0m[37m=========[0m [1m8s[0m 102ms/step - accuracy: 0.2988 - loss: 2.5586
[1m105/183[0m [32m===========[0m[37m=========[0m [1m7s[0m 102ms/step - accuracy: 0.2985 - loss: 2.5599
[1m106/183[0m [32m===========[0m[37m=========[0m [1m7s[0m 101ms/step - accuracy: 0.2991 - loss: 2.5577
[1m107/183[0m [32m===========[0m[37m=========[0m [1m7s[0m 101ms/step - accuracy: 0.2994 - loss: 2.5566
[1m108/183[0m [32m===========[0m[37m=========[0m [1m7s[0m 101ms/step - accuracy: 0.2988 - loss: 2.5568
[1m109/183[0m [32m===========[0m[37m=========[0m [1m7s[0m 100ms/step - accuracy: 0.3000 - loss: 2.5527
[1m110/183[0m [32m============[0m[37m========[0m [1m7s[0m 100ms/step - accuracy: 0.3000 - loss: 2.5509
[1m111/183[0m [32m============[0m[37m========[0m [1m7s[0m 99ms/step - accuracy: 0.3003 - loss: 2.5501 
[1m112/183[0m [32m============[0m[37m========[0m [1m7s[0m 99ms/step - accuracy: 0.3004 - loss: 2.5477
[1m113/183[0m [32m============[0m[37m========[0m [1m6s[0m 99ms/step - accuracy: 0.3007 - loss: 2.5460
[1m114/183[0m [32m============[0m[37m========[0m [1m6s[0m 98ms/step - accuracy: 0.3002 - loss: 2.5464
[1m115/183[0m [32m============[0m[37m========[0m [1m6s[0m 98ms/step - accuracy: 0.3011 - loss: 2.5462
[1m116/183[0m [32m============[0m[37m========[0m [1m6s[0m 98ms/step - accuracy: 0.3015 - loss: 2.5434
[1m117/183[0m [32m============[0m[37m========[0m [1m6s[0m 98ms/step - accuracy: 0.3015 - loss: 2.5439
[1m118/183[0m [32m============[0m[37m========[0m [1m6s[0m 98ms/step - accuracy: 0.3020 - loss: 2.5416
[1m119/183[0m [32m=============[0m[37m=======[0m [1m6s[0m 97ms/step - accuracy: 0.3024 - loss: 2.5405
[1m120/183[0m [32m=============[0m[37m=======[0m [1m6s[0m 97ms/step - accuracy: 0.3020 - loss: 2.5423
[1m121/183[0m [32m=============[0m[37m=======[0m [1m6s[0m 97ms/step - accuracy: 0.3022 - loss: 2.5427
[1m122/183[0m [32m=============[0m[37m=======[0m [1m5s[0m 97ms/step - accuracy: 0.3020 - loss: 2.5444
[1m123/183[0m [32m=============[0m[37m=======[0m [1m5s[0m 97ms/step - accuracy: 0.3013 - loss: 2.5454
[1m124/183[0m [32m=============[0m[37m=======[0m [1m5s[0m 97ms/step - accuracy: 0.3012 - loss: 2.5449
[1m125/183[0m [32m=============[0m[37m=======[0m [1m5s[0m 97ms/step - accuracy: 0.3020 - loss: 2.5438
[1m126/183[0m [32m=============[0m[37m=======[0m [1m5s[0m 97ms/step - accuracy: 0.3023 - loss: 2.5428
[1m127/183[0m [32m=============[0m[37m=======[0m [1m5s[0m 96ms/step - accuracy: 0.3017 - loss: 2.5444
[1m128/183[0m [32m=============[0m[37m=======[0m [1m5s[0m 96ms/step - accuracy: 0.3019 - loss: 2.5437
[1m129/183[0m [32m==============[0m[37m======[0m [1m5s[0m 96ms/step - accuracy: 0.3012 - loss: 2.5459
[1m130/183[0m [32m==============[0m[37m======[0m [1m5s[0m 96ms/step - accuracy: 0.3017 - loss: 2.5442
[1m131/183[0m [32m==============[0m[37m======[0m [1m5s[0m 96ms/step - accuracy: 0.3018 - loss: 2.5438
[1m132/183[0m [32m==============[0m[37m======[0m [1m4s[0m 96ms/step - accuracy: 0.3014 - loss: 2.5439
[1m133/183[0m [32m==============[0m[37m======[0m [1m4s[0m 96ms/step - accuracy: 0.3015 - loss: 2.5452
[1m134/183[0m [32m==============[0m[37m======[0m [1m4s[0m 96ms/step - accuracy: 0.3014 - loss: 2.5454
[1m135/183[0m [32m==============[0m[37m======[0m [1m4s[0m 95ms/step - accuracy: 0.3019 - loss: 2.5437
[1m136/183[0m [32m==============[0m[37m======[0m [1m4s[0m 95ms/step - accuracy: 0.3017 - loss: 2.5453
[1m137/183[0m [32m==============[0m[37m======[0m [1m4s[0m 95ms/step - accuracy: 0.3023 - loss: 2.5436
[1m138/183[0m [32m===============[0m[37m=====[0m [1m4s[0m 95ms/step - accuracy: 0.3026 - loss: 2.5422
[1m139/183[0m [32m===============[0m[37m=====[0m [1m4s[0m 95ms/step - accuracy: 0.3027 - loss: 2.5417
[1m140/183[0m [32m===============[0m[37m=====[0m [1m4s[0m 95ms/step - accuracy: 0.3028 - loss: 2.5415
[1m141/183[0m [32m===============[0m[37m=====[0m [1m3s[0m 95ms/step - accuracy: 0.3034 - loss: 2.5396
[1m142/183[0m [32m===============[0m[37m=====[0m [1m3s[0m 95ms/step - accuracy: 0.3033 - loss: 2.5401
[1m143/183[0m [32m===============[0m[37m=====[0m [1m3s[0m 94ms/step - accuracy: 0.3039 - loss: 2.5394
[1m145/183[0m [32m===============[0m[37m=====[0m [1m3s[0m 94ms/step - accuracy: 0.3029 - loss: 2.5418
[1m146/183[0m [32m===============[0m[37m=====[0m [1m3s[0m 94ms/step - accuracy: 0.3028 - loss: 2.5424
[1m147/183[0m [32m================[0m[37m====[0m [1m3s[0m 94ms/step - accuracy: 0.3030 - loss: 2.5423
[1m148/183[0m [32m================[0m[37m====[0m [1m3s[0m 94ms/step - accuracy: 0.3035 - loss: 2.5396
[1m149/183[0m [32m================[0m[37m====[0m [1m3s[0m 93ms/step - accuracy: 0.3038 - loss: 2.5385
[1m150/183[0m [32m================[0m[37m====[0m [1m3s[0m 93ms/step - accuracy: 0.3044 - loss: 2.5354
[1m151/183[0m [32m================[0m[37m====[0m [1m2s[0m 93ms/step - accuracy: 0.3046 - loss: 2.5364
[1m152/183[0m [32m================[0m[37m====[0m [1m2s[0m 93ms/step - accuracy: 0.3047 - loss: 2.5351
[1m153/183[0m [32m================[0m[37m====[0m [1m2s[0m 92ms/step - accuracy: 0.3051 - loss: 2.5335
[1m154/183[0m [32m================[0m[37m====[0m [1m2s[0m 92ms/step - accuracy: 0.3052 - loss: 2.5332
[1m155/183[0m [32m================[0m[37m====[0m [1m2s[0m 93ms/step - accuracy: 0.3048 - loss: 2.5335
[1m156/183[0m [32m=================[0m[37m===[0m [1m2s[0m 93ms/step - accuracy: 0.3049 - loss: 2.5324
[1m157/183[0m [32m=================[0m[37m===[0m [1m2s[0m 93ms/step - accuracy: 0.3052 - loss: 2.5308
[1m158/183[0m [32m=================[0m[37m===[0m [1m2s[0m 93ms/step - accuracy: 0.3058 - loss: 2.5310
[1m159/183[0m [32m=================[0m[37m===[0m [1m2s[0m 92ms/step - accuracy: 0.3053 - loss: 2.5309
[1m160/183[0m [32m=================[0m[37m===[0m [1m2s[0m 92ms/step - accuracy: 0.3063 - loss: 2.5289
[1m161/183[0m [32m=================[0m[37m===[0m [1m2s[0m 92ms/step - accuracy: 0.3065 - loss: 2.5298
[1m162/183[0m [32m=================[0m[37m===[0m [1m1s[0m 92ms/step - accuracy: 0.3073 - loss: 2.5278
[1m163/183[0m [32m=================[0m[37m===[0m [1m1s[0m 92ms/step - accuracy: 0.3075 - loss: 2.5267
[1m164/183[0m [32m=================[0m[37m===[0m [1m1s[0m 92ms/step - accuracy: 0.3077 - loss: 2.5255
[1m165/183[0m [32m==================[0m[37m==[0m [1m1s[0m 92ms/step - accuracy: 0.3085 - loss: 2.5221
[1m166/183[0m [32m==================[0m[37m==[0m [1m1s[0m 92ms/step - accuracy: 0.3093 - loss: 2.5197
[1m167/183[0m [32m==================[0m[37m==[0m [1m1s[0m 92ms/step - accuracy: 0.3096 - loss: 2.5198
[1m168/183[0m [32m==================[0m[37m==[0m [1m1s[0m 92ms/step - accuracy: 0.3105 - loss: 2.5172
[1m169/183[0m [32m==================[0m[37m==[0m [1m1s[0m 92ms/step - accuracy: 0.3107 - loss: 2.5165
[1m170/183[0m [32m==================[0m[37m==[0m [1m1s[0m 92ms/step - accuracy: 0.3099 - loss: 2.5175
[1m171/183[0m [32m==================[0m[37m==[0m [1m1s[0m 92ms/step - accuracy: 0.3099 - loss: 2.5182
[1m172/183[0m [32m==================[0m[37m==[0m [1m1s[0m 92ms/step - accuracy: 0.3094 - loss: 2.5196
[1m173/183[0m [32m==================[0m[37m==[0m [1m0s[0m 92ms/step - accuracy: 0.3093 - loss: 2.5199
[1m174/183[0m [32m===================[0m[37m=[0m [1m0s[0m 92ms/step - accuracy: 0.3099 - loss: 2.5195
[1m175/183[0m [32m===================[0m[37m=[0m [1m0s[0m 92ms/step - accuracy: 0.3098 - loss: 2.5198
[1m176/183[0m [32m===================[0m[37m=[0m [1m0s[0m 92ms/step - accuracy: 0.3102 - loss: 2.5196
[1m177/183[0m [32m===================[0m[37m=[0m [1m0s[0m 92ms/step - accuracy: 0.3106 - loss: 2.5176
[1m178/183[0m [32m===================[0m[37m=[0m [1m0s[0m 92ms/step - accuracy: 0.3108 - loss: 2.5175
[1m179/183[0m [32m===================[0m[37m=[0m [1m0s[0m 92ms/step - accuracy: 0.3110 - loss: 2.5185
[1m180/183[0m [32m===================[0m[37m=[0m [1m0s[0m 92ms/step - accuracy: 0.3109 - loss: 2.5188
[1m181/183[0m [32m===================[0m[37m=[0m [1m0s[0m 92ms/step - accuracy: 0.3103 - loss: 2.5200
[1m182/183[0m [32m===================[0m[37m=[0m [1m0s[0m 92ms/step - accuracy: 0.3099 - loss: 2.5208
[1m183/183[0m [32m====================[0m[37m[0m [1m19s[0m 101ms/step - accuracy: 0.3100 - loss: 2.5205 - val_accuracy: 0.1354 - val_loss: 4.0945 - learning_rate: 0.0010
Epoch 15/15

[1m  1/183[0m [37m====================[0m [1m23s[0m 130ms/step - accuracy: 0.4062 - loss: 2.1924
[1m  2/183[0m [37m====================[0m [1m16s[0m 92ms/step - accuracy: 0.3594 - loss: 2.2836 
[1m  3/183[0m [37m====================[0m [1m17s[0m 96ms/step - accuracy: 0.3333 - loss: 2.3693
[1m  4/183[0m [37m====================[0m [1m16s[0m 91ms/step - accuracy: 0.3555 - loss: 2.3409
[1m  5/183[0m [37m====================[0m [1m15s[0m 88ms/step - accuracy: 0.3500 - loss: 2.3755
[1m  6/183[0m [37m====================[0m [1m15s[0m 86ms/step - accuracy: 0.3516 - loss: 2.3908
[1m  7/183[0m [37m====================[0m [1m15s[0m 85ms/step - accuracy: 0.3683 - loss: 2.3614
[1m  8/183[0m [37m====================[0m [1m14s[0m 84ms/step - accuracy: 0.3672 - loss: 2.3971
[1m  9/183[0m [37m====================[0m [1m14s[0m 83ms/step - accuracy: 0.3698 - loss: 2.3835
[1m 10/183[0m [32m=[0m[37m===================[0m [1m14s[0m 84ms/step - accuracy: 0.3625 - loss: 2.3852
[1m 11/183[0m [32m=[0m[37m===================[0m [1m14s[0m 87ms/step - accuracy: 0.3580 - loss: 2.3906
[1m 12/183[0m [32m=[0m[37m===================[0m [1m14s[0m 86ms/step - accuracy: 0.3672 - loss: 2.3643
[1m 13/183[0m [32m=[0m[37m===================[0m [1m14s[0m 85ms/step - accuracy: 0.3582 - loss: 2.3888
[1m 14/183[0m [32m=[0m[37m===================[0m [1m14s[0m 84ms/step - accuracy: 0.3549 - loss: 2.3826
[1m 15/183[0m [32m=[0m[37m===================[0m [1m14s[0m 84ms/step - accuracy: 0.3562 - loss: 2.3762
[1m 16/183[0m [32m=[0m[37m===================[0m [1m13s[0m 84ms/step - accuracy: 0.3574 - loss: 2.3747
[1m 17/183[0m [32m=[0m[37m===================[0m [1m13s[0m 83ms/step - accuracy: 0.3548 - loss: 2.3870
[1m 18/183[0m [32m=[0m[37m===================[0m [1m13s[0m 82ms/step - accuracy: 0.3594 - loss: 2.3678
[1m 19/183[0m [32m==[0m[37m==================[0m [1m13s[0m 82ms/step - accuracy: 0.3553 - loss: 2.3831
[1m 20/183[0m [32m==[0m[37m==================[0m [1m13s[0m 83ms/step - accuracy: 0.3523 - loss: 2.3913
[1m 21/183[0m [32m==[0m[37m==================[0m [1m13s[0m 83ms/step - accuracy: 0.3512 - loss: 2.3937
[1m 22/183[0m [32m==[0m[37m==================[0m [1m13s[0m 84ms/step - accuracy: 0.3523 - loss: 2.3998
[1m 23/183[0m [32m==[0m[37m==================[0m [1m13s[0m 83ms/step - accuracy: 0.3512 - loss: 2.4018
[1m 24/183[0m [32m==[0m[37m==================[0m [1m13s[0m 83ms/step - accuracy: 0.3548 - loss: 2.3969
[1m 25/183[0m [32m==[0m[37m==================[0m [1m13s[0m 83ms/step - accuracy: 0.3575 - loss: 2.3892
[1m 26/183[0m [32m==[0m[37m==================[0m [1m13s[0m 83ms/step - accuracy: 0.3558 - loss: 2.3892
[1m 27/183[0m [32m==[0m[37m==================[0m [1m12s[0m 83ms/step - accuracy: 0.3542 - loss: 2.3865
[1m 28/183[0m [32m===[0m[37m=================[0m [1m12s[0m 83ms/step - accuracy: 0.3527 - loss: 2.3866
[1m 29/183[0m [32m===[0m[37m=================[0m [1m12s[0m 83ms/step - accuracy: 0.3540 - loss: 2.3850
[1m 30/183[0m [32m===[0m[37m=================[0m [1m12s[0m 83ms/step - accuracy: 0.3521 - loss: 2.3860
[1m 31/183[0m [32m===[0m[37m=================[0m [1m12s[0m 84ms/step - accuracy: 0.3533 - loss: 2.3824
[1m 32/183[0m [32m===[0m[37m=================[0m [1m12s[0m 84ms/step - accuracy: 0.3516 - loss: 2.3823
[1m 33/183[0m [32m===[0m[37m=================[0m [1m12s[0m 84ms/step - accuracy: 0.3490 - loss: 2.3865
[1m 34/183[0m [32m===[0m[37m=================[0m [1m12s[0m 85ms/step - accuracy: 0.3442 - loss: 2.4058
[1m 35/183[0m [32m===[0m[37m=================[0m [1m12s[0m 85ms/step - accuracy: 0.3406 - loss: 2.4135
[1m 36/183[0m [32m===[0m[37m=================[0m [1m12s[0m 85ms/step - accuracy: 0.3381 - loss: 2.4246
[1m 37/183[0m [32m====[0m[37m================[0m [1m12s[0m 86ms/step - accuracy: 0.3399 - loss: 2.4244
[1m 38/183[0m [32m====[0m[37m================[0m [1m2:04[0m 858ms/step - accuracy: 0.3392 - loss: 2.4266
[1m 39/183[0m [32m====[0m[37m================[0m [1m2:00[0m 838ms/step - accuracy: 0.3389 - loss: 2.4267
[1m 40/183[0m [32m====[0m[37m================[0m [1m1:57[0m 819ms/step - accuracy: 0.3387 - loss: 2.4289
[1m 41/183[0m [32m====[0m[37m================[0m [1m1:53[0m 800ms/step - accuracy: 0.3392 - loss: 2.4282
[1m 42/183[0m [32m====[0m[37m================[0m [1m1:50[0m 782ms/step - accuracy: 0.3393 - loss: 2.4258
[1m 43/183[0m [32m====[0m[37m================[0m [1m1:47[0m 764ms/step - accuracy: 0.3401 - loss: 2.4266
[1m 44/183[0m [32m====[0m[37m================[0m [1m1:44[0m 749ms/step - accuracy: 0.3388 - loss: 2.4295
[1m 45/183[0m [32m====[0m[37m================[0m [1m1:41[0m 734ms/step - accuracy: 0.3406 - loss: 2.4196
[1m 46/183[0m [32m=====[0m[37m===============[0m [1m1:38[0m 719ms/step - accuracy: 0.3414 - loss: 2.4170
[1m 47/183[0m [32m=====[0m[37m===============[0m [1m1:35[0m 705ms/step - accuracy: 0.3411 - loss: 2.4163
[1m 48/183[0m [32m=====[0m[37m===============[0m [1m1:33[0m 692ms/step - accuracy: 0.3411 - loss: 2.4150
[1m 49/183[0m [32m=====[0m[37m===============[0m [1m1:30[0m 679ms/step - accuracy: 0.3418 - loss: 2.4096
[1m 50/183[0m [32m=====[0m[37m===============[0m [1m1:28[0m 666ms/step - accuracy: 0.3419 - loss: 2.4065
[1m 51/183[0m [32m=====[0m[37m===============[0m [1m1:26[0m 654ms/step - accuracy: 0.3425 - loss: 2.4095
[1m 52/183[0m [32m=====[0m[37m===============[0m [1m1:24[0m 642ms/step - accuracy: 0.3422 - loss: 2.4128
[1m 53/183[0m [32m=====[0m[37m===============[0m [1m1:22[0m 631ms/step - accuracy: 0.3438 - loss: 2.4063
[1m 54/183[0m [32m=====[0m[37m===============[0m [1m1:20[0m 620ms/step - accuracy: 0.3417 - loss: 2.4132
[1m 55/183[0m [32m======[0m[37m==============[0m [1m1:18[0m 610ms/step - accuracy: 0.3418 - loss: 2.4127
[1m 56/183[0m [32m======[0m[37m==============[0m [1m1:16[0m 600ms/step - accuracy: 0.3415 - loss: 2.4171
[1m 57/183[0m [32m======[0m[37m==============[0m [1m1:14[0m 590ms/step - accuracy: 0.3402 - loss: 2.4197
[1m 58/183[0m [32m======[0m[37m==============[0m [1m1:12[0m 581ms/step - accuracy: 0.3394 - loss: 2.4211
[1m 60/183[0m [32m======[0m[37m==============[0m [1m1:09[0m 563ms/step - accuracy: 0.3396 - loss: 2.4191
[1m 61/183[0m [32m======[0m[37m==============[0m [1m1:07[0m 554ms/step - accuracy: 0.3394 - loss: 2.4214
[1m 62/183[0m [32m======[0m[37m==============[0m [1m1:06[0m 546ms/step - accuracy: 0.3377 - loss: 2.4226
[1m 64/183[0m [32m======[0m[37m==============[0m [1m1:03[0m 530ms/step - accuracy: 0.3384 - loss: 2.4167
[1m 65/183[0m [32m=======[0m[37m=============[0m [1m1:01[0m 523ms/step - accuracy: 0.3363 - loss: 2.4262
[1m 66/183[0m [32m=======[0m[37m=============[0m [1m1:00[0m 515ms/step - accuracy: 0.3362 - loss: 2.4285
[1m 67/183[0m [32m=======[0m[37m=============[0m [1m58s[0m 508ms/step - accuracy: 0.3382 - loss: 2.4240 
[1m 68/183[0m [32m=======[0m[37m=============[0m [1m57s[0m 502ms/step - accuracy: 0.3387 - loss: 2.4205
[1m 69/183[0m [32m=======[0m[37m=============[0m [1m56s[0m 495ms/step - accuracy: 0.3383 - loss: 2.4178
[1m 70/183[0m [32m=======[0m[37m=============[0m [1m55s[0m 489ms/step - accuracy: 0.3388 - loss: 2.4196
[1m 71/183[0m [32m=======[0m[37m=============[0m [1m54s[0m 483ms/step - accuracy: 0.3376 - loss: 2.4214
[1m 72/183[0m [32m=======[0m[37m=============[0m [1m52s[0m 477ms/step - accuracy: 0.3390 - loss: 2.4193
[1m 73/183[0m [32m=======[0m[37m=============[0m [1m51s[0m 471ms/step - accuracy: 0.3384 - loss: 2.4242
[1m 74/183[0m [32m========[0m[37m============[0m [1m50s[0m 465ms/step - accuracy: 0.3380 - loss: 2.4283
[1m 75/183[0m [32m========[0m[37m============[0m [1m49s[0m 460ms/step - accuracy: 0.3388 - loss: 2.4238
[1m 76/183[0m [32m========[0m[37m============[0m [1m48s[0m 454ms/step - accuracy: 0.3388 - loss: 2.4222
[1m 77/183[0m [32m========[0m[37m============[0m [1m47s[0m 449ms/step - accuracy: 0.3387 - loss: 2.4271
[1m 78/183[0m [32m========[0m[37m============[0m [1m46s[0m 444ms/step - accuracy: 0.3381 - loss: 2.4290
[1m 79/183[0m [32m========[0m[37m============[0m [1m45s[0m 440ms/step - accuracy: 0.3372 - loss: 2.4308
[1m 80/183[0m [32m========[0m[37m============[0m [1m44s[0m 436ms/step - accuracy: 0.3377 - loss: 2.4291
[1m 81/183[0m [32m========[0m[37m============[0m [1m44s[0m 433ms/step - accuracy: 0.3376 - loss: 2.4276
[1m 82/183[0m [32m========[0m[37m============[0m [1m43s[0m 431ms/step - accuracy: 0.3373 - loss: 2.4276
[1m 83/183[0m [32m=========[0m[37m===========[0m [1m42s[0m 428ms/step - accuracy: 0.3370 - loss: 2.4255
[1m 84/183[0m [32m=========[0m[37m===========[0m [1m42s[0m 427ms/step - accuracy: 0.3367 - loss: 2.4258
[1m 85/183[0m [32m=========[0m[37m===========[0m [1m41s[0m 423ms/step - accuracy: 0.3373 - loss: 2.4244
[1m 86/183[0m [32m=========[0m[37m===========[0m [1m40s[0m 419ms/step - accuracy: 0.3381 - loss: 2.4231
[1m 87/183[0m [32m=========[0m[37m===========[0m [1m39s[0m 415ms/step - accuracy: 0.3378 - loss: 2.4236
[1m 88/183[0m [32m=========[0m[37m===========[0m [1m39s[0m 411ms/step - accuracy: 0.3390 - loss: 2.4185
[1m 89/183[0m [32m=========[0m[37m===========[0m [1m38s[0m 407ms/step - accuracy: 0.3392 - loss: 2.4190
[1m 90/183[0m [32m=========[0m[37m===========[0m [1m37s[0m 404ms/step - accuracy: 0.3405 - loss: 2.4176
[1m 91/183[0m [32m=========[0m[37m===========[0m [1m36s[0m 400ms/step - accuracy: 0.3405 - loss: 2.4165
[1m 92/183[0m [32m==========[0m[37m==========[0m [1m36s[0m 396ms/step - accuracy: 0.3414 - loss: 2.4122
[1m 93/183[0m [32m==========[0m[37m==========[0m [1m35s[0m 393ms/step - accuracy: 0.3419 - loss: 2.4112
[1m 94/183[0m [32m==========[0m[37m==========[0m [1m34s[0m 389ms/step - accuracy: 0.3433 - loss: 2.4069
[1m 95/183[0m [32m==========[0m[37m==========[0m [1m33s[0m 386ms/step - accuracy: 0.3439 - loss: 2.4061
[1m 96/183[0m [32m==========[0m[37m==========[0m [1m33s[0m 383ms/step - accuracy: 0.3433 - loss: 2.4082
[1m 97/183[0m [32m==========[0m[37m==========[0m [1m32s[0m 380ms/step - accuracy: 0.3431 - loss: 2.4091
[1m 98/183[0m [32m==========[0m[37m==========[0m [1m32s[0m 378ms/step - accuracy: 0.3423 - loss: 2.4083
[1m 99/183[0m [32m==========[0m[37m==========[0m [1m31s[0m 376ms/step - accuracy: 0.3409 - loss: 2.4103
[1m100/183[0m [32m==========[0m[37m==========[0m [1m31s[0m 374ms/step - accuracy: 0.3417 - loss: 2.4104
[1m101/183[0m [32m===========[0m[37m=========[0m [1m30s[0m 371ms/step - accuracy: 0.3424 - loss: 2.4102
[1m102/183[0m [32m===========[0m[37m=========[0m [1m29s[0m 370ms/step - accuracy: 0.3433 - loss: 2.4070
[1m103/183[0m [32m===========[0m[37m=========[0m [1m29s[0m 368ms/step - accuracy: 0.3442 - loss: 2.4059
[1m104/183[0m [32m===========[0m[37m=========[0m [1m28s[0m 365ms/step - accuracy: 0.3434 - loss: 2.4080
[1m105/183[0m [32m===========[0m[37m=========[0m [1m28s[0m 363ms/step - accuracy: 0.3438 - loss: 2.4072
[1m106/183[0m [32m===========[0m[37m=========[0m [1m27s[0m 360ms/step - accuracy: 0.3442 - loss: 2.4052
[1m107/183[0m [32m===========[0m[37m=========[0m [1m27s[0m 357ms/step - accuracy: 0.3430 - loss: 2.4077
[1m108/183[0m [32m===========[0m[37m=========[0m [1m26s[0m 355ms/step - accuracy: 0.3426 - loss: 2.4083
[1m109/183[0m [32m===========[0m[37m=========[0m [1m26s[0m 352ms/step - accuracy: 0.3432 - loss: 2.4069
[1m110/183[0m [32m============[0m[37m========[0m [1m25s[0m 350ms/step - accuracy: 0.3430 - loss: 2.4050
[1m111/183[0m [32m============[0m[37m========[0m [1m24s[0m 347ms/step - accuracy: 0.3428 - loss: 2.4043
[1m112/183[0m [32m============[0m[37m========[0m [1m24s[0m 345ms/step - accuracy: 0.3424 - loss: 2.4068
[1m113/183[0m [32m============[0m[37m========[0m [1m23s[0m 342ms/step - accuracy: 0.3425 - loss: 2.4075
[1m114/183[0m [32m============[0m[37m========[0m [1m23s[0m 340ms/step - accuracy: 0.3422 - loss: 2.4068
[1m115/183[0m [32m============[0m[37m========[0m [1m22s[0m 337ms/step - accuracy: 0.3418 - loss: 2.4087
[1m116/183[0m [32m============[0m[37m========[0m [1m22s[0m 335ms/step - accuracy: 0.3415 - loss: 2.4096
[1m117/183[0m [32m============[0m[37m========[0m [1m21s[0m 333ms/step - accuracy: 0.3413 - loss: 2.4095
[1m118/183[0m [32m============[0m[37m========[0m [1m21s[0m 330ms/step - accuracy: 0.3411 - loss: 2.4112
[1m119/183[0m [32m=============[0m[37m=======[0m [1m21s[0m 328ms/step - accuracy: 0.3403 - loss: 2.4112
[1m120/183[0m [32m=============[0m[37m=======[0m [1m20s[0m 326ms/step - accuracy: 0.3402 - loss: 2.4120
[1m121/183[0m [32m=============[0m[37m=======[0m [1m20s[0m 324ms/step - accuracy: 0.3397 - loss: 2.4123
[1m122/183[0m [32m=============[0m[37m=======[0m [1m19s[0m 322ms/step - accuracy: 0.3391 - loss: 2.4145
[1m123/183[0m [32m=============[0m[37m=======[0m [1m19s[0m 320ms/step - accuracy: 0.3387 - loss: 2.4146
[1m124/183[0m [32m=============[0m[37m=======[0m [1m18s[0m 318ms/step - accuracy: 0.3383 - loss: 2.4174
[1m125/183[0m [32m=============[0m[37m=======[0m [1m18s[0m 316ms/step - accuracy: 0.3375 - loss: 2.4193
[1m127/183[0m [32m=============[0m[37m=======[0m [1m17s[0m 312ms/step - accuracy: 0.3376 - loss: 2.4188
[1m128/183[0m [32m=============[0m[37m=======[0m [1m17s[0m 310ms/step - accuracy: 0.3373 - loss: 2.4178
[1m130/183[0m [32m==============[0m[37m======[0m [1m16s[0m 306ms/step - accuracy: 0.3382 - loss: 2.4160
[1m131/183[0m [32m==============[0m[37m======[0m [1m15s[0m 304ms/step - accuracy: 0.3385 - loss: 2.4169
[1m132/183[0m [32m==============[0m[37m======[0m [1m15s[0m 302ms/step - accuracy: 0.3379 - loss: 2.4186
[1m133/183[0m [32m==============[0m[37m======[0m [1m15s[0m 300ms/step - accuracy: 0.3379 - loss: 2.4210
[1m134/183[0m [32m==============[0m[37m======[0m [1m14s[0m 298ms/step - accuracy: 0.3387 - loss: 2.4187
[1m135/183[0m [32m==============[0m[37m======[0m [1m14s[0m 297ms/step - accuracy: 0.3392 - loss: 2.4168
[1m136/183[0m [32m==============[0m[37m======[0m [1m13s[0m 295ms/step - accuracy: 0.3384 - loss: 2.4176
[1m137/183[0m [32m==============[0m[37m======[0m [1m13s[0m 294ms/step - accuracy: 0.3382 - loss: 2.4162
[1m138/183[0m [32m===============[0m[37m=====[0m [1m13s[0m 292ms/step - accuracy: 0.3376 - loss: 2.4174
[1m139/183[0m [32m===============[0m[37m=====[0m [1m12s[0m 290ms/step - accuracy: 0.3379 - loss: 2.4156
[1m140/183[0m [32m===============[0m[37m=====[0m [1m12s[0m 289ms/step - accuracy: 0.3376 - loss: 2.4154
[1m141/183[0m [32m===============[0m[37m=====[0m [1m12s[0m 287ms/step - accuracy: 0.3378 - loss: 2.4146
[1m142/183[0m [32m===============[0m[37m=====[0m [1m11s[0m 286ms/step - accuracy: 0.3384 - loss: 2.4126
[1m143/183[0m [32m===============[0m[37m=====[0m [1m11s[0m 284ms/step - accuracy: 0.3378 - loss: 2.4128
[1m144/183[0m [32m===============[0m[37m=====[0m [1m11s[0m 283ms/step - accuracy: 0.3379 - loss: 2.4125
[1m145/183[0m [32m===============[0m[37m=====[0m [1m10s[0m 281ms/step - accuracy: 0.3376 - loss: 2.4128
[1m146/183[0m [32m===============[0m[37m=====[0m [1m10s[0m 280ms/step - accuracy: 0.3376 - loss: 2.4130
[1m147/183[0m [32m================[0m[37m====[0m [1m10s[0m 278ms/step - accuracy: 0.3375 - loss: 2.4146
[1m148/183[0m [32m================[0m[37m====[0m [1m9s[0m 277ms/step - accuracy: 0.3366 - loss: 2.4168 
[1m149/183[0m [32m================[0m[37m====[0m [1m9s[0m 275ms/step - accuracy: 0.3363 - loss: 2.4162
[1m150/183[0m [32m================[0m[37m====[0m [1m9s[0m 274ms/step - accuracy: 0.3365 - loss: 2.4170
[1m151/183[0m [32m================[0m[37m====[0m [1m8s[0m 272ms/step - accuracy: 0.3372 - loss: 2.4156
[1m152/183[0m [32m================[0m[37m====[0m [1m8s[0m 271ms/step - accuracy: 0.3377 - loss: 2.4147
[1m153/183[0m [32m================[0m[37m====[0m [1m8s[0m 269ms/step - accuracy: 0.3374 - loss: 2.4141
[1m154/183[0m [32m================[0m[37m====[0m [1m7s[0m 268ms/step - accuracy: 0.3378 - loss: 2.4140
[1m155/183[0m [32m================[0m[37m====[0m [1m7s[0m 267ms/step - accuracy: 0.3377 - loss: 2.4128
[1m156/183[0m [32m=================[0m[37m===[0m [1m7s[0m 266ms/step - accuracy: 0.3380 - loss: 2.4118
[1m157/183[0m [32m=================[0m[37m===[0m [1m6s[0m 265ms/step - accuracy: 0.3375 - loss: 2.4132
[1m158/183[0m [32m=================[0m[37m===[0m [1m6s[0m 264ms/step - accuracy: 0.3378 - loss: 2.4135
[1m159/183[0m [32m=================[0m[37m===[0m [1m6s[0m 262ms/step - accuracy: 0.3376 - loss: 2.4142
[1m160/183[0m [32m=================[0m[37m===[0m [1m6s[0m 261ms/step - accuracy: 0.3382 - loss: 2.4132
[1m161/183[0m [32m=================[0m[37m===[0m [1m5s[0m 260ms/step - accuracy: 0.3381 - loss: 2.4126
[1m162/183[0m [32m=================[0m[37m===[0m [1m5s[0m 259ms/step - accuracy: 0.3384 - loss: 2.4111
[1m163/183[0m [32m=================[0m[37m===[0m [1m5s[0m 258ms/step - accuracy: 0.3384 - loss: 2.4109
[1m164/183[0m [32m=================[0m[37m===[0m [1m4s[0m 256ms/step - accuracy: 0.3381 - loss: 2.4108
[1m165/183[0m [32m==================[0m[37m==[0m [1m4s[0m 255ms/step - accuracy: 0.3383 - loss: 2.4124
[1m166/183[0m [32m==================[0m[37m==[0m [1m4s[0m 254ms/step - accuracy: 0.3383 - loss: 2.4117
[1m167/183[0m [32m==================[0m[37m==[0m [1m4s[0m 253ms/step - accuracy: 0.3382 - loss: 2.4108
[1m168/183[0m [32m==================[0m[37m==[0m [1m3s[0m 252ms/step - accuracy: 0.3386 - loss: 2.4097
[1m169/183[0m [32m==================[0m[37m==[0m [1m3s[0m 251ms/step - accuracy: 0.3389 - loss: 2.4081
[1m170/183[0m [32m==================[0m[37m==[0m [1m3s[0m 250ms/step - accuracy: 0.3386 - loss: 2.4094
[1m171/183[0m [32m==================[0m[37m==[0m [1m2s[0m 249ms/step - accuracy: 0.3388 - loss: 2.4087
[1m173/183[0m [32m==================[0m[37m==[0m [1m2s[0m 246ms/step - accuracy: 0.3403 - loss: 2.4058
[1m174/183[0m [32m===================[0m[37m=[0m [1m2s[0m 245ms/step - accuracy: 0.3402 - loss: 2.4054
[1m175/183[0m [32m===================[0m[37m=[0m [1m1s[0m 244ms/step - accuracy: 0.3404 - loss: 2.4055
[1m176/183[0m [32m===================[0m[37m=[0m [1m1s[0m 243ms/step - accuracy: 0.3405 - loss: 2.4055
[1m177/183[0m [32m===================[0m[37m=[0m [1m1s[0m 242ms/step - accuracy: 0.3400 - loss: 2.4057
[1m178/183[0m [32m===================[0m[37m=[0m [1m1s[0m 241ms/step - accuracy: 0.3394 - loss: 2.4061
[1m179/183[0m [32m===================[0m[37m=[0m [1m0s[0m 240ms/step - accuracy: 0.3394 - loss: 2.4067
[1m180/183[0m [32m===================[0m[37m=[0m [1m0s[0m 239ms/step - accuracy: 0.3398 - loss: 2.4062
[1m181/183[0m [32m===================[0m[37m=[0m [1m0s[0m 238ms/step - accuracy: 0.3398 - loss: 2.4061
[1m182/183[0m [32m===================[0m[37m=[0m [1m0s[0m 237ms/step - accuracy: 0.3401 - loss: 2.4059
[1m183/183[0m [32m====================[0m[37m[0m [1m45s[0m 246ms/step - accuracy: 0.3398 - loss: 2.4072 - val_accuracy: 0.1434 - val_loss: 4.0539 - learning_rate: 0.0010

held-out accuracy: 0.088  top-3: 0.220  loss: 3.960
chance baseline:   0.005
saved D:\sign-language-translator\backend\data\models\sign_lstm.keras
saved D:\sign-language-translator\backend\data\models\labels.json
